Sefaria Community Translation,558
"Mishnah, ed. Romm, Vilna 1913",311
On Your Way,292
Vilna Edition,260
Torat Emet 363,163
"Rabbi Mike Feuer, Jerusalem Anthology",144
ToratEmet,124
Wikisource Mishneh Torah,89
Torat Emet 357,75
Friedberg Edition,60
"Talmud Bavli, Vilna 1883 ed.",53
Tanach with Ta'amei Hamikra,39
Mechon Mamre Talmud Yerushalmi,39
Tanach with Nikkud,39
The Holy Scriptures: A New Translation (JPS 1917),39
Tanach with Text Only,39
Wikisource Talmud Bavli,37
Vilna edition,33
Sefaria Responsa Anthology,30
Minchat Shai,29
The Mishna with Obadiah Bartenura by Rabbi Shraga Silverstein,29
YU Torah miTzion Beit Midrash,29
Mikraot Gedolot,29
"Rabbi Dr. David Mevorach Seidenberg, from ""Kabbalah and Ecology""",26
"Gerlitz edition, published by Oraita",26
William Davidson Edition - English,26
William Davidson Edition - Aramaic,25
Open Mishnah,24
Radak on Nach,23
"Chiddushei HaRamban, Jerusalem 1928-29",22
"Talmud Bavli, Vilna, 1880.",22
"Eliyahu Munk, HaChut Hameshulash",21
OYW,18
Tosafot Rid,18
Wikisource,15
The Rashi Ketuvim by Rabbi Shraga Silverstein,13
Eighteen Treatises from the Mishna,13
Yehoyesh's Yiddish Tanakh Translation [yi],12
Vilna Ed,12
Wikisource Talmud,12
Wikisource Mikraot Gedolot,10
Pentateuch with Rashi's commentary by M. Rosenbaum and A.M. Silbermann,10
"Sefer Torat Elohim, Vilna 1879",10
Midrash Rabbah -- TE,10
Rabbi Mark Greenspan,8
Daf Shevui,7
Torat Emet 370,7
"Contemporary halakhic problems; by J. David Bleich, 1977-2005",7
"Migdal Chananel, Berlin, 1876",7
"Tur Choshen Mishpat: Vilna, 1923",6
"Sefer HaMitzvot, Warsaw 1883",6
Wikisource Shulchan Aruch,6
"Teshuvot HaRadbaz, Warsaw 1882",6
"Sefer Yetzirah, Warsaw 1884",5
"The Targum of Jonathan ben Uzziel, trans. J. W. Etheridge, London, 1862",5
Koren with Ta'amei Hamikra,5
"Yad-Hachazakah,  translated by Elias Soloweyczik; London, 1863",5
"Tur Even HaEzer, Vilna, 1923",5
Daat Zekenim translated by Rb. Eliyahu Munk,5
VBM Torah,5
Wikisource Tosafot,5
The Rashi chumash by Rabbi Shraga Silverstein,5
"Tur Orach Chaim, Vilna, 1923",5
Wikisource Rashi,5
daat zekenim,5
WikiSource Rashi,5
"Tur Yoreh Deah, Vilna, 1923",5
"Warsaw, 1868",4
WikiSource Tosafot,4
1,4
Torat Emet,4
"Seder Olam, Warsaw 1904",4
"Shadal first edition, Padua 1871",4
Torat Emet Freeware Shulchan Aruch,4
"Chidushi HaRitva, Amsterdam, 1729.",3
"En Jacob, translated by SH Glick, 1916",3
"Chovat Halevavot, Warsaw 1875",3
daat,3
"Perush al Hamesh Megillot, Konigsberg, 1860",3
Sifrei by Rabbi Shraga Silverstein,3
כתובים אחרנים - יצחק זעקיל פרענקיל,2
Malbim on Amos--Wikisource,2
the Open Siddur Project,2
Wikitext,2
The Laws of Salting Meat -- Rabbi Ari Enkin,2
"Teshuvot HaRosh, Vilna, 1885",2
"Modernized Tanakh - Based on JPS 1917, Edited by Adam Cohn",2
Ibn Ezra on Proverbs -- Daat,2
Malbim on Habakkuk--Wikisource,2
Ibn Ezra on the Pentateuch; trans. by Jay F. Shachter,2
Public Domain,2
Avraham Kahana 1937 - with ta'am added,2
unknown,2
"Sefer Yezirah, trans. by Isidor Kalisch. New York, 1877",2
"Munkatch, 1901",2
"Vilna, 1885",2
B'Mareh HaBazak Machon Eretz Hemdah,2
Eighteen Treatises from the Mishnah,2
"Vilna, 1876",2
Malbim on Joel--Wikisource,2
Malbim on Nahum--Wikisource,2
Malbim on Micah--Wikisource,2
Rabbi Mike Feuer,2
Malbim on Obadiah--Wikisource,2
Wikisource Aramaic Targum to Chronicles,2
Sefaria Edition,2
"St.Petersburg, 1883",2
Sefer Hasidim 158,2
YU Torah miTzion Beit Midras,2
Malbim on Proverbs--Wikisource,2
Malbim on Hosea--Wikisource,2
Sifra by Rabbi Shraga Silverstein,2
"Tractate Berakot by A. Cohen, Cambridge University Press, 1921",2
Warsaw 1883,2
"Jewish Quaterly Review, 1892, Solomon Schechter",2
"Shulhan Arukh, Hoshen ha-Mishpat; Lemberg, 1898",2
"The Eight Chapters of Maimonides on Ethics, by Joseph I Gorfinkle",2
Malbim on Haggai--Wikisource,2
Malbim on Malachi--Wikisource,2
Mechon Mamre,2
"Selected Paragraphs from Arfilei Tohar, trans. Yaacov Dovid Shulman",2
"Mechilta de-Rabbi Simon b. Jochai, Dr. D. Hoffman, Frankfurt 1905",2
Sefer Yetzirah The Book of Creation,2
"Avodat Yisrael; Konigsberg, c. 1860.",1
Pirkê de Rabbi Eliezer : (the chapters of Rabbi Eliezer the Great) according to the text of the manuscript belonging to Abraham Epstein of Vienna,1
Tosefta Keritot - Machon Mamre,1
Pentateuchal Targumim,1
tsel,1
רש״י על יונה ב׳:ג׳:ג׳,1
Yehudit Chapter 1,1
"Mei HaShiloach; Publication of Sifrei Izhbitza Radzin, Bnei Brak 2005.",1
סדר מעמדות,1
מסכת בכורות פרק א,1
Likutei Moharan,1
"Tanakh: The Holy Scriptures, published by JPS",1
Tiferet Yisrael on Leviticus,1
Wikipedia Hadran,1
"The Introduction to the Beit Yaakov, Translated and Annotated by Betzalel Edwards",1
Sheva Brachot,1
Tosefta Tohorot - Machon Mamre,1
"Luncz, 1901",1
"Responsa of Rav Moshe Feinstein, trans. by Moshe David Tendler; Vol. 1: Care of the Critically Ill, Hoboken, NJ: Ktav, 1996.",1
Responsa Responsa Anthology,1
A. Alexander 1787,1
Handwritten Manuscript EH 47 C 32. 1896.,1
"Vilna, 1922",1
מדרש משלי - בובר,1
Tosefta Chagigah - Machon Mamre,1
"Kitab al Khazari, translated by Hartwig Hirschfeld, 1905",1
Wikisource Shulchan Aruch - English,1
Portuguese Version,1
Magen Avraham,1
Tosefta Bava Metziah - Machon Mamre,1
Tosefta Avodah Zarah - Machon Mamre,1
La bible d'André Chouraqui,1
Tosefta Arakhin - Machon Mamre,1
OnYourWay,1
B'Mareh HaBazak Machon Eretz Hemdah -- Vol. 8,1
Rashbam on Deuteronomy -- Daat,1
Wertheimer edition,1
"Tafsir al-Torah bi-al-Arabiya, Paris, 1893",1
B'Mareh HaBazak Machon Eretz Hemdah -- Vol. 5,1
B'Mareh HaBazak Machon Eretz Hemdah -- Vol. 4,1
"Bekhor Shor, Leipzig, 1856",1
Rashi,1
Mishna Yomit,1
"Chiddushei haRitva, Warsaw 1864",1
"Rabbi Dr. H. Freedman, Soncino Press 1961",1
Yadid's Translation,1
Tosefta Shvi'it,1
"Toldot Yaakov Yosef, Korets, 1780",1
Malbim Beur Hamilot on Haggai- Wikisource,1
Tiferet Yisrael,1
"Chiddushei HaRamban, Jerusalem 1928-29.",1
Pesach Haggadah,1
"Sefat emet, Piotrków, 1905-1908",1
Venice 1545,1
Tosefta Maasrot,1
Nefesh HaChaim,1
Tosefta Nazir - Machon Mamre,1
"Petah Einayim, Livorno, 1790",1
"Bekhor Shor, HaTzofeh LeHokhmat Yisrael VIII, Budapest, 1928",1
(With paragraph breaks),1
"Bekhor Shor, HaTzofeh LeHokhmat Yisrael VIII, Budapest, 1924",1
TYT Intro to Mishna Commentary,1
B'Mareh HaBazak Machon Eretz Hemdah -- Part 3,1
"J.W. Etheridge. The Targums of Onkelos and Jonathan Ben Uzziel on the Pentateuch. London: Longmans, Green, 1862",1
Online Soncino Babylonian Talmud Translation ,1
Sefer Ha-'ikkarim,1
Tosefta Meilah,1
Likutei Moharan -- MS5,1
English,1
Hakakhah.com,1
"Leipzig :  H.L. Shnuis, 1859",1
Ben Ish Hai -- Wikisource,1
Pri Haaretz -- wikisource,1
"Midrash Tanhuma haKadum veHaYashan, S. Buber, 1885",1
"The Standard Prayer Book, tr. by Simeon Singer, [1915]",1
Etzion VBM,1
Tosefta Menahot - Machon Mamre,1
section on Bnot Zelophchad,1
"Moreh Nevuchim, Ibn Tibon Introduction",1
"Minchat Chinuch, Piotrkew, 1902",1
"Chiddushei HaRitva, Berlin, 1860.",1
Suomi Käännös [fi],1
"Minhat Kenaot, Pressburg, 1838.",1
"Guide for the Perplexed, English Translation, Friedlander (1903)",1
Tikkun HaKlali - Wikisource ,1
Ibn Ezra on Nehemiah -- Daat,1
"Orach Chaim, Vilna, 1923",1
Toronto Torah,1
מטפחת ספרים פרק ב,1
Tiferet Yisrael on Permitted Animals,1
"Torat Netanel, Modiin Illit, 2009",1
"Isur ve-heter le-Rashi, Berlin 1936",1
Tosefta Zevachim - Machon Mamre,1
Ibn Ezra on Daniel -- Daat,1
"The Midrash of Philo, by Samuel Belkin, 1989",1
"Chiddushei haRitva, Munkatch, 1908.",1
קיצור ספר חרדים רבי אלעזר אזכרי,1
Tosefta Eduyot - Machon Mamre,1
Yalkut Shimoni on Nach,1
R' Zadok -- Divrei Soferim,1
Tosefta Keilim Metsia - Machon Mamre,1
Zohar : Volume 1 : Daf 33b,1
Tosefta Ketuvot -- Machon Mamre,1
En Jacob,1
"Eighteen Treatises from the Mishna, by D. A. Sola and M. J. Raphall, [1843], at sacred-texts.com",1
just the first two halachot,1
"Igeret haSheluha meHakme veRabane haAskenazim, Amsterdam 1831",1
TRANSLATION,1
Malbim On Jonah--Wikisource,1
"Sefer Ha-ikkarim, Jewish Publication Society of America, 1929",1
פרשת בראשית,1
טופס הכתובה: ביום פלוני וכו',1
BJC - PT,1
Shechem Messilat Yesharim,1
Mishneh Torah,1
"Megillat Taanit, trans. Solomon Zeitlin",1
Or Neerav -- grimoar,1
Shadal on Torah,1
Siftei Hakhamim,1
Malbim Beur Hamilot on Hosea- Wikisource,1
"דפוס לבוב תקנ""ט מפוסק",1
Tosefta Bava Batra - Machon Mamre,1
Likutei Moharan -- MS1,1
הלכות ציצית ,1
Kohelet by Bruce Heitler,1
Rashbam on Numbers -- Daat,1
Wikisource Mishneh Torah - Hebrew,1
"Sefer haBahur, Isny 1542-Mantua, 1556.",1
"Ralbag on Melachim II, 4:21",1
"Bekhor Shor, Breslau, 1890",1
"Pirkei Avot with commentary of the Vilna Gaon, Vilna 1836",1
Onkelos Exodus,1
rashi,1
"Chizkuni, translated and annotated by Eliyahu Munk",1
דפוס לבוב תקנט מפוסק.,1
Birkat Hamazon -- Edot HaMizrach,1
"Iggeret haShabbat, KTAV Publishing House, 2009",1
Footnotes on Orot,1
Asher Meza (without commentary),1
"Darkhei Yesharim, Warsaw 1913.",1
Avi Ezer,1
"Tosafot Yom Tov Introduction to the Mishnah, trans. Moshe Hollender ",1
"Ets Avot, Lechem Shamayim; Krakow, 1883.",1
"Sefer Ha-Tashbetz, Amsterdam, 1738-174",1
Mekhilta d'Rabbi Yishmael -- Daat,1
Yadidya Greenberg's Shulchan Aruch Translation,1
Ibn Ezra on Ruth -- Daat,1
Kedushat Levi - Munkatch 1939,1
"Sefunei Tmunei Chol, B'nei Brak, 1999",1
moed katan 23a,1
"Derashot HaRan, by Rabbi Shraga Silverstein",1
Tosefta Ohalot - Machon Mamre,1
Targum Jonathan on Numbers,1
Deutsche Torah Übersetzung - William Grayson - 2017 (zur freien Verwendung),1
Ibn Ezra on Amos -- Daat,1
Chizkuni,1
Malbim on Proverbs- Wikisource,1
Chidushei HaRashba. Warsaw 1883.,1
"Minchat Chinuch, Vilna, 1923.",1
"Or Neerav, Furth 1701.",1
"Noda Bi-Yehudah Part II; Warsaw,1880",1
"Times of London, 1840",1
Tosefta Shabbat 16:17,1
Messillat Yesharim,1
"Tur on the Torah, trans. Eliyahu Munk",1
archive.org,1
" Midrash Rabbah - Bereshit (Lviv, 1874)",1
Likutei Halachot,1
Tosefta Yevamot -- Machon Mamre,1
Tosefta Kilayim,1
pending,1
eu5 text,1
"Pri Haaretz, Kopyst 1814",1
"The Holy Scriptures, published by JPS -- Chapter 137",1
Ibn Ezra on Obadiah -- Daat,1
"Mahberet Menahem, London, 1854.",1
"Moses Cordovero's Introduction to Kabbalah, Annotated trans. of Or ne'erav, Ira Robinson, 1994.",1
Zohar Ruth - Midrash HaNe'elam,1
Netzach Yisrael,1
מדרש רבה  מדרש ארץ ישראלי לפי פרשיות השבוע,1
"Derech Chaim, Maharal",1
Malbim on Nahum- Wikisource,1
"Melamed LeHoil Part II, Frankfurt, 1927",1
Halakhah.com,1
sefer HaChinukh -- Torat Emet,1
El Pentateuco Con El Comentario de Rabí Shelomó Itzjakí (Rashí),1
"Yoreh Deah, Vilna, 1923",1
Tosefta Gittin - Machon Mamre,1
Onkelos Numbers,1
Tosefta Orlah,1
הקדמה לספר הזוהר,1
Malbim Beur Hamilot on Joel- Wikisource,1
Midrash Tanchuma -- Torat Emet,1
"Warsaw, 1874",1
"Sefer Hayashar, trans. Seymour J. Cohen. 1973.",1
Daat Vayikra Rabbah,1
Tosefta Rosh Hashanah  -- Machon Mamre,1
Ibn Ezra on Ezra -- Daat,1
Onkelos Genesis,1
Tosefta Chullin - Machon Mamre,1
Tosefta Shevuot - Machon Mamre,1
Ibn Ezra on Lamentations -- Wikitext,1
Malbim on Habakkuk- Wikisource,1
Likutei Moharan -- MS3,1
Likutei Moharan -- MS2,1
Wikitext -- Issur V'Heter L'Rabbeinu Yerucham,1
R' Zadok -- Et HaOchel,1
Likutei Moharan -- MS6,1
JTS,1
Likutei Moharan -- MS4,1
The Vatican Manuscript of the Targum Neofiti,1
Ibn Ezra on Numbers -- Torat Emet,1
Moed Katan 14b,1
ספר דעת תבונות,1
R' Zadok -- Sichat Shedim,1
Ibn Ezra on Habakkuk -- Daata,1
Mechon-mamre Mishneh Torah,1
"Rasage on Sefer Yetzirah, Warsaw 1884",1
"Ptil Tekhelet, B'nei Brak, 1999",1
"Tur Yoreh Deah, Vilna 1923",1
Targum Jerusalem on Torah,1
Wikisource Bereshit Rabbah,1
"MaharaM of Rothenburg Responsa (Prague), Budapest, 1895",1
Ibn Ezra on Nahum -- Daat,1
"Ramban on Sefer Yetzirah, Warsaw 1884",1
"Chiddushei HaRashba, Sheva Shitot, Warsaw, 1883.",1
Shalom Alechem,1
R' Zadok -- Likutei Maamarim,1
Niddah 13a,1
"Samson H. Levey, Hebrew Union College, 1934",1
Tosefta Eruvin,1
"Teshuvot Rashi vol. I, New York, 1943",1
"Midrash Tanhuma-Yelammedenu, trans. Samuel A. Berman",1
Kovetz Ha'Aros,1
Ibn Ezra on Hosea -- Daat,1
"Orchot Tzaddikim, trans. Seymour J. Cohen, Ktav Pub House, 1982",1
Kol Bo 1547 Venice Unknown Publisher,1
"Shivchei HaBesht, first edition, Kapust 1815",1
Moed Katan 21b,1
Tosefta Keilim Batra - Machon Mamre,1
Jewish English Torah,1
Onkelos Deuteronomy,1
"Hamisha Shitot, Sulzbach 1761.",1
"Keter Shem Tov, Zalkevo 1794-5",1
McCaul Translation,1
Malbim Beur Hamilot on Zephaniah--Wikisource,1
Hebrew books,1
Sefer HaChinukh -- Torat Emet,1
"Commentarie de Maimonide sur la Mischnah Seder Tohorot, Berlin 1889",1
Chabad translation,1
R' Zadok -- Takanat HaShavin,1
"Kobetz Teshuvot HaRambam, 1859",1
"Ein HaTekhelet, B'nei Brak, 1999",1
According to the NLI Piyyut database,1
Shmonah Kevatzim -- Wikisource,1
Soncino Talmud,1
Tosefta Nedarim - Machon Mamre,1
Likutei Halachot: Choshen Mishpat 1,1
Ibn Ezra on Micah -- Daat,1
"Moreh Nevuchim, translated by Ibn Tibon",1
Birkat Hamazon -- Sefard,1
Tosefta Kidushin - Machon Mamre,1
Tosefta Temurah - Machon Mamre,1
Tosefta Bikkurim,1
Wikisource English Shulchan Aruch,1
Pirkei Derabi Eliezer,1
Likutei Halachot: Orach Chaim 1,1
Likutei Halachot: Orach Chaim 2,1
"Leipzig, 1830, Wikisource",1
Likutei Moharan -- Wikisource,1
Darchei HaTalmud -- Wikisource,1
Mishnah with 73 commentaries,1
Redeeming Relevance,1
Suomi Käännös By Ezra Lindholm [fi],1
Yad Ramah on Bava Batra,1
רש״י על יונה ב׳:ג׳,1
The Best Guarantors,1
Tanna deBei Eliyahu Zuta,1
Tosefta Parah - Machon Mamre,1
"Even HaEzer, Vilna, 1923",1
Malbim on Zephaniah--Wikisource,1
Version of the Rashash,1
"Vienna, 1859",1
Tzava'at Harivash,1
Be'ur Eser S'firot - grimoar,1
Wikisource Ktav Yad Rashi,1
"Abudarham; MS, The British Library London England Or. 10727",1
Warsaw 1913,1
Rav Kook Digitized Texts,1
The Apocrypha Ed. Abraham Kahana,1
"Book of Jubilees, Vienna 1870, Wikisource",1
Ha'amek Davar,1
WikiSource Tosafot ,1
Likutei Moharan - rabenubook.com,1
Just a translation of the Palestinian Talmud Quoted,1
The Legends of the Jews by Louis Ginzberg [1909],1
"Sefer Hamitzvot L'Rasag, Warsaw, 1914",1
Vilna Edition ,1
Tosefta Mikvaot - Machon Mamre,1
Daf Shevuii,1
wikitext,1
English Translation by Jay Treat,1
"Chofetz Chaim, Silverstein translation",1
"Midrash Tanhuma, S. Buber Recension; trans. by John T. Townsend, 1989.",1
Tosefta Challah,1
Tosefta Yadayim -  Machon Mamre,1
"Iggerot Tzfun, Vilna 1890",1
מדרש משלי - שלמה באבער,1
דפוס לבוב תקנט,1
Shney Luchot Habrit by Rabbi Eliyahu Munk,1
RCA Ketubah Text,1
"Melamed LeHoil Part I, Frankfurt, 1926",1
Malbim Beur Hamilot on Obadiah- Wikisource,1
Shnei Luchot Habrit,1
"R. David Kimhi on the first book of Psalms, Translated by R.G. Finch, London, 1919",1
"Chicago, 1879",1
"Yakar MiPaz, 1912.",1
"Iggerot Moshe, New York, 1985",1
Likut Sifrei Stam Part 1,1
Maggid Meisharim - Torat Emet,1
Sociedade Biblica Britânica - Pt,1
Numbers 29:1 Ibn Ezra,1
Babylonian Talmud: Tractate Yebamoth ,1
The Tosefta Blog,1
Likutei Moharan Tinyana - rabenubook.com,1
R' Zadok -- Sichat Malachei HaSharet,1
"Four commentaries on Rashi. Warsaw, 1862",1
"The Sabbath epistle of Ibn Ezra, KTAV Publishing House, 2009",1
"Sefer ha-Bahur, Prague, 1789.",1
Chofetz Chaim,1
Rabbi Moses Hyamson,1
Tosefta Horayot - Machon Mamre,1
Tosefta Niddah - Machon Mamre,1
"Green, 1897",1
Ibn Ezra on Joel -- Daat,1
Targum Jonathan on Deuteronomy,1
Tosefta Shabbat,1
R' Zadok -- Ohr Zarua LaTzadik,1
Yona Newman Translation,1
The Rebellious Son – Sanhedrin 68b by Rabbi Mordechai Silverstein,1
"Seder HaChachamim. Oxford, 1888",1
"Section on Charity, trans. Louis Feinberg; N.Y. School of Philanthropy, 1915",1
Daat Devarim Rabbah,1
"Teshuvot HaGeonim, Coronel 1871",1
Tsel Midrash Tanchuma,1
R' Zadok -- Machshavot Charutz,1
Daat Bereshit Rabbah,1
 Harav Kook- leNevuchai Hazeman ,1
Ha-Siddur Ha-Shalem (1949),1
Daat Shemot Rabbah,1
Tosefta Megillah - Machon Mamre,1
Akeydat Yitzchak by Eliyahu Munk,1
Daat Siddur Ashkenaz,1
Tosefta Sukkah,1
Tosefta Makkot - Machon Mamre,1
"Bekhor Shor, Breslau, 1900",1
"Yad Ramah Sanhedrin, Warsaw 1895 ed.",1
"Teshuvot HaGeonim, Nathan Coronel, 1871",1
"Duties of the Heart, trans. Rabbi Yosef Sebag",1
Tosefta Maaser Sheini,1
"Sheʾelot u-teshuvot Min ha-shamayim, Königsberg, 1858.",1
Chesed le-Avraham -- grimoar,1
Tosefta Makhshirin - Machon Mamre,1
Wikisource Kitzur Shulchan Aruch - Menukad,1
 סימן ב [דין שחיטת כותי ושחיטת רשע ובו כ׳׳א סעיפים].,1
Bologna,1
Tikkun HaKlali - rabenubook,1
Zohar Chadash,1
"Divrei Emet, Zalkowa 1801",1
Wikisource Sefer HaBahir,1
Teshuvot haRambam Vol 2,1
Likutei Halachot: Yoreh Deah 2,1
"Mishnah Yomit, Joshua Kulp",1
Likutei Halachot: Yoreh Deah 1,1
"Conservative Yeshiva, Rabbi Mordechai Silverstein",1
Midbar Shur,1
Torat Emet Sefer HaBahir,1
Sefer Etz Chaim,1
Ibn Ezra on Job -- Daat,1
Sforno on Deuteronomy -- Daat,1
Soncino,1
R' Zadok -- Dover Tzedek,1
Midbar Shur -- Wikisource ,1
Shev Shmatta,1
Malbim on Haggai- Wikisource,1
Rodkinson Talmud,1
Tosefta Zavim - Machon Mamre,1
Shadal 1st Edition,1
Ibn Ezra on Genesis -- Torat Emet,1
"The Babylonian Talmud in Selection, by Leo Auerbach",1
Hadar Egalitarianism Tshuva,1
"Ibn Ezra on Isaiah, by M. Friedlander; Society of Hebrew Literature, London 1877",1
"Shaarei Orah, grimoar",1
Brit Mila Additions ,1
Ibn Ezra on Haggai -- Daat,1
Classic translation,1
"Magen Avot, Leipzig 1855",1
"Yakar MiPaz, Lvov 1874",1
Tanya - Otsar HaChasidim Lubavitch,1
Malbim Beur Hamilot on Habakkuk- Wikisource,1
"Midrash Rabbah - Bereshit (Lviv, 1874)",1
"Keset HaSofer, trans. Jen Taylor Friedman",1
Ibn Ezra on Jonah -- Daat,1
Tosefta - Machon Mamre,1
Malbim Beur Hamilot on Nahum- Wikisource,1
Tikkunei Zohar,1
Halakhah.com PDF,1
Likutei Moharan - Or HaGanuz,1
Likutei Halachot: Even HaEzer 1,1
"Pirkei Avot, Berlin, 1848",1
Likutei Halachot: Even HaEzer 2,1
"Targum Onkelos, Leviticus 19:18",1
מבוססים על המחזור של קורן בהגהותיו ובביאוריו של דניאל גולדשמידט ,1
Translation v.1,1
"Shaar HaEmunah Ve'Yesod HaChassidut, 1996.",1
Translated by gabrielle chasine ⋄ Edited by Michael Senter,1
"Yesod Mora; Hokhmat Yisra'el, Jerusalem 1931",1
R' Zadok -- Kometz HaMincha,1
"Abudarham; Lisbon, 1489.",1
Daat,1
Tosefta Terumot,1
Malbim on Jonah--Wikisource,1
"Presburg : A. Schmid, 1842",1
Torat Emet Zohar,1
"Torah Commentary of Yitzchak Abarbanel, Warsaw 1862",1
Book of Legends version,1
"Sefer Hamitzvot L'Rasag, Warsaw, 1914 -- vol. 2",1
"Sefer Hamitzvot L'Rasag, Warsaw, 1914 -- vol. 3",1
"Sefer Hamitzvot L'Rasag, Warsaw, 1914 -- vol. 1",1
Rashbam on Torah -- Daat,1
"S.H. Glick. En Jacob: Agada of the Babylonian Talmud. New York, 1916-1921 (English)",1
Malbim on Amos- Wikisource,1
Tosefta Sanhedrin - Machon Mamre,1
אור יאיר - דרוש לסוכות,1
Shaarei Kedusha,1
"Chatam Sofer Part I, New York, 1958",1
Translated by Jay Dinovitser,1
Tosefta Keilim Kamma - Machon Mamre,1
Tosefta Shekalim,1
Shita Mekubetzet on Ketubot,1
Mekhilta -- Wikisource,1
v1,1
"Chovat Halevavot, Amsterdam 1768.",1
Corrected Rashi (English) ,1
"Mendes, London, 1862",1
Targum Jonathan on Leviticus,1
Malbim Beur Hamilot on Proverbs- Wikisource,1
R' Zadok -- Resisei Layla,1
Tosefta Makkot,1
עקידת יצחק,1
halachaed,1
Rav Kook public files,1
Siddur Sim Shalom,1
Tosefta online,1
"Mechilta, translated by Rabbi Shraga Silverstein",1
MY / OYW,1
"Choshen Mishpat, Vilna, 1923",1
"Orchot Chayim, trans. Reuven Brauner, 2014",1
R' Zadok -- Yisrael Kedoshim,1
Targum Jonathan on Exodus,1
Igeret Teiman,1
Tosefta Negaim - Machon Mamre,1
Redeeming Relevance -- Numbers 1 ,1
Malbim on Micah- Wikisource,1
Kitzur Shulkhan Aruch Yalkut Yosef - Torat Emet 357,1
Rashi on Genesis: Chater 7: Verse 1 Suomi [FI] by Ezra Lindholm,1
Tosefta Pesachim,1
Contemporary Version ,1
"Emunot we-Deot; Leipzig, 1864.",1
Malbim on Obadiah- Wikisource,1
Hidushe ha-Ritba al Nidah; Wien 1868.,1
Wikisource (with changes),1
Original version,1
" Noam Elimelech, Lvov, 1788.",1
"London ""Chaldee Paraphrase,"" 1871",1
R' Zadok -- Divrei Chalomot,1
Wikisource Mishna,1
"Chiddushei haRitva, Lemberg 1861",1
Path of the Just. Trans. Rabbi Yosef Sebag,1
Malbim on Joel- Wikisource,1
Ibn Ezra on Malachi -- Daat,1
"Ben Ish Chai; Jerusalem, 1898",1
"ספר דעת תבונות - לרמח""ל",1
"Chovat Halevavot, Warsaw 1875.",1
"Duties of the Heart, translated by Edwin Collins, 1909",1
"Beit Aharon, Brody, 1875.",1
תורת האלהים,1
"Torah Commentary by Rabbi Bachya ben Asher, trans. Eliyahu Munk, 1998.",1
שער הגמול - רמב''ן,1
"Torat Moshe; Warsaw, 1875",1
Sforno on Leviticus -- Da'at,1
"Chavot Yair, Lemberg, 1896",1
מטפחת ספרים,1
Warsaw 1861,1
Da'at,1
Wiki Translation,1
Test [ru],1
Kitzur.net,1
"Sifrei Devarim, Hebrew",1
Daat Bemidbar Rabbah,1
Be'er Mayim Chaim on Chofetz Chaim,1
The Saying of the Jewish Fathers: Gorfinkle 1913,1
En Jacob (Rabbi S.H. Glick),1
Yaarot Devash -- OYW,1
"Maggid Devarav leYa'akov, Koretz, 1781",1
Ibn Ezra on Psalms -- Daat,1
"Berakhah Meshuleshet, Warsaw, 1863.",1
"SUKKAH, MISHNA AND TOSEFTA WITH INTRODUCTION, TRANSLATION AND SHORT NOTES",1
Ibn Ezra on Haggai,1
Tosefta Online,1
Tosefta Bava Kamma - Machon Mamre,1
Malbim on Ruth- Wikisource,1
Laws of Salting Meat -- Rabbi Ari Enkin,1
Version of the Gemara,1
Shita Mekubetzet,1
"Perush al ha-Torah, Hanover, 1838",1
Rav Yona Reiss's version,1
Malbim on Ruth--Wikisource,1
Traduction française sous la direction du Grand-Rabbin Zadoc Kahn,1
Orchot Chaim -- TE,1
Onkelos Leviticus,1
"Duties of the Heart, trans. by Rabbi Moses Hyamson, New York, 1925",1
Birkat Hamazon -- Ashkenaz,1
Malbim on Jonah- Wikisource,1
Found online,1
Yalkut Shimoni on Torah,1
Redeeming Relevance -- Exodus,1
Tosefta Sota - Machon Mamre,1
Assarah Perakim -- Torat Emet,1
Tosefta Pei'ah - Machon Mamre,1
"Ibn Ezra's Commentary on the Book of Esther, London, 1850.",1
Tosefta Ta'anit -- Machon Mamre,1
Come and Hear,1
Ma'amar al Yishmael,1
Pardes Rimonim,1
"Kodshei David, Livorno, 1792.",1
Penei David -- Torat Emet,1
paragraph 1,1
Iggeret Teiman,1
"Treasures Hidden in the Sand, Trans. Menachem Kalish and David Herzberg",1
"Orian Tlita'i, Salonika, 1758.",1
Minchat Shai on Torah,1
"Teshuva Me-Ahava, Part I, Prague, 1809",1
"Kol Dodi Dofek, Joseph B. Soloveitchik, translated by David Z. Gordon, 2006",1
Kaufmann A 50,1
"Bernard Drachman translation, 1899",1
Likutei Halachot: Choshen Mishpat 2,1
Ein Ayah Wikitext,1
Redeeming Relevance -- Numbers ,1
Jewish Approach to Abortion ,1
Noda BeYehuda Warsaw 1880,1
OYW (segmentation according to Warsaw 1880),1
"Tzidkat HaTzadick, Lublin, 1913",1
Goldshmidt with ms emendation,1
Birnbaum 1949,1
"Riga, 1927",1
Aruch HaShulchan : Chelek 218 : Siman 1,1
Ibn Ezra on Habakkuk -- Daat,1
Pri Etz Chaim,1
"Targum Jerusalem, trans. J. W. Etheridge, London, 1862",1
Ibn Ezra on Zecharia -- Daat,1
Tosefta B'rachot,1
Haggadah Shaliehsaboo Edition,1
Ibn Ezra on Zephaniah -- Daat,1
R' Zadok -- Poked Akarim,1
"Midrash Rabbeinu Bachya [ben Asher]. Warsaw, 1878",1
Sefaria translation,1
"Ohev Yisrael, Zhitomir, 1863.",1
Sefer HaKana,1
Tosefta Yoma,1
אשת,1
Iggeret HaGra -- Wikisource,1
"תרגום מיוונית יצחק זעקיל פרענקיל  ווארשא 1885, אתר דעת",1
"Otzar Midrashim, New York, 1915",1
Orot HaKodesh -- Wikitext,1
Rodkinson,1
"Teshuvot HaRosh, Venice, 1607",1
"Chiddushei HaRitva, Konigsberg, 1858.",1
Tosefta Moed Katan - Machon Mamre,1
"Commentary of Ibn Ezra on Isaiah; trans. by M. Friedlander, 1873",1
Ohr Chadash,1
"Laws of Kings and Wars. trans. Reuven Brauner, 2012",1
Mechon Mamre Mishneh Torah,1
Ibn Ezra on Exodus -- Torah Emet,1
Introduction,1
Footnotes to Kohelet by Bruce Heitler,1
Warsaw 1882,1
Tosefta Tevul Yom - Machon Mamre,1
Targum Jonathan on Genesis,1
"Daf ShevuiRava disagrees. Shimon accepted responsibility that he would pay back Reuven if someone made a claim against Shimon and based on that claim, distrained the property from Reuven. But Shimon did not mean to accept responsibility if someone wanted to claim a debt from Reuven himself! After all, Reuven should not benefit from the guarantee that Shimon gave him—it is merely a protection so that he does not lose out. Therefore, Shimon need not pay back Reuven.",1
Malbim Beur Hamilot on Amos- Wikisource,1
Tosefta Bekhorot - Machon Mamre,1
Siddur Sefas Yisroel- Kabbolas Shabbos,1
Malbim Beur Hamilot on Micah- Wikisource,1
Kedushat Levi translated by Rb. Eliyahu Munk,1
"Yad-Hachazakah, translated by Elias Soloweyczik; London, 1863",1
"D. Levi, New York, 1837",1
"S.H. Glick. En Jacob: Agada of the Babylonian Talmud. New York, 1916-1921",1
"Pardes Rimonim, Koretz, 1780.",1
Version Title 1,1
Tosefta Uktsin - Machon Mamre,1
"The Targum to Canticles according to six Yemen MSS, Raphael Hai Melamed, 1921",1
"תרגום מיוונית יצחק זעקיל פרענקיל,  ווארשא  1885, אתר דעת ",1
Tosefta Dem'ai,1
Judaica Press,1
wikisource,1
"Bekhor Shor, Breslau, 1914",1
Rashbam on Leviticus - Daat,1
Biur Halacha,1
Birkat Hamazon -- Ari,1
Mekhilta -- Da'at ,1
Malbim on Zechariah--Wikisource,1
HeWiki,1
