he,en,start,end
הלכות הנהגת האדם בבוקר,Laws Upon Awakening in the Morning,1,7
הלכות ציצית,Laws of Tzitzit,8,24
הלכות תפילין,Laws of Tefillin,25,46
הלכות ברכות השחר ושאר ברכות,Laws of Morning Blessings,47,57
הלכות קריאת שמע,Laws of Reciting Shema,58,88
הלכות תפילה,Laws of Prayer,89,127
הלכות נשיאת כפים,Laws of the Priestly Blessing,128,135
הלכות קריאת התורה,Laws of Reading the Torah,136,149
הלכות בית הכנסת,Laws of the Synagogue,150,156
הלכות נטילת ידים,Laws of Washing One's Hands for a Meal,157,165
הלכות סעודה,Laws of the Meal,166,201
הלכות ברכת הפירות,Laws of Blessings on Fruit,202,214
הלכות שאר ברכות,Laws of Other Blessings,215,241
הלכות שבת,Laws of Shabbat,242,344
הלכות ערובין,Laws of Eruvin,345,395
הלכות תחומין,Laws of Techumin,396,407
הלכות עירובי תחומין,Laws of Eruv Techumin,408,416
הלכות ראש חודש,Laws of Rosh Chodesh,417,428
הלכות פסח,Laws of Passover,429,494
הלכות יום טוב,Laws of the Festivals,495,529
הלכות חול המועד,Laws of Chol HaMoed,530,548
הלכות תשעה באב,Laws of the Ninth of Av,549,561
הלכות תענית,Laws of Fast Days,562,580
הלכות ראש השנה,Laws of Rosh Hashanah,581,603
הלכות יום הכיפורים,Laws of Yom Kippur,604,624
הלכות סוכה,Laws of Sukkot,625,644
הלכות לולב,Laws of the Four Species,645,669
הלכות חנוכה,Laws of Chanukah,670,685
הלכות מגילה,Laws of Purim,686,697