"Shney Luchot HaBrit, Author's Introduction","Shenei Luchot HaBerit, Torah Shebikhtav, Introduction"
"Shney Luchot HaBrit, Chukat, Torah Ohr","Shenei Luchot HaBerit, Torah Shebikhtav, Chukat, Torah Ohr"
"Shney Luchot HaBrit, Vayeshev, Miketz, Vayigash, Torah Ohr","Shenei Luchot HaBerit, Torah Shebikhtav, Vayeshev, Miketz, Vayigash, Torah Ohr"
"Shney Luchot HaBrit, Balak, Torah Ohr","Shenei Luchot HaBerit, Torah Shebikhtav, Balak, Torah Ohr"
"Shney Luchot HaBrit, Toldot, Torah Ohr","Shenei Luchot HaBerit, Torah Shebikhtav, Toldot, Torah Ohr"
"Shney Luchot HaBrit, Chayei Sara, Torah Ohr","Shenei Luchot HaBerit, Torah Shebikhtav, Chayei Sara, Torah Ohr"
"Shney Luchot HaBrit, Re'eh, Derech Chaim Tochachot Musar","Shenei Luchot HaBerit, Torah Shebikhtav, Re'eh, Derekh Chayim"
"Shney Luchot HaBrit, Shmini, Torah Ohr","Shenei Luchot HaBerit, Torah Shebikhtav, Sefer Vayikra, Torah Ohr, Shmini"
"Shney Luchot HaBrit, Shoftim, Derech Chaim Tochachot Musar","Shenei Luchot HaBerit, Torah Shebikhtav, Shoftim, Derekh Chayim"
"Shney Luchot HaBrit, Shemot, Introduction","Shenei Luchot HaBerit, Torah Shebikhtav, Shemot, Introduction"
"Shney Luchot HaBrit, Bo, Torah Ohr","Shenei Luchot HaBerit, Torah Shebikhtav, Bo, Torah Ohr"
"Shney Luchot HaBrit, Mishpatim, Torah Ohr","Shenei Luchot HaBerit, Torah Shebikhtav, Mishpatim, Torah Ohr"
"Shney Luchot HaBrit, Vayishlach, Torah Ohr","Shenei Luchot HaBerit, Torah Shebikhtav, Vayishlach, Torah Ohr"
"Shney Luchot HaBrit, Eikev, Torah Ohr","Shenei Luchot HaBerit, Torah Shebikhtav, Eikev, Torah Ohr"
"Shney Luchot HaBrit, Vayetzei, Torah Ohr","Shenei Luchot HaBerit, Torah Shebikhtav, Vayetzei, Torah Ohr"
"Shney Luchot HaBrit, Devarim, Torah Ohr","Shenei Luchot HaBerit, Torah Shebikhtav, Matot, Masei, Devarim, Torah Ohr"
"Shney Luchot HaBrit, Bamidbar, Derech Chaim Tochachot Musar","Shenei Luchot HaBerit, Torah Shebikhtav, Bamidbar, Nasso, Beha'alotcha, Derekh Chayim, Bamidbar"
"Shney Luchot HaBrit, Bamidbar, Torah Ohr","Shenei Luchot HaBerit, Torah Shebikhtav, Bamidbar, Nasso, Beha'alotcha, Torah Ohr, Bamidbar"
"Shney Luchot HaBrit, Kedoshim, Torah Ohr","Shenei Luchot HaBerit, Torah Shebikhtav, Sefer Vayikra, Torah Ohr, Kedoshim"
"Shney Luchot HaBrit, Terumah, Torah Ohr","Shenei Luchot HaBerit, Torah Shebikhtav, Terumah, Torah Ohr"
"Shney Luchot HaBrit, Vayera, Torah Ohr","Shenei Luchot HaBerit, Torah Shebikhtav, Vayera, Torah Ohr"
"Shney Luchot HaBrit, Bereshit, Torah Ohr","Shenei Luchot HaBerit, Torah Shebikhtav, Bereshit, Torah Ohr"
"Shney Luchot HaBrit, Beshalach, Derech Chaim Tochachot Musar","Shenei Luchot HaBerit, Torah Shebikhtav, Beshalach, Derekh Chayim"
"Shney Luchot HaBrit, Tetzaveh, Torah Ohr","Shenei Luchot HaBerit, Torah Shebikhtav, Tetzaveh, Torah Ohr"
"Shney Luchot HaBrit, Noach, Torah Ohr","Shenei Luchot HaBerit, Torah Shebikhtav, Noach, Torah Ohr"
"Shney Luchot HaBrit, Sh'lach, Torah Ohr","Shenei Luchot HaBerit, Torah Shebikhtav, Sh'lach, Torah Ohr"
"Shney Luchot HaBrit, Beha'alotcha, Derech Chaim Tochachot Musar","Shenei Luchot HaBerit, Torah Shebikhtav, Bamidbar, Nasso, Beha'alotcha, Derekh Chayim, Beha'alotcha"
"Shney Luchot HaBrit, Vayikra, Torah Ohr","Shenei Luchot HaBerit, Torah Shebikhtav, Sefer Vayikra, Torah Ohr, Vayikra"
"Shney Luchot HaBrit, Beha'alotcha, Torah Ohr","Shenei Luchot HaBerit, Torah Shebikhtav, Bamidbar, Nasso, Beha'alotcha, Torah Ohr, Beha'alotcha"
"Shney Luchot HaBrit, Bereshit, Derech Chaim Tochachot Musar","Shenei Luchot HaBerit, Torah Shebikhtav, Bereshit, Derekh Chayim"
"Shney Luchot HaBrit, Ki Tisa, Torah Ohr","Shenei Luchot HaBerit, Torah Shebikhtav, Ki Tisa, Torah Ohr"
"Shney Luchot HaBrit, Korach, Torah Ohr","Shenei Luchot HaBerit, Torah Shebikhtav, Korach, Torah Ohr"
"Shney Luchot HaBrit, Bereshit, Ner Mitzvah","Shenei Luchot HaBerit, Torah Shebikhtav, Bereshit, Ner Mitzvah"
"Shney Luchot HaBrit, Vaetchanan, Torah Ohr","Shenei Luchot HaBerit, Torah Shebikhtav, Vaetchanan, Torah Ohr"
"Shney Luchot HaBrit, Noach, Derech Chaim Tochachot Musar","Shenei Luchot HaBerit, Torah Shebikhtav, Noach, Derekh Chayim"
"Shney Luchot HaBrit, Vayikra, Introduction","Shenei Luchot HaBerit, Torah Shebikhtav, Sefer Vayikra, Introduction"
"Shney Luchot HaBrit, Pinchas, Torah Ohr","Shenei Luchot HaBerit, Torah Shebikhtav, Pinchas, Torah Ohr"
"Shney Luchot HaBrit, V'Zot HaBerachah, Derech Chaim Tochachot Musar","Shenei Luchot HaBerit, Torah Shebikhtav, V'Zot HaBerachah, Derekh Chayim"
"Shney Luchot HaBrit, Ki Teitzei, Torah Ohr","Shenei Luchot HaBerit, Torah Shebikhtav, Ki Teitzei, Torah Ohr"
"Shney Luchot HaBrit, Vayakhel, Pekudei, Torah Ohr","Shenei Luchot HaBerit, Torah Shebikhtav, Vayakhel, Pekudei, Torah Ohr"
"Shney Luchot HaBrit, Vayechi, Torah Ohr","Shenei Luchot HaBerit, Torah Shebikhtav, Vayechi, Torah Ohr"
"Shney Luchot HaBrit, Vaetchanan, Derech Chaim Tochachot Musar","Shenei Luchot HaBerit, Torah Shebikhtav, Vaetchanan, Derekh Chayim"
"Shney Luchot HaBrit, Vayakhel, Pekudei, Derech Chaim Tochachot Musar","Shenei Luchot HaBerit, Torah Shebikhtav, Vayakhel, Pekudei, Derekh Chayim"
"Shney Luchot HaBrit, Ki Tisa, Derech Chaim Tochachot Musar","Shenei Luchot HaBerit, Torah Shebikhtav, Ki Tisa, Derekh Chayim"
"Shney Luchot HaBrit, Yitro, Torah Ohr","Shenei Luchot HaBerit, Torah Shebikhtav, Yitro, Torah Ohr"
"Shney Luchot HaBrit, Nasso, Torah Ohr","Shenei Luchot HaBerit, Torah Shebikhtav, Bamidbar, Nasso, Beha'alotcha, Torah Ohr, Nasso"
"Shney Luchot HaBrit, Beshalach, Torah Ohr","Shenei Luchot HaBerit, Torah Shebikhtav, Beshalach, Torah Ohr"
"Shney Luchot HaBrit, Ki Tavo, Torah Ohr","Shenei Luchot HaBerit, Torah Shebikhtav, Ki Tavo, Torah Ohr"
"Shney Luchot HaBrit, Vayeshev, Miketz, Vayigash, Derech Chaim Tochachot Musar","Shenei Luchot HaBerit, Torah Shebikhtav, Vayeshev, Miketz, Vayigash, Derekh Chayim, Vayeshev"
"Shney Luchot HaBrit, Vayetzei, Derech Chaim Tochachot Musar","Shenei Luchot HaBerit, Torah Shebikhtav, Vayetzei, Derekh Chayim"
"Shney Luchot HaBrit, Bo, Derech Chaim Tochachot Musar","Shenei Luchot HaBerit, Torah Shebikhtav, Bo, Derekh Chayim"
"Shney Luchot HaBrit, Chayei Sara, Derech Chaim Tochachot Musar","Shenei Luchot HaBerit, Torah Shebikhtav, Chayei Sara, Derekh Chayim"
"Shney Luchot HaBrit, Devarim, Derech Chaim Tochachot Musar","Shenei Luchot HaBerit, Torah Shebikhtav, Matot, Masei, Devarim, Derekh Chayim"
"Shney Luchot HaBrit, Devarim, Ner Mitzvah","Shenei Luchot HaBerit, Torah Shebikhtav, Matot, Masei, Devarim, Ner Mitzvah"
"Shney Luchot HaBrit, Kedoshim, Derech Chaim Tochachot Musar","Shenei Luchot HaBerit, Torah Shebikhtav, Sefer Vayikra, Derekh Chayim, Kedoshim"
"Shney Luchot HaBrit, Vaetchanan, Ner Mitzvah","Shenei Luchot HaBerit, Torah Shebikhtav, Vaetchanan, Ner Mitzvah"
"Shney Luchot HaBrit, Vaera, Torah Ohr","Shenei Luchot HaBerit, Torah Shebikhtav, Vaera, Torah Ohr"
"Shney Luchot HaBrit, Ki Teitzei, Derech Chaim Tochachot Musar","Shenei Luchot HaBerit, Torah Shebikhtav, Ki Teitzei, Derekh Chayim"
"Shney Luchot HaBrit, Ki Teitzei, Ner Mitzvah","Shenei Luchot HaBerit, Torah Shebikhtav, Ki Teitzei, Ner Mitzvah"
"Shney Luchot HaBrit, Masei, Torah Ohr","Shenei Luchot HaBerit, Torah Shebikhtav, Matot, Masei, Devarim, Torah Ohr"
"Shney Luchot HaBrit, Korach, Derech Chaim Tochachot Musar","Shenei Luchot HaBerit, Torah Shebikhtav, Korach, Derekh Chayim"
"Shney Luchot HaBrit, Lech Lecha, Torah Ohr","Shenei Luchot HaBerit, Torah Shebikhtav, Lech Lecha, Torah Ohr"
"Shney Luchot HaBrit, Mishpatim, Derech Chaim Tochachot Musar","Shenei Luchot HaBerit, Torah Shebikhtav, Mishpatim, Derekh Chayim"
"Shney Luchot HaBrit, Mishpatim, Ner Mitzvah","Shenei Luchot HaBerit, Torah Shebikhtav, Mishpatim, Ner Mitzvah"
"Shney Luchot HaBrit, Nasso, Derech Chaim Tochachot Musar","Shenei Luchot HaBerit, Torah Shebikhtav, Bamidbar, Nasso, Beha'alotcha, Derekh Chayim, Nasso"
"Shney Luchot HaBrit, Nitzavim, Veyeilech, Ha'Azinu, Torah Ohr","Shenei Luchot HaBerit, Torah Shebikhtav, Nitzavim, Veyeilech, Ha'Azinu, Torah Ohr"
"Shney Luchot HaBrit, Nitzavim, Veyeilech, Ha'Azinu, Ner Mitzvah","Shenei Luchot HaBerit, Torah Shebikhtav, Nitzavim, Veyeilech, Ha'Azinu, Ner Mitzvah"
"Shney Luchot HaBrit, Re'eh, Torah Ohr","Shenei Luchot HaBerit, Torah Shebikhtav, Re'eh, Torah Ohr"
"Shney Luchot HaBrit, Shemot, Torah Ohr","Shenei Luchot HaBerit, Torah Shebikhtav, Shemot, Torah Ohr"
"Shney Luchot HaBrit, Pinchas, Derech Chaim Tochachot Musar","Shenei Luchot HaBerit, Torah Shebikhtav, Pinchas, Derekh Chayim"
"Shney Luchot HaBrit, Re'eh, Introduction","Shenei Luchot HaBerit, Torah Shebikhtav, Re'eh, Ner Mitzvah"
"Shney Luchot HaBrit, Terumah, Ner Mitzvah","Shenei Luchot HaBerit, Torah Shebikhtav, Terumah, Ner Mitzvah"
"Shney Luchot HaBrit, Shemot, Derech Chaim Tochachot Musar","Shenei Luchot HaBerit, Torah Shebikhtav, Shemot, Derekh Chayim"
"Shney Luchot HaBrit, Vayechi, Derech Chaim Tochachot Musar","Shenei Luchot HaBerit, Torah Shebikhtav, Vayechi, Derekh Chayim"
"Shney Luchot HaBrit, Shoftim, Torah Ohr","Shenei Luchot HaBerit, Torah Shebikhtav, Shoftim, Torah Ohr"
"Shney Luchot HaBrit, Tazria, Metzora, Derech Chaim Tochachot Musar","Shenei Luchot HaBerit, Torah Shebikhtav, Sefer Vayikra, Derekh Chayim, Tazria, Metzora"
"Shney Luchot HaBrit, Tetzaveh, Derech Chaim Tochachot Musar","Shenei Luchot HaBerit, Torah Shebikhtav, Tetzaveh, Derekh Chayim"
"Shney Luchot HaBrit, Toldot, Derech Chaim Tochachot Musar","Shenei Luchot HaBerit, Torah Shebikhtav, Toldot, Derekh Chayim"
"Shney Luchot HaBrit, Toldot, Ner Mitzvah","Shenei Luchot HaBerit, Torah Shebikhtav, Toldot, Ner Mitzvah"
"Shney Luchot HaBrit, V'Zot HaBerachah, Torah Ohr","Shenei Luchot HaBerit, Torah Shebikhtav, V'Zot HaBerachah, Torah Ohr"
"Shney Luchot HaBrit, Vaera, Derech Chaim Tochachot Musar","Shenei Luchot HaBerit, Torah Shebikhtav, Vaera, Derekh Chayim"
"Shney Luchot HaBrit, Vayera, Ner Mitzvah","Shenei Luchot HaBerit, Torah Shebikhtav, Vayera, Ner Mitzvah"
"Shney Luchot HaBrit, Vayeshev, Miketz, Vayigash, Ner Mitzvah","Shenei Luchot HaBerit, Torah Shebikhtav, Vayeshev, Miketz, Vayigash, Ner Mitzvah"
"Shelah, Author's Introduction","Shenei Luchot HaBerit, Torah Shebikhtav, Introduction"
"Shelah, Vayera, Torah Ohr","Shenei Luchot HaBerit, Torah Shebikhtav, Vayera, Torah Ohr"
"Shelah, Toldot, Torah Ohr","Shenei Luchot HaBerit, Torah Shebikhtav, Toldot, Torah Ohr"
"Shelah, Vayikra, Torah Ohr","Shenei Luchot HaBerit, Torah Shebikhtav, Sefer Vayikra, Torah Ohr, Vayikra"
"Shelah, V'Zot HaBerachah, Derech Chaim Tochachot Musar","Shenei Luchot HaBerit, Torah Shebikhtav, V'Zot HaBerachah, Derekh Chayim"
"Shelah, Bereshit, Derech Chaim Tochachot Musar","Shenei Luchot HaBerit, Torah Shebikhtav, Bereshit, Derekh Chayim"
"Shelah, Pinchas, Torah Ohr","Shenei Luchot HaBerit, Torah Shebikhtav, Pinchas, Torah Ohr"
"Shelah, Balak, Torah Ohr","Shenei Luchot HaBerit, Torah Shebikhtav, Balak, Torah Ohr"
"Shelah, Bereshit, Torah Ohr","Shenei Luchot HaBerit, Torah Shebikhtav, Bereshit, Torah Ohr"
"Shelah, Bamidbar, Torah Ohr","Shenei Luchot HaBerit, Torah Shebikhtav, Bamidbar, Nasso, Beha'alotcha, Torah Ohr, Bamidbar"
"Shelah, Nasso, Torah Ohr","Shenei Luchot HaBerit, Torah Shebikhtav, Bamidbar, Nasso, Beha'alotcha, Torah Ohr, Nasso"
"Shelah, Ki Tavo, Torah Ohr","Shenei Luchot HaBerit, Torah Shebikhtav, Ki Tavo, Torah Ohr"
"Shelah, Nitzavim, Veyeilech, Ha'Azinu, Torah Ohr","Shenei Luchot HaBerit, Torah Shebikhtav, Nitzavim, Veyeilech, Ha'Azinu, Torah Ohr"
"Shelah, Korach, Torah Ohr","Shenei Luchot HaBerit, Torah Shebikhtav, Korach, Torah Ohr"
"Shelah, Terumah, Torah Ohr","Shenei Luchot HaBerit, Torah Shebikhtav, Terumah, Torah Ohr"
"Shelah, Bo, Torah Ohr","Shenei Luchot HaBerit, Torah Shebikhtav, Bo, Torah Ohr"
"Shelah, Kedoshim, Torah Ohr","Shenei Luchot HaBerit, Torah Shebikhtav, Sefer Vayikra, Torah Ohr, Kedoshim"
"Shelah, Chayei Sara, Torah Ohr","Shenei Luchot HaBerit, Torah Shebikhtav, Chayei Sara, Torah Ohr"
"Shelah, Devarim, Torah Ohr","Shenei Luchot HaBerit, Torah Shebikhtav, Matot, Masei, Devarim, Torah Ohr"
"Shelah, Eikev, Torah Ohr","Shenei Luchot HaBerit, Torah Shebikhtav, Eikev, Torah Ohr"
"Shelah, Vaera, Torah Ohr","Shenei Luchot HaBerit, Torah Shebikhtav, Vaera, Torah Ohr"
"Shelah, Ki Teitzei, Torah Ohr","Shenei Luchot HaBerit, Torah Shebikhtav, Ki Teitzei, Torah Ohr"
"Shelah, Mishpatim, Torah Ohr","Shenei Luchot HaBerit, Torah Shebikhtav, Mishpatim, Torah Ohr"
"Shelah, Masei, Torah Ohr","Shenei Luchot HaBerit, Torah Shebikhtav, Matot, Masei, Devarim, Torah Ohr"
"Shelah, Ki Tisa, Derech Chaim Tochachot Musar","Shenei Luchot HaBerit, Torah Shebikhtav, Ki Tisa, Derekh Chayim"
"Shelah, Vayakhel, Pekudei, Torah Ohr","Shenei Luchot HaBerit, Torah Shebikhtav, Vayakhel, Pekudei, Torah Ohr"
"Shelah, Noach, Torah Ohr","Shenei Luchot HaBerit, Torah Shebikhtav, Noach, Torah Ohr"
"Shelah, Shemot, Introduction","Shenei Luchot HaBerit, Torah Shebikhtav, Shemot, Introduction"
"Shelah, Vayishlach, Derech Chaim Tochachot Musar","Shenei Luchot HaBerit, Torah Shebikhtav, Vayishlach, Derekh Chayim"
"Shelah, Yitro, Torah Ohr","Shenei Luchot HaBerit, Torah Shebikhtav, Yitro, Torah Ohr"
"Shelah, Nasso, Derech Chaim Tochachot Musar","Shenei Luchot HaBerit, Torah Shebikhtav, Bamidbar, Nasso, Beha'alotcha, Derekh Chayim, Nasso"
"Shelah, Tetzaveh, Torah Ohr","Shenei Luchot HaBerit, Torah Shebikhtav, Tetzaveh, Torah Ohr"
"Shelah, Vayikra, Derech Chaim Tochachot Musar","Shenei Luchot HaBerit, Torah Shebikhtav, Sefer Vayikra, Derekh Chayim, Vayikra"
"Shelah, Re'eh, Torah Ohr","Shenei Luchot HaBerit, Torah Shebikhtav, Re'eh, Torah Ohr"
"Shelah, Sh'lach, Torah Ohr","Shenei Luchot HaBerit, Torah Shebikhtav, Sh'lach, Torah Ohr"
"Shelah, Shemot, Torah Ohr","Shenei Luchot HaBerit, Torah Shebikhtav, Shemot, Torah Ohr"
"Shelah, Shmini, Torah Ohr","Shenei Luchot HaBerit, Torah Shebikhtav, Sefer Vayikra, Torah Ohr, Shmini"
"Shelah, Tazria, Metzora, Torah Ohr","Shenei Luchot HaBerit, Torah Shebikhtav, Sefer Vayikra, Torah Ohr, Tazria, Metzora"
"Shelah, Terumah, Derech Chaim Tochachot Musar","Shenei Luchot HaBerit, Torah Shebikhtav, Terumah, Derekh Chayim"
"Shelah, V'Zot HaBerachah, Torah Ohr","Shenei Luchot HaBerit, Torah Shebikhtav, V'Zot HaBerachah, Torah Ohr"
"Shelah, Vaetchanan, Ner Mitzvah","Shenei Luchot HaBerit, Torah Shebikhtav, Vaetchanan, Ner Mitzvah"
"Shelah, Vaetchanan, Torah Ohr","Shenei Luchot HaBerit, Torah Shebikhtav, Vaetchanan, Torah Ohr"
"Shelah, Vayechi, Torah Ohr","Shenei Luchot HaBerit, Torah Shebikhtav, Vayechi, Torah Ohr"
"Shelah, Vayeshev, Miketz, Vayigash, Torah Ohr","Shenei Luchot HaBerit, Torah Shebikhtav, Vayeshev, Miketz, Vayigash, Torah Ohr"
"Shelah, Vayetzei, Torah Ohr","Shenei Luchot HaBerit, Torah Shebikhtav, Vayetzei, Torah Ohr"
"Shelah, Yitro, Derech Chaim Tochachot Musar","Shenei Luchot HaBerit, Torah Shebikhtav, Yitro, Derekh Chayim"