"Mekhilta DeRabbi Yishmael, Tractate Pischa 6:20-21",Zevachim 36a:3
"Mekhilta DeRabbi Yishmael, Tractate Pischa 6:21-24",Temurah 4b:13
"Mekhilta DeRabbi Yishmael, Tractate Pischa 7:24-26",Mekhilta d'Rabbi Yishmael Old 12:11:1
"Mekhilta DeRabbi Yishmael, Tractate Vayehi Beshalach 2:9-10",Mekhilta d'Rabbi Yishmael Old 12:12:2
"Mekhilta DeRabbi Yishmael, Tractate Pischa 7:17-20",Sanhedrin 21a:24
"Mekhilta DeRabbi Yishmael, Tractate Pischa 9:16",Mekhilta d'Rabbi Yishmael Old 12:13:1
"Mekhilta DeRabbi Yishmael, Tractate Pischa 7:24-26",Shemot Rabbah 15:4
"Mekhilta DeRabbi Yishmael, Tractate Pischa 7:27",Pesikta Rabbati 15:1
"Mekhilta DeRabbi Yishmael, Tractate Pischa 8:1-2","Sifra, Kedoshim, Chapter 6 1"
"Mekhilta DeRabbi Yishmael, Tractate Pischa 8:4-6",Sifrei Bamidbar 114:1
"Mekhilta DeRabbi Yishmael, Tractate Pischa 9:16-10:1",Mekhilta d'Rabbi Yishmael Old 12:15:3
"Mekhilta DeRabbi Yishmael, Tractate Pischa 8:4-6","Otzar Midrashim, Maaseh Beraishit & Maaseh Merkavah, Seder Rabbah d'Beraishit d'Merkavah 3"
"Mekhilta DeRabbi Yishmael, Tractate Pischa 8:7-9",Menachot 66a:2
"Mekhilta DeRabbi Yishmael, Tractate Pischa 8:10-19",Pesachim 27b:8
"Mekhilta DeRabbi Yishmael, Tractate Pischa 8:10-19",Sanhedrin 63a:20-21
"Mekhilta DeRabbi Yishmael, Tractate Pischa 10:9",Mekhilta d'Rabbi Yishmael Old 12:15:5
"Mekhilta DeRabbi Yishmael, Tractate Pischa 8:10-19",Pesachim 95a:9
"Mekhilta DeRabbi Yishmael, Tractate Pischa 9:1-3","Sifra, Emor, Section 9 5-6"
"Mekhilta DeRabbi Yishmael, Tractate Bachodesh 7:10",Mekhilta d'Rabbi Yishmael Old 12:18:1
"Mekhilta DeRabbi Yishmael, Tractate Pischa 17:17-18",Mekhilta d'Rabbi Yishmael Old 12:19:1
"Mekhilta DeRabbi Yishmael, Tractate Pischa 10:3","Sifra, Emor, Chapter 7 11"
"Mekhilta DeRabbi Yishmael, Tractate Kaspa 1:19-21",Mekhilta d'Rabbi Yishmael Old 12:19:1
"Mekhilta DeRabbi Yishmael, Tractate Pischa 10:4","Sifra, Shemini, Section 2 10"
"Mekhilta DeRabbi Yishmael, Tractate Pischa 10:4","Sifra, Tzav, Chapter 15 7"
"Mekhilta DeRabbi Yishmael, Tractate Pischa 10:5-8",Menachot 58a:15
"Mekhilta DeRabbi Yishmael, Tractate Bachodesh 6:1-13",Mekhilta d'Rabbi Yishmael Old 12:19:3
"Mekhilta DeRabbi Yishmael, Tractate Pischa 10:9",Sifrei Bamidbar 70:1
"Mekhilta DeRabbi Yishmael, Tractate Pischa 1:1","Sifra, Vayikra Dibbura d'Nedavah, Chapter 2 4"
"Mekhilta DeRabbi Yishmael, Tractate Pischa 1:2",Shemot Rabbah 15:3-4
"Mekhilta DeRabbi Yishmael, Tractate Pischa 1:2",Sotah 44a:9
"Mekhilta DeRabbi Yishmael, Tractate Pischa 1:3-7","Otzar Midrashim, Aharon, And These are the Generations of Aharon and Moshe 6"
"Mekhilta DeRabbi Yishmael, Tractate Pischa 1:8-19",Tosefta Zevachim 13:9
"Mekhilta DeRabbi Yishmael, Tractate Amalek 4:31-36",Mekhilta d'Rabbi Yishmael Old 12:1:4
"Mekhilta DeRabbi Yishmael, Tractate Pischa 1:8-19",Tractate Kallah Rabbati 3:24
"Mekhilta DeRabbi Yishmael, Tractate Pischa 1:8-19",Tractate Derekh Eretz Zuta 1:16
"Mekhilta DeRabbi Yishmael, Tractate Pischa 10:11-15",Pesachim 36a:4
"Mekhilta DeRabbi Yishmael, Tractate Pischa 3:12-13",Mekhilta d'Rabbi Yishmael Old 12:21:2
"Mekhilta DeRabbi Yishmael, Tractate Pischa 11:5",Zevachim 11b:17
"Mekhilta DeRabbi Yishmael, Tractate Pischa 11:5",Mishnah Zevachim 1:1
"Mekhilta DeRabbi Yishmael, Tractate Pischa 11:5",Zevachim 2a:1
"Mekhilta DeRabbi Yishmael, Tractate Pischa 11:5",Menachot 4b:6
"Mekhilta DeRabbi Yishmael, Tractate Pischa 11:5",Tosefta Zevachim 1:1
"Mekhilta DeRabbi Yishmael, Tractate Pischa 11:5",Mishnah Zevachim 1:3
"Mekhilta DeRabbi Yishmael, Tractate Pischa 3:17",Mekhilta d'Rabbi Yishmael Old 12:21:2
"Mekhilta DeRabbi Yishmael, Tractate Pischa 11:5",Mishnah Yadayim 4:2
"Mekhilta DeRabbi Yishmael, Tractate Bachodesh 11:11-14",Mekhilta d'Rabbi Yishmael Old 12:22:1
"Mekhilta DeRabbi Yishmael, Tractate Pischa 11:22-23",Sifrei Bamidbar 119:5
"Mekhilta DeRabbi Yishmael, Tractate Pischa 13:1-9",Zevachim 105b:17
"Mekhilta DeRabbi Yishmael, Tractate Pischa 13:1-9",Yoma 68a:9
"Mekhilta DeRabbi Yishmael, Tractate Pischa 2:1-4",Menachot 29a:15
"Mekhilta DeRabbi Yishmael, Tractate Pischa 13:14-25",Shemot Rabbah 14:4
"Mekhilta DeRabbi Yishmael, Tractate Pischa 13:31-14:14",Shemot Rabbah 50:5
"Mekhilta DeRabbi Yishmael, Tractate Kaspa 2:20-21",Mekhilta d'Rabbi Yishmael Old 12:35:1
"Mekhilta DeRabbi Yishmael, Tractate Pischa 13:31-14:14","Otzar Midrashim, Chuppah of Eliyahu, Seven Chupot or Eliyahu's Chuppah 3"
"Mekhilta DeRabbi Yishmael, Tractate Kaspa 2:35-36",Mekhilta d'Rabbi Yishmael Old 12:35:1
"Mekhilta DeRabbi Yishmael, Tractate Pischa 15:4",Mekhilta d'Rabbi Yishmael Old 12:35:1
"Mekhilta DeRabbi Yishmael, Tractate Pischa 13:31-14:14",Pesikta Rabbati 31:1
"Mekhilta DeRabbi Yishmael, Tractate Pischa 3:1-3",Pesikta DeRav Kahanna 2:7
"Mekhilta DeRabbi Yishmael, Tractate Pischa 5:15",Mekhilta d'Rabbi Yishmael Old 12:3:5
"Mekhilta DeRabbi Yishmael, Tractate Pischa 14:15-23",Sanhedrin 99a:6
"Mekhilta DeRabbi Yishmael, Tractate Kaspa 3:22-24",Mekhilta d'Rabbi Yishmael Old 12:43:1
"Mekhilta DeRabbi Yishmael, Tractate Nezikin 14:14-15",Mekhilta d'Rabbi Yishmael Old 12:44:1
"Mekhilta DeRabbi Yishmael, Tractate Pischa 17:1",Mekhilta d'Rabbi Yishmael Old 12:44:2
"Mekhilta DeRabbi Yishmael, Tractate Kaspa 1:27-31",Mekhilta d'Rabbi Yishmael Old 12:44:2
"Mekhilta DeRabbi Yishmael, Tractate Pischa 15:5-7",Yevamot 70b:10
"Mekhilta DeRabbi Yishmael, Tractate Nezikin 8:3-19",Mekhilta d'Rabbi Yishmael Old 12:44:2
"Mekhilta DeRabbi Yishmael, Tractate Pischa 17:2",Mekhilta d'Rabbi Yishmael Old 12:44:2
"Mekhilta DeRabbi Yishmael, Tractate Pischa 15:12-13",Sifrei Bamidbar 111:1
"Mekhilta DeRabbi Yishmael, Tractate Pischa 15:14-15",Pesachim 85b:1
"Mekhilta DeRabbi Yishmael, Tractate Pischa 15:14-15",Tosefta Pesachim 6:9
"Mekhilta DeRabbi Yishmael, Tractate Pischa 17:2",Mekhilta d'Rabbi Yishmael Old 12:48:2
"Mekhilta DeRabbi Yishmael, Tractate Nezikin 8:3-19",Mekhilta d'Rabbi Yishmael Old 12:48:2
"Mekhilta DeRabbi Yishmael, Tractate Pischa 17:1",Mekhilta d'Rabbi Yishmael Old 12:48:2
"Mekhilta DeRabbi Yishmael, Tractate Kaspa 1:27-31",Mekhilta d'Rabbi Yishmael Old 12:48:2
"Mekhilta DeRabbi Yishmael, Tractate Pischa 15:25",Pesachim 3b:10
"Mekhilta DeRabbi Yishmael, Tractate Pischa 15:26-16:1",Sifrei Bamidbar 109:1-110:1
"Mekhilta DeRabbi Yishmael, Tractate Nezikin 9:5-6",Mekhilta d'Rabbi Yishmael Old 12:5:3
"Mekhilta DeRabbi Yishmael, Tractate Pischa 4:3-4",Menachot 51b:7-8
"Mekhilta DeRabbi Yishmael, Tractate Pischa 4:5-10",Pesachim 70b:6
"Mekhilta DeRabbi Yishmael, Tractate Pischa 4:5-10",Mishnah Menachot 7:6
"Mekhilta DeRabbi Yishmael, Tractate Pischa 5:1-14","Sifra, Acharei Mot, Chapter 13 17"
"Mekhilta DeRabbi Yishmael, Tractate Nezikin 5:17-19",Mekhilta d'Rabbi Yishmael Old 12:6:1
"Mekhilta DeRabbi Yishmael, Tractate Nezikin 5:6-10",Mekhilta d'Rabbi Yishmael Old 12:6:1
"Mekhilta DeRabbi Yishmael, Tractate Pischa 5:1-14",Sanhedrin 66a:11
"Mekhilta DeRabbi Yishmael, Tractate Nezikin 5:31-32",Mekhilta d'Rabbi Yishmael Old 12:6:1
"Mekhilta DeRabbi Yishmael, Tractate Pischa 5:1-14",Sanhedrin 54b:5
"Mekhilta DeRabbi Yishmael, Tractate Pischa 5:1-14",Sanhedrin 52b:23
"Mekhilta DeRabbi Yishmael, Tractate Nezikin 17:18",Mekhilta d'Rabbi Yishmael Old 12:6:1
"Mekhilta DeRabbi Yishmael, Tractate Pischa 5:1-14",Sifrei Bamidbar 111:2
"Mekhilta DeRabbi Yishmael, Tractate Shabbata 2:10-12",Mekhilta d'Rabbi Yishmael Old 12:6:3
"Mekhilta DeRabbi Yishmael, Tractate Pischa 5:20-24",Shabbat 82a:8
"Mekhilta DeRabbi Yishmael, Tractate Pischa 17:36-41",Sifrei Bamidbar 119:5
"Mekhilta DeRabbi Yishmael, Tractate Kaspa 5:17-38",Mekhilta d'Rabbi Yishmael Old 13:13:2
"Mekhilta DeRabbi Yishmael, Tractate Pischa 18:28",Menachot 34b:9
"Mekhilta DeRabbi Yishmael, Tractate Vayehi Beshalach 1:8",Shir HaShirim Rabbah 2:13:1
"Mekhilta DeRabbi Yishmael, Tractate Vayehi Beshalach 1:9",Pesikta DeRav Kahanna 11:11
"Mekhilta DeRabbi Yishmael, Tractate Vayehi Beshalach 1:9","Otzar Midrashim, Chapter of Rabbi Yoshiahu 1:3"
"Mekhilta DeRabbi Yishmael, Tractate Vayehi Beshalach 1:11",Sifrei Bamidbar 106:1
"Mekhilta DeRabbi Yishmael, Tractate Vayehi Beshalach 1:13",Pesikta DeRav Kahanna 11:11
"Mekhilta DeRabbi Yishmael, Tractate Vayehi Beshalach 1:13","Otzar Midrashim, Chapter of Rabbi Yoshiahu 1:4"
"Mekhilta DeRabbi Yishmael, Tractate Vayehi Beshalach 1:13",Sotah 13a:17
"Mekhilta DeRabbi Yishmael, Tractate Vayehi Beshalach 1:13",Mishnah Sotah 1:9
"Mekhilta DeRabbi Yishmael, Tractate Vayehi Beshalach 1:13",Tosefta Sotah 4:3
"Mekhilta DeRabbi Yishmael, Tractate Vayehi Beshalach 1:13",Shemot Rabbah 20:19
"Mekhilta DeRabbi Yishmael, Tractate Nezikin 18:1-9",Mekhilta d'Rabbi Yishmael Old 13:2:3
"Mekhilta DeRabbi Yishmael, Tractate Pischa 16:18-28",Tosefta Berakhot 2:8
"Mekhilta DeRabbi Yishmael, Tractate Pischa 16:18-28",Tosefta Berakhot 6:31
"Mekhilta DeRabbi Yishmael, Tractate Pischa 16:18-28","Otzar Midrashim, Mechilta 7"
"Mekhilta DeRabbi Yishmael, Tractate Nezikin 1:8-9",Mekhilta d'Rabbi Yishmael Old 13:4:1
"Mekhilta DeRabbi Yishmael, Tractate Nezikin 8:3-19",Mekhilta d'Rabbi Yishmael Old 13:5:1
"Mekhilta DeRabbi Yishmael, Tractate Pischa 17:3",Mekhilta d'Rabbi Yishmael Old 13:5:1
"Mekhilta DeRabbi Yishmael, Tractate Pischa 17:2",Mekhilta d'Rabbi Yishmael Old 13:5:1
"Mekhilta DeRabbi Yishmael, Tractate Kaspa 1:27-31",Mekhilta d'Rabbi Yishmael Old 13:5:1
"Mekhilta DeRabbi Yishmael, Tractate Kaspa 1:27-31",Mekhilta d'Rabbi Yishmael Old 13:5:2
"Mekhilta DeRabbi Yishmael, Tractate Pischa 17:5",Sanhedrin 63a:20-21
"Mekhilta DeRabbi Yishmael, Tractate Bachodesh 11:5-8",Mekhilta d'Rabbi Yishmael Old 13:6:2
"Mekhilta DeRabbi Yishmael, Tractate Pischa 17:7-13",Menachot 92b:18
"Mekhilta DeRabbi Yishmael, Tractate Pischa 17:23-25",Mekhilta d'Rabbi Yishmael Old 13:9:1
"Mekhilta DeRabbi Yishmael, Tractate Nezikin 5:17-19",Mekhilta d'Rabbi Yishmael Old 13:9:3
"Mekhilta DeRabbi Yishmael, Tractate Pischa 17:28",Shabbat 61a:10
"Mekhilta DeRabbi Yishmael, Tractate Pischa 17:28",Tractate Tefillin 1:12
"Mekhilta DeRabbi Yishmael, Tractate Pischa 17:28",Menachot 36a:5
"Mekhilta DeRabbi Yishmael, Tractate Pischa 17:29-30",Menachot 37b:6
"Mekhilta DeRabbi Yishmael, Tractate Pischa 17:31-32",Tractate Tefillin 1:3
"Mekhilta DeRabbi Yishmael, Tractate Pischa 17:31-32",Pesikta Rabbati 22:1
"Mekhilta DeRabbi Yishmael, Tractate Vayehi Beshalach 3:7-16",Mishnah Peah 8:9
"Mekhilta DeRabbi Yishmael, Tractate Shirah 10:12-15",Mekhilta d'Rabbi Yishmael Old 14:13:1
"Mekhilta DeRabbi Yishmael, Tractate Vayassa 6:1",Mekhilta d'Rabbi Yishmael Old 14:15:1
"Mekhilta DeRabbi Yishmael, Tractate Vayassa 3:1-3",Mekhilta d'Rabbi Yishmael Old 14:15:1
"Mekhilta DeRabbi Yishmael, Tractate Vayehi Beshalach 4:7-26",Shemot Rabbah 21:1
"Mekhilta DeRabbi Yishmael, Tractate Vayehi Beshalach 4:7-26",Pesachim 119a:4
"Mekhilta DeRabbi Yishmael, Tractate Vayehi Beshalach 5:1","Otzar Midrashim, Midrash  Vayosha ('And He Saved') 8:1"
"Mekhilta DeRabbi Yishmael, Tractate Shirah 6:18",Mekhilta d'Rabbi Yishmael Old 14:16:1
"Mekhilta DeRabbi Yishmael, Tractate Vayehi Beshalach 5:5",Pesikta Rabbati 8:1
"Mekhilta DeRabbi Yishmael, Tractate Vayehi Beshalach 5:5",Tanna Debei Eliyahu Rabbah 18:1
"Mekhilta DeRabbi Yishmael, Tractate Vayehi Beshalach 5:5","Otzar Midrashim, Perek Shirah ('Chapter of Song') 1:7-8"
"Mekhilta DeRabbi Yishmael, Tractate Vayehi Beshalach 5:6","Otzar Midrashim, Midrashim on Moses Our Master, Divrei HaYamim of Moses Our Master 10"
"Mekhilta DeRabbi Yishmael, Tractate Vayehi Beshalach 6:1-4",Tanna Debei Eliyahu Rabbah 30:4
"Mekhilta DeRabbi Yishmael, Tractate Vayehi Beshalach 6:1-4","Otzar Midrashim, Midrash on Hallel 'Sefer HaMa'asim' 2:4"
"Mekhilta DeRabbi Yishmael, Tractate Vayehi Beshalach 6:11-13",Niddah 31a:11
"Mekhilta DeRabbi Yishmael, Tractate Vayehi Beshalach 6:11-13",Shemot Rabbah 50:3
"Mekhilta DeRabbi Yishmael, Tractate Vayehi Beshalach 6:11-13",Vayikra Rabbah 31:9
"Mekhilta DeRabbi Yishmael, Tractate Vayehi Beshalach 6:11-13",Shemot Rabbah 26:2
"Mekhilta DeRabbi Yishmael, Tractate Vayehi Beshalach 6:11-13",Vayikra Rabbah 18:5
"Mekhilta DeRabbi Yishmael, Tractate Vayehi Beshalach 2:6",Sifrei Bamidbar 134:4
"Mekhilta DeRabbi Yishmael, Tractate Vayehi Beshalach 2:14-16",Pesikta DeRav Kahanna 11:2
"Mekhilta DeRabbi Yishmael, Tractate Vayehi Beshalach 2:17-24",Shir HaShirim Rabbah 1:1:6
"Mekhilta DeRabbi Yishmael, Tractate Vayehi Beshalach 2:17-24","Otzar Midrashim, Agadat Olam Katan 1:4"
"Mekhilta DeRabbi Yishmael, Tractate Vayehi Beshalach 2:17-24",Sifrei Bamidbar 136:1
"Mekhilta DeRabbi Yishmael, Tractate Vayehi Beshalach 2:17-24",Shir HaShirim Rabbah 1:1:10
"Mekhilta DeRabbi Yishmael, Tractate Vayehi Beshalach 2:17-24",Pesikta DeRav Kahanna 11:6
"Mekhilta DeRabbi Yishmael, Tractate Vayehi Beshalach 2:30-31","Otzar Midrashim, Midrash  Vayosha ('And He Saved') 6:1"
"Mekhilta DeRabbi Yishmael, Tractate Shirah 9:6-9",Vayikra Rabbah 9:9
"Mekhilta DeRabbi Yishmael, Tractate Bachodesh 1:18-20",Mekhilta d'Rabbi Yishmael Old 15:13:1
"Mekhilta DeRabbi Yishmael, Tractate Shirah 9:6-9",Tanna Debei Eliyahu Rabbah 2:1
"Mekhilta DeRabbi Yishmael, Tractate Shirah 9:6-9",Pirkei DeRabbi Eliezer 41:2
"Mekhilta DeRabbi Yishmael, Tractate Shirah 9:6-9","Sifra, Bechukotai, Chapter 13 8"
"Mekhilta DeRabbi Yishmael, Tractate Shirah 9:6-9",Shemot Rabbah 8:1
"Mekhilta DeRabbi Yishmael, Tractate Shirah 9:6-9",Shir HaShirim Rabbah 1:4:1
"Mekhilta DeRabbi Yishmael, Tractate Shirah 9:6-9",Zevachim 116a:25-26
"Mekhilta DeRabbi Yishmael, Tractate Shirah 3:10-21",Mekhilta d'Rabbi Yishmael Old 15:13:3
"Mekhilta DeRabbi Yishmael, Tractate Shirah 9:13",Shir HaShirim Rabbah 2:7:1
"Mekhilta DeRabbi Yishmael, Tractate Shirah 1:2-10",Pirkei DeRabbi Eliezer 45:7
"Mekhilta DeRabbi Yishmael, Tractate Shirah 1:2-10",Pesikta Rabbati 43:1
"Mekhilta DeRabbi Yishmael, Tractate Shirah 2:1-26",Shemot Rabbah 30:13
"Mekhilta DeRabbi Yishmael, Tractate Shirah 2:1-26",Pirkei DeRabbi Eliezer 35:6
"Mekhilta DeRabbi Yishmael, Tractate Shirah 2:1-26","Otzar Midrashim, Chanukah, Midrash for Chanukah 7"
"Mekhilta DeRabbi Yishmael, Tractate Shirah 2:1-26","Otzar Midrashim, Midrash on the Ten Kings 1:9"
"Mekhilta DeRabbi Yishmael, Tractate Shirah 6:1-9",Mekhilta d'Rabbi Yishmael Old 15:1:6
"Mekhilta DeRabbi Yishmael, Tractate Shirah 2:1-26",Tosefta Sotah 3:5
"Mekhilta DeRabbi Yishmael, Tractate Shirah 10:12-15",Sotah 13a:1
"Mekhilta DeRabbi Yishmael, Tractate Shirah 10:12-15",Shemot Rabbah 1:22
"Mekhilta DeRabbi Yishmael, Tractate Vayassa 1:1-5",Sifrei Bamidbar 67:1
"Mekhilta DeRabbi Yishmael, Tractate Vayassa 1:1-5",Sanhedrin 101b:14
"Mekhilta DeRabbi Yishmael, Tractate Vayassa 1:16-20",Pesachim 119a:4
"Mekhilta DeRabbi Yishmael, Tractate Vayassa 1:21-30","Tanna debei Eliyahu Zuta, Additions to Seder Eliyahu Zuta, Pirkei Derech Eretz 2"
"Mekhilta DeRabbi Yishmael, Tractate Vayassa 1:21-30",Tractate Kallah Rabbati 8:6
"Mekhilta DeRabbi Yishmael, Tractate Vayassa 1:21-30",Pirkei Avot 6:7
"Mekhilta DeRabbi Yishmael, Tractate Shirah 3:1-9","Otzar Midrashim, Midrash Shelosha v'Arba'ah 1:20"
"Mekhilta DeRabbi Yishmael, Tractate Shirah 3:1-9",Tanna Debei Eliyahu Rabbah 2:1
"Mekhilta DeRabbi Yishmael, Tractate Shirah 3:1-9",Shir HaShirim Rabbah 1:4:1
"Mekhilta DeRabbi Yishmael, Tractate Shirah 3:10-21",Shabbat 88b:4
"Mekhilta DeRabbi Yishmael, Tractate Shirah 3:10-21",Tractate Soferim 3:13
"Mekhilta DeRabbi Yishmael, Tractate Shirah 3:10-21",Shir HaShirim Rabbah 1:6:5
"Mekhilta DeRabbi Yishmael, Tractate Shirah 3:10-21","Otzar Midrashim, Midrash on the Ten Kings 1:9"
"Mekhilta DeRabbi Yishmael, Tractate Shirah 3:10-21",Pesachim 118b:9
"Mekhilta DeRabbi Yishmael, Tractate Shirah 3:10-21",Shir HaShirim Rabbah 1:4:3
"Mekhilta DeRabbi Yishmael, Tractate Shirah 4:1-17","Otzar Midrashim, Chuppah of Eliyahu, Chuppat Eliyahu Rabbah 237"
"Mekhilta DeRabbi Yishmael, Tractate Shirah 4:1-17","Sifra, Acharei Mot, Chapter 13 10"
"Mekhilta DeRabbi Yishmael, Tractate Shirah 4:1-17",Pesikta Rabbati 5:1
"Mekhilta DeRabbi Yishmael, Tractate Shirah 5:1-18",Sifrei Bamidbar 42:2
"Mekhilta DeRabbi Yishmael, Tractate Shirah 6:1-9","Otzar Midrashim, Yehudit, The Tale of Yehudit (Version 2) 4"
"Mekhilta DeRabbi Yishmael, Tractate Shirah 6:1-9","Otzar Midrashim, Agadot of Dorshei Reshumot, Dorshei Chamurot 14"
"Mekhilta DeRabbi Yishmael, Tractate Shirah 6:19-22","Otzar Midrashim, Midrash on Hallel 'Sefer HaMa'asim' 1:6"
"Mekhilta DeRabbi Yishmael, Tractate Shirah 6:19-22",Pesikta Rabbati 31:1
"Mekhilta DeRabbi Yishmael, Tractate Shirah 6:19-22",Seder Olam Rabbah 7:2
"Mekhilta DeRabbi Yishmael, Tractate Vayassa 4:3-12",Sifrei Bamidbar 97:1
"Mekhilta DeRabbi Yishmael, Tractate Vayassa 5:11-16","Otzar Midrashim, Mechilta 7"
"Mekhilta DeRabbi Yishmael, Tractate Vayassa 3:1-3",Mekhilta d'Rabbi Yishmael Old 16:28:1
"Mekhilta DeRabbi Yishmael, Tractate Vayassa 6:14-17",Mekhilta d'Rabbi Yishmael Old 16:31:1
"Mekhilta DeRabbi Yishmael, Tractate Vayassa 3:1-3","Otzar Midrashim, Pesikta, Pesikta Chadata 42"
"Mekhilta DeRabbi Yishmael, Tractate Vayassa 3:11-13",Mekhilta d'Rabbi Yishmael Old 16:7:1
"Mekhilta DeRabbi Yishmael, Tractate Amalek 1:34",Pesikta Rabbati 28:1
"Mekhilta DeRabbi Yishmael, Tractate Amalek 1:22",Mekhilta d'Rabbi Yishmael Old 17:12:6
"Mekhilta DeRabbi Yishmael, Tractate Amalek 1:34",Shemot Rabbah 23:7
"Mekhilta DeRabbi Yishmael, Tractate Amalek 2:1-5",Shemot Rabbah 45:2
"Mekhilta DeRabbi Yishmael, Tractate Amalek 2:40-44",Shemot Rabbah 23:7
"Mekhilta DeRabbi Yishmael, Tractate Amalek 2:40-44",Sanhedrin 101a:2
"Mekhilta DeRabbi Yishmael, Tractate Amalek 2:6-7",Vayikra Rabbah 32:2
"Mekhilta DeRabbi Yishmael, Tractate Amalek 2:10-16",Shemot Rabbah 23:7
"Mekhilta DeRabbi Yishmael, Tractate Amalek 2:47-49",Shemot Rabbah 22:1
"Mekhilta DeRabbi Yishmael, Tractate Vayassa 7:8-9",Sanhedrin 101a:2
"Mekhilta DeRabbi Yishmael, Tractate Vayassa 7:8-9",Shemot Rabbah 23:7
"Mekhilta DeRabbi Yishmael, Tractate Vayassa 7:10",Shemot Rabbah 26:2
"Mekhilta DeRabbi Yishmael, Tractate Vayassa 7:11-12",Shemot Rabbah 26:2
"Mekhilta DeRabbi Yishmael, Tractate Vayassa 7:19",Shemot Rabbah 26:2
"Mekhilta DeRabbi Yishmael, Tractate Vayassa 7:19",Pesikta DeRav Kahanna 3:12
"Mekhilta DeRabbi Yishmael, Tractate Amalek 1:8-10",Seder Olam Rabbah 16:2
"Mekhilta DeRabbi Yishmael, Tractate Amalek 1:8-10","Otzar Midrashim, Agadot of Dorshei Reshumot 1:11"
"Mekhilta DeRabbi Yishmael, Tractate Amalek 3:1-3",Shir HaShirim Rabbah 2:15:1
"Mekhilta DeRabbi Yishmael, Tractate Bachodesh 5:7-11",Mekhilta d'Rabbi Yishmael Old 18:1:1
"Mekhilta DeRabbi Yishmael, Tractate Amalek 4:17-19","Otzar Midrashim, Midrashim on King Solomon, Throne and Hippodrome of King Solomon 5"
"Mekhilta DeRabbi Yishmael, Tractate Amalek 4:22","Otzar Midrashim, Baraita of Rabbi Pinchas Ben Yair 1:15"
"Mekhilta DeRabbi Yishmael, Tractate Amalek 4:31-36",Mekhilta d'Rabbi Yishmael Old 18:24:3
"Mekhilta DeRabbi Yishmael, Tractate Amalek 4:31-36",Pirkei DeRabbi Eliezer 17:10
"Mekhilta DeRabbi Yishmael, Tractate Amalek 4:31-36",Sifrei Bamidbar 78:1
"Mekhilta DeRabbi Yishmael, Tractate Amalek 4:31-36",Tractate Derekh Eretz Zuta 1:16
"Mekhilta DeRabbi Yishmael, Tractate Amalek 4:37",Shemot Rabbah 31:14
"Mekhilta DeRabbi Yishmael, Tractate Amalek 3:15-16","Sifra, Emor, Chapter 16 1"
"Mekhilta DeRabbi Yishmael, Tractate Amalek 3:15-16","Sifra, Tazria Parashat Nega'im, Chapter 14 9"
"Mekhilta DeRabbi Yishmael, Tractate Amalek 3:15-16","Sifra, Metzora, Section 6 9"
"Mekhilta DeRabbi Yishmael, Tractate Amalek 3:17-25",Yevamot 80b:3
"Mekhilta DeRabbi Yishmael, Tractate Amalek 3:30-32",Mekhilta d'Rabbi Yishmael Old 18:3:1
"Mekhilta DeRabbi Yishmael, Tractate Amalek 3:28",Tanna Debei Eliyahu Rabbah 5:1
"Mekhilta DeRabbi Yishmael, Tractate Bachodesh 3:6",Yevamot 46b:2
"Mekhilta DeRabbi Yishmael, Tractate Bachodesh 3:14",Taanit 21b:4
"Mekhilta DeRabbi Yishmael, Tractate Bachodesh 3:15-16","Otzar Midrashim, Midrashim of Rabbi Akiba, Aleph Bet of Rabbi Akiba (Version 1) 26"
"Mekhilta DeRabbi Yishmael, Tractate Bachodesh 4:7-8","Otzar Midrashim, Midrashim on The Messiah, Otot Mashiach (Signs of the Messiah) 11"
"Mekhilta DeRabbi Yishmael, Tractate Bachodesh 1:6-9",Tanna Debei Eliyahu Rabbah 27:2
"Mekhilta DeRabbi Yishmael, Tractate Bachodesh 1:6-9","Tanna debei Eliyahu Zuta, Additions to Seder Eliyahu Zuta, Pirkei Derech Eretz 1"
"Mekhilta DeRabbi Yishmael, Tractate Bachodesh 4:11-12","Otzar Midrashim, Midrashim of Rabbi Akiba, Aleph Bet of Rabbi Akiba (Version 1) 26"
"Mekhilta DeRabbi Yishmael, Tractate Bachodesh 1:18-20",Zevachim 116a:25
"Mekhilta DeRabbi Yishmael, Tractate Bachodesh 1:22","Otzar Midrashim, Hashkem, Midrash Hashkem ('Arise Early') 10"
"Mekhilta DeRabbi Yishmael, Tractate Bachodesh 2:1-3",Shemot Rabbah 28:2
"Mekhilta DeRabbi Yishmael, Tractate Nezikin 13:3-7",Mekhilta d'Rabbi Yishmael Old 20:12:1
"Mekhilta DeRabbi Yishmael, Tractate Bachodesh 8:1-7","Otzar Midrashim, Pesikta, Pesikta Chadata 17"
"Mekhilta DeRabbi Yishmael, Tractate Bachodesh 8:1-7","Sifra, Acharei Mot, Chapter 13 20"
"Mekhilta DeRabbi Yishmael, Tractate Bachodesh 8:1-7",Shemot Rabbah 25:12
"Mekhilta DeRabbi Yishmael, Tractate Bachodesh 8:1-7",Pesikta DeRav Kahanna 10:2
"Mekhilta DeRabbi Yishmael, Tractate Shabbata 1:2",Mekhilta d'Rabbi Yishmael Old 20:12:1
"Mekhilta DeRabbi Yishmael, Tractate Bachodesh 7:11-12",Mekhilta d'Rabbi Yishmael Old 20:12:1
"Mekhilta DeRabbi Yishmael, Tractate Bachodesh 8:1-7","Sifra, Acharei Mot, Chapter 13 1"
"Mekhilta DeRabbi Yishmael, Tractate Bachodesh 8:1-7",Pesikta Rabbati 25:1
"Mekhilta DeRabbi Yishmael, Tractate Nezikin 4:7-11",Mekhilta d'Rabbi Yishmael Old 20:13:1-2
"Mekhilta DeRabbi Yishmael, Tractate Nezikin 5:20-22",Mekhilta d'Rabbi Yishmael Old 20:13:1
"Mekhilta DeRabbi Yishmael, Tractate Bachodesh 8:23",Tosefta Avodah Zarah 7:6
"Mekhilta DeRabbi Yishmael, Tractate Bachodesh 9:2-7",Pesikta Rabbati 33:1
"Mekhilta DeRabbi Yishmael, Tractate Bachodesh 9:2-7","Otzar Midrashim, Midrashim of Rabbi Shimon bar Yochai, Prayer of Rabbi Shimon Bar Yochai 5"
"Mekhilta DeRabbi Yishmael, Tractate Bachodesh 9:2-7","Otzar Midrashim, Hashkem, Midrash Hashkem ('Arise Early') 33"
"Mekhilta DeRabbi Yishmael, Tractate Bachodesh 5:1-3",Mekhilta d'Rabbi Yishmael Old 20:15:2
"Mekhilta DeRabbi Yishmael, Tractate Bachodesh 9:12","Tanna debei Eliyahu Zuta, Seder Eliyahu Zuta 4:1"
"Mekhilta DeRabbi Yishmael, Tractate Bachodesh 9:12-13",Shemot Rabbah 32:1
"Mekhilta DeRabbi Yishmael, Tractate Bachodesh 9:15",Sotah 34a:1
"Mekhilta DeRabbi Yishmael, Tractate Bachodesh 9:19-21",Shemot Rabbah 3:7
"Mekhilta DeRabbi Yishmael, Tractate Bachodesh 9:22-24","Otzar Midrashim, Midrashim of Rabbi Akiba, Aleph Bet of Rabbi Akiba (Version 1) 26"
"Mekhilta DeRabbi Yishmael, Tractate Bachodesh 7:6",Mekhilta d'Rabbi Yishmael Old 20:1:1
"Mekhilta DeRabbi Yishmael, Tractate Bachodesh 4:23-26",Shemot Rabbah 28:5-6
"Mekhilta DeRabbi Yishmael, Tractate Bachodesh 4:27",Shabbat 87a:7-8
"Mekhilta DeRabbi Yishmael, Tractate Bachodesh 10:1-13",Vayikra Rabbah 24:2
"Mekhilta DeRabbi Yishmael, Tractate Kaspa 4:14-17",Mekhilta d'Rabbi Yishmael Old 20:20:2
"Mekhilta DeRabbi Yishmael, Tractate Bachodesh 11:5-8",Menachot 55b:12
"Mekhilta DeRabbi Yishmael, Tractate Bachodesh 11:5-8",Menachot 98a:19
"Mekhilta DeRabbi Yishmael, Tractate Kaspa 3:25-26",Mekhilta d'Rabbi Yishmael Old 20:21:2
"Mekhilta DeRabbi Yishmael, Tractate Bachodesh 11:5-8",Menachot 62a:13
"Mekhilta DeRabbi Yishmael, Tractate Bachodesh 11:5-8","Sifra, Emor, Chapter 12 5"
"Mekhilta DeRabbi Yishmael, Tractate Bachodesh 11:5-8",Sotah 37a:10
"Mekhilta DeRabbi Yishmael, Tractate Bachodesh 11:18-20",Mekhilta d'Rabbi Yishmael Old 20:21:2
"Mekhilta DeRabbi Yishmael, Tractate Bachodesh 11:9-10",Shemot Rabbah 21:3
"Mekhilta DeRabbi Yishmael, Tractate Nezikin 9:5-6",Mekhilta d'Rabbi Yishmael Old 20:22:1
"Mekhilta DeRabbi Yishmael, Tractate Nezikin 1:18-22",Mekhilta d'Rabbi Yishmael Old 20:22:1
"Mekhilta DeRabbi Yishmael, Tractate Kaspa 4:14-17",Mekhilta d'Rabbi Yishmael Old 20:23:1
"Mekhilta DeRabbi Yishmael, Tractate Bachodesh 5:7-11","Otzar Midrashim, Pesikta, Pesikta Chadata 10"
"Mekhilta DeRabbi Yishmael, Tractate Bachodesh 6:1-13","Otzar Midrashim, Midrash on the Ten Commandments 1:20"
"Mekhilta DeRabbi Yishmael, Tractate Bachodesh 6:1-13","Sifra, Vayikra Dibbura d'Nedavah, Chapter 17 3"
"Mekhilta DeRabbi Yishmael, Tractate Bachodesh 6:15-16",Tosefta Demai 3:1
"Mekhilta DeRabbi Yishmael, Tractate Bachodesh 6:22","Otzar Midrashim, Midrashim on Missing and Extra Letters 1:3"
"Mekhilta DeRabbi Yishmael, Tractate Bachodesh 7:2-5","Otzar Midrashim, Baraita of Melechet HaMishkan 1:31"
"Mekhilta DeRabbi Yishmael, Tractate Bachodesh 7:6",Sifrei Bamidbar 102:1
"Mekhilta DeRabbi Yishmael, Tractate Bachodesh 7:10",Zevachim 102a:22
"Mekhilta DeRabbi Yishmael, Tractate Bachodesh 7:11-12",Shemot Rabbah 25:12
"Mekhilta DeRabbi Yishmael, Tractate Nezikin 15:8",Mekhilta d'Rabbi Yishmael Old 21:12:5
"Mekhilta DeRabbi Yishmael, Tractate Kaspa 4:11-12",Mekhilta d'Rabbi Yishmael Old 21:12:5
"Mekhilta DeRabbi Yishmael, Tractate Nezikin 4:22-23",Sanhedrin 35b:5
"Mekhilta DeRabbi Yishmael, Tractate Nezikin 4:24-28",Sanhedrin 35b:5
"Mekhilta DeRabbi Yishmael, Tractate Nezikin 4:24-27",Mishnah Shabbat 19:1-2
"Mekhilta DeRabbi Yishmael, Tractate Nezikin 4:24-28",Yevamot 7a:1
"Mekhilta DeRabbi Yishmael, Tractate Nezikin 12:17",Mekhilta d'Rabbi Yishmael Old 21:15:1
"Mekhilta DeRabbi Yishmael, Tractate Nezikin 5:6-10",Sanhedrin 66a:11
"Mekhilta DeRabbi Yishmael, Tractate Nezikin 17:18",Mekhilta d'Rabbi Yishmael Old 21:15:4
"Mekhilta DeRabbi Yishmael, Tractate Nezikin 5:6-10",Sifrei Bamidbar 111:1
"Mekhilta DeRabbi Yishmael, Tractate Nezikin 5:6-10",Sanhedrin 54a:31
"Mekhilta DeRabbi Yishmael, Tractate Nezikin 5:31-32",Mekhilta d'Rabbi Yishmael Old 21:15:4
"Mekhilta DeRabbi Yishmael, Tractate Nezikin 5:6-10",Sanhedrin 54a:3
"Mekhilta DeRabbi Yishmael, Tractate Nezikin 5:17-19",Sanhedrin 54a:31
"Mekhilta DeRabbi Yishmael, Tractate Nezikin 5:17-19",Sifrei Bamidbar 111:1
"Mekhilta DeRabbi Yishmael, Tractate Nezikin 5:31-32",Mekhilta d'Rabbi Yishmael Old 21:16:4
"Mekhilta DeRabbi Yishmael, Tractate Nezikin 5:17-19",Sanhedrin 66a:11
"Mekhilta DeRabbi Yishmael, Tractate Nezikin 5:17-19",Sanhedrin 54a:3
"Mekhilta DeRabbi Yishmael, Tractate Nezikin 17:18",Mekhilta d'Rabbi Yishmael Old 21:16:4
"Mekhilta DeRabbi Yishmael, Tractate Nezikin 5:20-22","Sifra, Vayikra Dibbura d'Chovah, Section 1 12"
"Mekhilta DeRabbi Yishmael, Tractate Nezikin 5:23-28",Sifrei Bamidbar 3:1
"Mekhilta DeRabbi Yishmael, Tractate Nezikin 5:23-28",Sanhedrin 54a:2
"Mekhilta DeRabbi Yishmael, Tractate Nezikin 6:2-4",Mekhilta d'Rabbi Yishmael Old 21:17:1
"Mekhilta DeRabbi Yishmael, Tractate Nezikin 7:2-4",Mekhilta d'Rabbi Yishmael Old 21:17:1
"Mekhilta DeRabbi Yishmael, Tractate Nezikin 5:23-28",Sanhedrin 64b:6
"Mekhilta DeRabbi Yishmael, Tractate Kaspa 1:19-21",Mekhilta d'Rabbi Yishmael Old 21:17:3
"Mekhilta DeRabbi Yishmael, Tractate Nezikin 5:31-32",Sanhedrin 52b:23
"Mekhilta DeRabbi Yishmael, Tractate Nezikin 5:31-32",Sifrei Bamidbar 112:1
"Mekhilta DeRabbi Yishmael, Tractate Nezikin 5:31-32",Sifrei Bamidbar 111:1
"Mekhilta DeRabbi Yishmael, Tractate Nezikin 5:31-32","Sifra, Kedoshim, Chapter 10 11"
"Mekhilta DeRabbi Yishmael, Tractate Nezikin 5:31-32","Sifra, Kedoshim, Chapter 11 3"
"Mekhilta DeRabbi Yishmael, Tractate Nezikin 5:31-32",Sanhedrin 54a:31
"Mekhilta DeRabbi Yishmael, Tractate Nezikin 5:31-32",Sanhedrin 54a:3
"Mekhilta DeRabbi Yishmael, Tractate Nezikin 5:31-32","Sifra, Kedoshim, Chapter 10 10"
"Mekhilta DeRabbi Yishmael, Tractate Nezikin 8:1-2",Mekhilta d'Rabbi Yishmael Old 21:18:1
"Mekhilta DeRabbi Yishmael, Tractate Nezikin 14:14-15",Mekhilta d'Rabbi Yishmael Old 21:18:3
"Mekhilta DeRabbi Yishmael, Tractate Nezikin 6:2-4",Sanhedrin 85b:22
"Mekhilta DeRabbi Yishmael, Tractate Nezikin 7:7-10",Mekhilta d'Rabbi Yishmael Old 21:18:6
"Mekhilta DeRabbi Yishmael, Tractate Nezikin 6:12-14",Sanhedrin 72a:16
"Mekhilta DeRabbi Yishmael, Tractate Nezikin 6:12-14","Otzar Midrashim, Baraita of The 32 Midot of Aggadah 1:31"
"Mekhilta DeRabbi Yishmael, Tractate Nezikin 10:1-2",Mekhilta d'Rabbi Yishmael Old 21:20:1-2
"Mekhilta DeRabbi Yishmael, Tractate Nezikin 10:1",Mekhilta d'Rabbi Yishmael Old 21:20:1
"Mekhilta DeRabbi Yishmael, Tractate Nezikin 11:2-4",Mekhilta d'Rabbi Yishmael Old 21:20:1
"Mekhilta DeRabbi Yishmael, Tractate Nezikin 14:14-15",Mekhilta d'Rabbi Yishmael Old 21:20:2
"Mekhilta DeRabbi Yishmael, Tractate Nezikin 2:6",Mekhilta d'Rabbi Yishmael Old 21:20:3
"Mekhilta DeRabbi Yishmael, Tractate Nezikin 7:5-6",Sotah 2a:12-13
"Mekhilta DeRabbi Yishmael, Tractate Nezikin 7:5-6",Sifrei Bamidbar 7:3
"Mekhilta DeRabbi Yishmael, Tractate Nezikin 7:7-10",Sotah 16b:15
"Mekhilta DeRabbi Yishmael, Tractate Nezikin 7:7-11",Tosefta Bava Kamma 9:8
"Mekhilta DeRabbi Yishmael, Tractate Nezikin 7:7-10",Temurah 12b:8
"Mekhilta DeRabbi Yishmael, Tractate Nezikin 7:7-10",Mishnah Bava Kamma 5:5
"Mekhilta DeRabbi Yishmael, Tractate Nezikin 2:18-19",Mekhilta d'Rabbi Yishmael Old 21:20:6
"Mekhilta DeRabbi Yishmael, Tractate Nezikin 12:15",Mekhilta d'Rabbi Yishmael Old 21:20:6
"Mekhilta DeRabbi Yishmael, Tractate Kaspa 2:29-30",Mekhilta d'Rabbi Yishmael Old 21:21:1
"Mekhilta DeRabbi Yishmael, Tractate Nezikin 8:4",Mekhilta d'Rabbi Yishmael Old 21:22:1
"Mekhilta DeRabbi Yishmael, Tractate Kaspa 1:27-31",Mekhilta d'Rabbi Yishmael Old 21:23:1
"Mekhilta DeRabbi Yishmael, Tractate Nezikin 9:9-11",Mekhilta d'Rabbi Yishmael Old 21:23:1
"Mekhilta DeRabbi Yishmael, Tractate Nezikin 17:18",Mekhilta d'Rabbi Yishmael Old 21:23:1
"Mekhilta DeRabbi Yishmael, Tractate Nezikin 15:8",Mekhilta d'Rabbi Yishmael Old 21:23:1
"Mekhilta DeRabbi Yishmael, Tractate Kaspa 4:11-12",Mekhilta d'Rabbi Yishmael Old 21:23:1
"Mekhilta DeRabbi Yishmael, Tractate Nezikin 8:4",Sanhedrin 79a:6-7
"Mekhilta DeRabbi Yishmael, Tractate Nezikin 9:2-4",Mekhilta d'Rabbi Yishmael Old 21:23:3
"Mekhilta DeRabbi Yishmael, Tractate Kaspa 4:11-12",Mekhilta d'Rabbi Yishmael Old 21:23:7
"Mekhilta DeRabbi Yishmael, Tractate Nezikin 17:18",Mekhilta d'Rabbi Yishmael Old 21:23:7
"Mekhilta DeRabbi Yishmael, Tractate Nezikin 9:9-11",Mekhilta d'Rabbi Yishmael Old 21:23:7
"Mekhilta DeRabbi Yishmael, Tractate Nezikin 15:8",Mekhilta d'Rabbi Yishmael Old 21:23:7
"Mekhilta DeRabbi Yishmael, Tractate Nezikin 9:8",Tractate Avadim 3:4
"Mekhilta DeRabbi Yishmael, Tractate Nezikin 1:17",Mekhilta d'Rabbi Yishmael Old 21:26:6
"Mekhilta DeRabbi Yishmael, Tractate Nezikin 9:9-11",Yoma 37a:1
"Mekhilta DeRabbi Yishmael, Tractate Nezikin 17:18",Mekhilta d'Rabbi Yishmael Old 21:26:6
"Mekhilta DeRabbi Yishmael, Tractate Nezikin 9:9-11",Shevuot 30a:6
"Mekhilta DeRabbi Yishmael, Tractate Nezikin 9:9-11",Yevamot 104a:12
"Mekhilta DeRabbi Yishmael, Tractate Nezikin 9:9-11",Shevuot 35b:23
"Mekhilta DeRabbi Yishmael, Tractate Nezikin 9:9-11",Yoma 24a:5
"Mekhilta DeRabbi Yishmael, Tractate Kaspa 1:7-10",Mekhilta d'Rabbi Yishmael Old 21:26:6
"Mekhilta DeRabbi Yishmael, Tractate Nezikin 15:2-3",Mekhilta d'Rabbi Yishmael Old 21:27:1
"Mekhilta DeRabbi Yishmael, Tractate Nezikin 14:14-15",Mekhilta d'Rabbi Yishmael Old 21:27:1
"Mekhilta DeRabbi Yishmael, Tractate Kaspa 3:21",Mekhilta d'Rabbi Yishmael Old 21:27:1
"Mekhilta DeRabbi Yishmael, Tractate Nezikin 9:12-13","Sifra, Kedoshim, Chapter 12 2"
"Mekhilta DeRabbi Yishmael, Tractate Nezikin 12:17",Mekhilta d'Rabbi Yishmael Old 21:28:1
"Mekhilta DeRabbi Yishmael, Tractate Nezikin 10:2-7",Temurah 12b:8
"Mekhilta DeRabbi Yishmael, Tractate Nezikin 10:2-7",Sifrei Bamidbar 142:2
"Mekhilta DeRabbi Yishmael, Tractate Nezikin 10:2-7",Sotah 16b:15
"Mekhilta DeRabbi Yishmael, Tractate Nezikin 10:8-12",Pesachim 24b:12
"Mekhilta DeRabbi Yishmael, Tractate Nezikin 12:25-26",Mekhilta d'Rabbi Yishmael Old 21:28:5
"Mekhilta DeRabbi Yishmael, Tractate Nezikin 15:11",Mekhilta d'Rabbi Yishmael Old 21:2:2
"Mekhilta DeRabbi Yishmael, Tractate Nezikin 16:15-20",Mekhilta d'Rabbi Yishmael Old 21:2:2
"Mekhilta DeRabbi Yishmael, Tractate Nezikin 13:9",Mekhilta d'Rabbi Yishmael Old 21:2:5
"Mekhilta DeRabbi Yishmael, Tractate Kaspa 2:27-28",Mekhilta d'Rabbi Yishmael Old 21:31:1
"Mekhilta DeRabbi Yishmael, Tractate Nezikin 12:1",Seder Olam Rabbah 25:2
"Mekhilta DeRabbi Yishmael, Tractate Nezikin 12:15",Yoma 2a:10
"Mekhilta DeRabbi Yishmael, Tractate Nezikin 12:15",Sanhedrin 64b:3
"Mekhilta DeRabbi Yishmael, Tractate Kaspa 1:19-21",Mekhilta d'Rabbi Yishmael Old 21:37:2-3
"Mekhilta DeRabbi Yishmael, Tractate Nezikin 12:19-20",Sifrei Bamidbar 124:2
"Mekhilta DeRabbi Yishmael, Tractate Nezikin 12:25-26",Sifrei Bamidbar 78:1
"Mekhilta DeRabbi Yishmael, Tractate Nezikin 15:8",Mekhilta d'Rabbi Yishmael Old 21:6:3
"Mekhilta DeRabbi Yishmael, Tractate Nezikin 17:18",Mekhilta d'Rabbi Yishmael Old 21:6:3
"Mekhilta DeRabbi Yishmael, Tractate Nezikin 2:18-19",Zevachim 43b:7-8
"Mekhilta DeRabbi Yishmael, Tractate Nezikin 2:18-19",Sifrei Bamidbar 126:1
"Mekhilta DeRabbi Yishmael, Tractate Kaspa 3:33-35",Mekhilta d'Rabbi Yishmael Old 21:9:2
"Mekhilta DeRabbi Yishmael, Tractate Nezikin 16:7",Sifrei Bamidbar 15:2
"Mekhilta DeRabbi Yishmael, Tractate Nezikin 16:15-20","Sifra, Kedoshim, Chapter 12 7"
"Mekhilta DeRabbi Yishmael, Tractate Nezikin 16:15-20","Sifra, Kedoshim, Chapter 12 9"
"Mekhilta DeRabbi Yishmael, Tractate Kaspa 2:1",Mekhilta d'Rabbi Yishmael Old 22:13:3
"Mekhilta DeRabbi Yishmael, Tractate Nezikin 17:18",Mekhilta d'Rabbi Yishmael Old 22:16:2
"Mekhilta DeRabbi Yishmael, Tractate Nezikin 17:18",Shevuot 30a:6
"Mekhilta DeRabbi Yishmael, Tractate Nezikin 17:18",Shevuot 35b:23
"Mekhilta DeRabbi Yishmael, Tractate Nezikin 17:18",Sifrei Bamidbar 111:1
"Mekhilta DeRabbi Yishmael, Tractate Nezikin 17:18",Yevamot 104a:12
"Mekhilta DeRabbi Yishmael, Tractate Nezikin 17:18",Yoma 24a:5
"Mekhilta DeRabbi Yishmael, Tractate Nezikin 17:18",Yoma 37a:1
"Mekhilta DeRabbi Yishmael, Tractate Nezikin 17:18","Sifra, Kedoshim, Chapter 11 3"
"Mekhilta DeRabbi Yishmael, Tractate Nezikin 17:18",Sanhedrin 52b:23
"Mekhilta DeRabbi Yishmael, Tractate Nezikin 17:21-22",Shemot Rabbah 1:5
"Mekhilta DeRabbi Yishmael, Tractate Nezikin 18:1-9",Pesikta Rabbati 29:1
"Mekhilta DeRabbi Yishmael, Tractate Nezikin 18:1-9",Tractate Gerim 4:2
"Mekhilta DeRabbi Yishmael, Tractate Nezikin 18:11-15",Tractate Kallah Rabbati 6:10
"Mekhilta DeRabbi Yishmael, Tractate Nezikin 18:16-20",Seder Olam Rabbah 28:2
"Mekhilta DeRabbi Yishmael, Tractate Nezikin 18:16-20","Sifra, Shemini, Chapter 4 5"
"Mekhilta DeRabbi Yishmael, Tractate Nezikin 18:21-22",Shemot Rabbah 30:24
"Mekhilta DeRabbi Yishmael, Tractate Nezikin 18:21-22",Tanna Debei Eliyahu Rabbah 18:5
"Mekhilta DeRabbi Yishmael, Tractate Kaspa 1:19-21",Mekhilta d'Rabbi Yishmael Old 22:24:5
"Mekhilta DeRabbi Yishmael, Tractate Kaspa 2:37",Mekhilta d'Rabbi Yishmael Old 22:27:2
"Mekhilta DeRabbi Yishmael, Tractate Kaspa 1:19-21",Nazir 38b:2
"Mekhilta DeRabbi Yishmael, Tractate Kaspa 1:25-26",Shabbat 68a:4
"Mekhilta DeRabbi Yishmael, Tractate Kaspa 1:27-31",Mishnah Menachot 7:6
"Mekhilta DeRabbi Yishmael, Tractate Kaspa 1:27-31",Sifrei Bamidbar 160:2
"Mekhilta DeRabbi Yishmael, Tractate Kaspa 1:32","Sifra, Emor, Section 4 2"
"Mekhilta DeRabbi Yishmael, Tractate Nezikin 13:3-7","Sifra, Tzav, Chapter 15 7"
"Mekhilta DeRabbi Yishmael, Tractate Nezikin 13:3-7",Sanhedrin 72a:16
"Mekhilta DeRabbi Yishmael, Tractate Nezikin 13:3-7",Sanhedrin 95b:3
"Mekhilta DeRabbi Yishmael, Tractate Kaspa 2:1",Menachot 74a:20-21
"Mekhilta DeRabbi Yishmael, Tractate Kaspa 2:2-7",Sanhedrin 64b:6
"Mekhilta DeRabbi Yishmael, Tractate Nezikin 13:14-17",Tosefta Bava Batra 6:4
"Mekhilta DeRabbi Yishmael, Tractate Nezikin 14:5",Mishnah Bava Kamma 6:3
"Mekhilta DeRabbi Yishmael, Tractate Nezikin 14:14-15",Tosefta Bava Kamma 3:1
"Mekhilta DeRabbi Yishmael, Tractate Nezikin 15:11",Mekhilta d'Rabbi Yishmael Old 22:7:3-4
"Mekhilta DeRabbi Yishmael, Tractate Kaspa 4:11-12",Mekhilta d'Rabbi Yishmael Old 22:7:3
"Mekhilta DeRabbi Yishmael, Tractate Nezikin 15:11",Yoma 4b:1
"Mekhilta DeRabbi Yishmael, Tractate Nezikin 15:11","Sifra, Shemini, Section 2 10"
"Mekhilta DeRabbi Yishmael, Tractate Nezikin 15:11","Sifra, Tzav, Chapter 15 7"
"Mekhilta DeRabbi Yishmael, Tractate Nezikin 15:12-16",Shevuot 30a:4-5
"Mekhilta DeRabbi Yishmael, Tractate Kaspa 3:20",Menachot 85a:8
"Mekhilta DeRabbi Yishmael, Tractate Kaspa 3:21",Moed Katan 3b:13-4a:1
"Mekhilta DeRabbi Yishmael, Tractate Kaspa 3:25-26",Shir HaShirim Rabbah 4:4:8
"Mekhilta DeRabbi Yishmael, Tractate Kaspa 3:27-29",Sifrei Bamidbar 110:1
"Mekhilta DeRabbi Yishmael, Tractate Kaspa 3:27-29","Sifra, Shemini, Section 2 10"
"Mekhilta DeRabbi Yishmael, Tractate Kaspa 3:27-29","Sifra, Tzav, Chapter 15 7"
"Mekhilta DeRabbi Yishmael, Tractate Kaspa 4:18",Zevachim 37a:6-7
"Mekhilta DeRabbi Yishmael, Tractate Kaspa 5:17-38",Sifrei Bamidbar 30:1
"Mekhilta DeRabbi Yishmael, Tractate Kaspa 5:17-38",Tosefta Pesachim 8:3
"Mekhilta DeRabbi Yishmael, Tractate Kaspa 5:17-38",Menachot 101b:6
"Mekhilta DeRabbi Yishmael, Tractate Kaspa 5:17-38",Menachot 74a:20-21
"Mekhilta DeRabbi Yishmael, Tractate Kaspa 2:35-36",Mekhilta d'Rabbi Yishmael Old 23:3:1
"Mekhilta DeRabbi Yishmael, Tractate Kaspa 2:27-28",Sifrei Bamidbar 118:1
"Mekhilta DeRabbi Yishmael, Tractate Shabbata 1:2",Mekhilta d'Rabbi Yishmael Old 23:4:5
"Mekhilta DeRabbi Yishmael, Tractate Kaspa 2:27-28",Yevamot 3b:9-10
"Mekhilta DeRabbi Yishmael, Tractate Kaspa 3:8-16",Mishnah Meilah 4:1-2
"Mekhilta DeRabbi Yishmael, Tractate Shabbata 1:2",Sifrei Bamidbar 118:1
"Mekhilta DeRabbi Yishmael, Tractate Shabbata 1:15-18","Sifra, Kedoshim, Chapter 10 6"
"Mekhilta DeRabbi Yishmael, Tractate Shabbata 1:21-23",Sifrei Bamidbar 42:2
"Mekhilta DeRabbi Yishmael, Tractate Shabbata 2:10-12",Mekhilta d'Rabbi Yishmael Old 35:3:1
"Mekhilta DeRabbi Yishmael, Tractate Shabbata 2:8-9",Shabbat 20a:5
"Mekhilta DeRabbi Yishmael, Tractate Shabbata 2:10-12",Sifrei Bamidbar 25:1
"Mekhilta DeRabbi Yishmael, Tractate Shabbata 2:10-12",Shabbat 20a:5
"Mekhilta DeRabbi Yishmael, Tractate Shabbata 2:10-12",Mishnah Shabbat 19:1-2
"Mekhilta DeRabbi Yishmael, Tractate Shabbata 2:10-12",Sifrei Bamidbar 23:1
"Mekhilta DeRabbi Yishmael, Tractate Shabbata 2:10-12","Sifra, Vayikra Dibbura d'Chovah, Chapter 1 2"
"Mekhilta DeRabbi Yishmael, Tractate Shabbata 2:13-16","Sifra, Vayikra Dibbura d'Chovah, Chapter 1 6"
"Mekhilta DeRabbi Yishmael, Tractate Pischa 6:21-24",Mekhilta d'Rabbi Shimon Ben Yochai 12:15
"Mekhilta DeRabbi Yishmael, Tractate Pischa 7:6-16",Mekhilta d'Rabbi Shimon Ben Yochai 12:12
"Mekhilta DeRabbi Yishmael, Tractate Pischa 7:6-16",Mekhilta d'Rabbi Shimon Ben Yochai 14:4
"Mekhilta DeRabbi Yishmael, Tractate Pischa 7:27",Mekhilta d'Rabbi Shimon Ben Yochai 12:14
"Mekhilta DeRabbi Yishmael, Tractate Pischa 7:28-30",Mekhilta d'Rabbi Shimon Ben Yochai 12:16
"Mekhilta DeRabbi Yishmael, Tractate Pischa 8:4-6",Bamidbar Rabbah 11:7
"Mekhilta DeRabbi Yishmael, Tractate Pischa 8:4-6",Mekhilta d'Rabbi Shimon Ben Yochai 20:1
"Mekhilta DeRabbi Yishmael, Tractate Pischa 8:7-9",Mekhilta d'Rabbi Shimon Ben Yochai 12:15
"Mekhilta DeRabbi Yishmael, Tractate Pischa 8:10-19",Mekhilta d'Rabbi Shimon Ben Yochai 12:15
"Mekhilta DeRabbi Yishmael, Tractate Pischa 9:14-15",Arakhin 28b:2-3
"Mekhilta DeRabbi Yishmael, Tractate Pischa 9:14-15",Bava Kamma 109b:6
"Mekhilta DeRabbi Yishmael, Tractate Pischa 10:1-2",Mekhilta d'Rabbi Shimon Ben Yochai 12:18
"Mekhilta DeRabbi Yishmael, Tractate Pischa 10:3",Mekhilta d'Rabbi Shimon Ben Yochai 12:19
"Mekhilta DeRabbi Yishmael, Tractate Pischa 10:5-8",Mekhilta d'Rabbi Shimon Ben Yochai 12:19
"Mekhilta DeRabbi Yishmael, Tractate Pischa 10:5-8",Mekhilta d'Rabbi Shimon Ben Yochai 12:15
"Mekhilta DeRabbi Yishmael, Tractate Pischa 10:9",Mekhilta d'Rabbi Shimon Ben Yochai 31:3
"Mekhilta DeRabbi Yishmael, Tractate Pischa 1:2",Bava Kamma 70b:3
"Mekhilta DeRabbi Yishmael, Tractate Pischa 1:2",Bava Batra 56b:4
"Mekhilta DeRabbi Yishmael, Tractate Pischa 1:8-19",Bamidbar Rabbah 14:1
"Mekhilta DeRabbi Yishmael, Tractate Pischa 13:31-14:14",Bereshit Rabbah 48:10
"Mekhilta DeRabbi Yishmael, Tractate Pischa 13:31-14:14",Bamidbar Rabbah 21:22
"Mekhilta DeRabbi Yishmael, Tractate Pischa 3:9",Bava Metzia 96a:21
"Mekhilta DeRabbi Yishmael, Tractate Pischa 3:9",Chagigah 10b:13
"Mekhilta DeRabbi Yishmael, Tractate Pischa 15:12-13",Chullin 115b:1-2
"Mekhilta DeRabbi Yishmael, Tractate Pischa 15:12-13",Mekhilta d'Rabbi Shimon Ben Yochai 21:4
"Mekhilta DeRabbi Yishmael, Tractate Pischa 15:18",Mekhilta d'Rabbi Shimon Ben Yochai 13:4
"Mekhilta DeRabbi Yishmael, Tractate Pischa 4:5-10",Mekhilta d'Rabbi Shimon Ben Yochai 13:4
"Mekhilta DeRabbi Yishmael, Tractate Pischa 5:1-14",Bamidbar Rabbah 20:22
"Mekhilta DeRabbi Yishmael, Tractate Pischa 5:15",Bava Metzia 96a:21
"Mekhilta DeRabbi Yishmael, Tractate Pischa 5:15",Chagigah 10b:13
"Mekhilta DeRabbi Yishmael, Tractate Pischa 5:16-18",Mekhilta d'Rabbi Shimon Ben Yochai 35:1
"Mekhilta DeRabbi Yishmael, Tractate Pischa 18:11",Bekhorot 9a:12
"Mekhilta DeRabbi Yishmael, Tractate Pischa 18:12-15",Mekhilta d'Rabbi Shimon Ben Yochai 13:12
"Mekhilta DeRabbi Yishmael, Tractate Pischa 18:19-22",Kohelet Rabbah 9:9:1
"Mekhilta DeRabbi Yishmael, Tractate Pischa 18:19-22",Mekhilta d'Rabbi Shimon Ben Yochai 34:9
"Mekhilta DeRabbi Yishmael, Tractate Pischa 18:19-22",Mekhilta d'Rabbi Shimon Ben Yochai 21:15
"Mekhilta DeRabbi Yishmael, Tractate Pischa 18:23-25",Mekhilta d'Rabbi Shimon Ben Yochai 12:26
"Mekhilta DeRabbi Yishmael, Tractate Vayehi Beshalach 1:22-23",Bamidbar Rabbah 1:2
"Mekhilta DeRabbi Yishmael, Tractate Vayehi Beshalach 1:22-23",Devarim Rabbah 4:11
"Mekhilta DeRabbi Yishmael, Tractate Vayehi Beshalach 1:25-27",Bamidbar Rabbah 13:4
"Mekhilta DeRabbi Yishmael, Tractate Vayehi Beshalach 1:25-27",Mekhilta d'Rabbi Shimon Ben Yochai 19:18
"Mekhilta DeRabbi Yishmael, Tractate Pischa 17:7-13",Chagigah 18a:6
"Mekhilta DeRabbi Yishmael, Tractate Pischa 17:7-13",Mekhilta d'Rabbi Shimon Ben Yochai 12:16
"Mekhilta DeRabbi Yishmael, Tractate Pischa 17:20",Mekhilta d'Rabbi Shimon Ben Yochai 12:26
"Mekhilta DeRabbi Yishmael, Tractate Pischa 17:31-32",Eruvin 96a:13
"Mekhilta DeRabbi Yishmael, Tractate Pischa 17:31-32",Mekhilta d'Rabbi Shimon Ben Yochai 13:9
"Mekhilta DeRabbi Yishmael, Tractate Vayehi Beshalach 3:3-4",Mekhilta d'Rabbi Shimon Ben Yochai 14:10
"Mekhilta DeRabbi Yishmael, Tractate Vayehi Beshalach 3:6",Mekhilta d'Rabbi Shimon Ben Yochai 14:10
"Mekhilta DeRabbi Yishmael, Tractate Vayehi Beshalach 3:7-16",Avodah Zarah 7b:16
"Mekhilta DeRabbi Yishmael, Tractate Vayehi Beshalach 6:11-13",Eikhah Rabbah 2:1-2
"Mekhilta DeRabbi Yishmael, Tractate Vayehi Beshalach 6:14-20",Mekhilta d'Rabbi Shimon Ben Yochai 14:23
"Mekhilta DeRabbi Yishmael, Tractate Vayehi Beshalach 7:1-3",Mekhilta d'Rabbi Shimon Ben Yochai 14:24
"Mekhilta DeRabbi Yishmael, Tractate Vayehi Beshalach 7:1-3",Mekhilta d'Rabbi Shimon Ben Yochai 18:11
"Mekhilta DeRabbi Yishmael, Tractate Vayehi Beshalach 7:4-5",Mekhilta d'Rabbi Shimon Ben Yochai 14:25
"Mekhilta DeRabbi Yishmael, Tractate Vayehi Beshalach 7:6",Mekhilta d'Rabbi Shimon Ben Yochai 15:19
"Mekhilta DeRabbi Yishmael, Tractate Vayehi Beshalach 7:6",Mekhilta d'Rabbi Shimon Ben Yochai 14:26
"Mekhilta DeRabbi Yishmael, Tractate Vayehi Beshalach 7:7-11",Mekhilta d'Rabbi Shimon Ben Yochai 14:27
"Mekhilta DeRabbi Yishmael, Tractate Vayehi Beshalach 7:7-11",Mekhilta d'Rabbi Shimon Ben Yochai 14:20
"Mekhilta DeRabbi Yishmael, Tractate Vayehi Beshalach 7:7-11",Avot D'Rabbi Natan 27:2
"Mekhilta DeRabbi Yishmael, Tractate Vayehi Beshalach 2:1-2",Mekhilta d'Rabbi Shimon Ben Yochai 14:1-2
"Mekhilta DeRabbi Yishmael, Tractate Vayehi Beshalach 2:2-5",Mekhilta d'Rabbi Shimon Ben Yochai 14:5
"Mekhilta DeRabbi Yishmael, Tractate Vayehi Beshalach 2:2-5",Mekhilta d'Rabbi Shimon Ben Yochai 14:2
"Mekhilta DeRabbi Yishmael, Tractate Vayehi Beshalach 2:6",Bamidbar Rabbah 21:13
"Mekhilta DeRabbi Yishmael, Tractate Vayehi Beshalach 2:6",Mekhilta d'Rabbi Shimon Ben Yochai 14:3
"Mekhilta DeRabbi Yishmael, Tractate Vayehi Beshalach 2:7",Mekhilta d'Rabbi Shimon Ben Yochai 14:3
"Mekhilta DeRabbi Yishmael, Tractate Vayehi Beshalach 2:8",Mekhilta d'Rabbi Shimon Ben Yochai 14:4
"Mekhilta DeRabbi Yishmael, Tractate Vayehi Beshalach 2:9-12",Mekhilta d'Rabbi Shimon Ben Yochai 14:4-5
"Mekhilta DeRabbi Yishmael, Tractate Vayehi Beshalach 2:11-12",Mekhilta d'Rabbi Shimon Ben Yochai 14:4-5
"Mekhilta DeRabbi Yishmael, Tractate Vayehi Beshalach 2:12-13",Mekhilta d'Rabbi Shimon Ben Yochai 14:5
"Mekhilta DeRabbi Yishmael, Tractate Vayehi Beshalach 2:13-14",Mekhilta d'Rabbi Shimon Ben Yochai 14:5
"Mekhilta DeRabbi Yishmael, Tractate Vayehi Beshalach 2:13",Mekhilta d'Rabbi Shimon Ben Yochai 14:5
"Mekhilta DeRabbi Yishmael, Tractate Vayehi Beshalach 2:14-16",Mekhilta d'Rabbi Shimon Ben Yochai 14:5
"Mekhilta DeRabbi Yishmael, Tractate Vayehi Beshalach 2:17-24",Mekhilta d'Rabbi Shimon Ben Yochai 14:5
"Mekhilta DeRabbi Yishmael, Tractate Shirah 9:6-9",Bamidbar Rabbah 18:14
"Mekhilta DeRabbi Yishmael, Tractate Shirah 9:6-9",Mekhilta d'Rabbi Shimon Ben Yochai 15:13
"Mekhilta DeRabbi Yishmael, Tractate Shirah 9:6-9",Devarim Rabbah 5:15
"Mekhilta DeRabbi Yishmael, Tractate Shirah 9:10-11",Mekhilta d'Rabbi Shimon Ben Yochai 15:13
"Mekhilta DeRabbi Yishmael, Tractate Shirah 9:10",Mekhilta d'Rabbi Shimon Ben Yochai 15:2
"Mekhilta DeRabbi Yishmael, Tractate Shirah 9:10",Mekhilta d'Rabbi Shimon Ben Yochai 15:13
"Mekhilta DeRabbi Yishmael, Tractate Shirah 9:15-18",Mekhilta d'Rabbi Shimon Ben Yochai 15:15
"Mekhilta DeRabbi Yishmael, Tractate Shirah 9:19",Mekhilta d'Rabbi Shimon Ben Yochai 15:15
"Mekhilta DeRabbi Yishmael, Tractate Shirah 9:20-22",Mekhilta d'Rabbi Shimon Ben Yochai 15:16
"Mekhilta DeRabbi Yishmael, Tractate Shirah 9:20-21",Mekhilta d'Rabbi Shimon Ben Yochai 18:1
"Mekhilta DeRabbi Yishmael, Tractate Shirah 9:20-21",Mekhilta d'Rabbi Shimon Ben Yochai 15:11
"Mekhilta DeRabbi Yishmael, Tractate Shirah 9:20-21",Mekhilta d'Rabbi Shimon Ben Yochai 15:16
"Mekhilta DeRabbi Yishmael, Tractate Shirah 9:20-21",Mekhilta d'Rabbi Shimon Ben Yochai 15:2
"Mekhilta DeRabbi Yishmael, Tractate Shirah 9:22-23",Mekhilta d'Rabbi Shimon Ben Yochai 15:16
"Mekhilta DeRabbi Yishmael, Tractate Shirah 9:24-10:1",Mekhilta d'Rabbi Shimon Ben Yochai 15:16-17
"Mekhilta DeRabbi Yishmael, Tractate Shirah 9:24-26",Mekhilta d'Rabbi Shimon Ben Yochai 15:17
"Mekhilta DeRabbi Yishmael, Tractate Shirah 9:24-26",Mekhilta d'Rabbi Shimon Ben Yochai 15:16
"Mekhilta DeRabbi Yishmael, Tractate Shirah 10:1",Mekhilta d'Rabbi Shimon Ben Yochai 19:1
"Mekhilta DeRabbi Yishmael, Tractate Shirah 2:1-26",Kohelet Rabbah 2:23:1
"Mekhilta DeRabbi Yishmael, Tractate Shirah 10:12-15",Megillah 14a:15
"Mekhilta DeRabbi Yishmael, Tractate Shirah 10:12-15",Mekhilta d'Rabbi Shimon Ben Yochai 15:20
"Mekhilta DeRabbi Yishmael, Tractate Shirah 10:16-17",Mekhilta d'Rabbi Shimon Ben Yochai 15:21
"Mekhilta DeRabbi Yishmael, Tractate Vayassa 1:1-5",Bamidbar Rabbah 7:2
"Mekhilta DeRabbi Yishmael, Tractate Vayassa 1:1-5",Mekhilta d'Rabbi Shimon Ben Yochai 15:22
"Mekhilta DeRabbi Yishmael, Tractate Vayassa 1:16-20",Bamidbar Rabbah 6:1
"Mekhilta DeRabbi Yishmael, Tractate Vayassa 1:16-21",Mekhilta d'Rabbi Shimon Ben Yochai 15:25-26
"Mekhilta DeRabbi Yishmael, Tractate Vayassa 1:16-20",Megillah 14a:19
"Mekhilta DeRabbi Yishmael, Tractate Vayassa 1:16-20",Mekhilta d'Rabbi Shimon Ben Yochai 15:25
"Mekhilta DeRabbi Yishmael, Tractate Vayassa 1:16-20",Bamidbar Rabbah 6:2
"Mekhilta DeRabbi Yishmael, Tractate Vayassa 1:21-30",Mekhilta d'Rabbi Shimon Ben Yochai 15:26
"Mekhilta DeRabbi Yishmael, Tractate Shirah 3:1-9",Mekhilta d'Rabbi Shimon Ben Yochai 15:2
"Mekhilta DeRabbi Yishmael, Tractate Shirah 3:10-21",Avodah Zarah 35a:6
"Mekhilta DeRabbi Yishmael, Tractate Shirah 3:10-21",Mekhilta d'Rabbi Shimon Ben Yochai 3:1
"Mekhilta DeRabbi Yishmael, Tractate Shirah 3:10-21",Mekhilta d'Rabbi Shimon Ben Yochai 18:1
"Mekhilta DeRabbi Yishmael, Tractate Shirah 4:1-17",Bereshit Rabbah 97:3
"Mekhilta DeRabbi Yishmael, Tractate Shirah 4:1-17",Mekhilta d'Rabbi Shimon Ben Yochai 15:4
"Mekhilta DeRabbi Yishmael, Tractate Shirah 4:1-17",Bereshit Rabbah 20:9
"Mekhilta DeRabbi Yishmael, Tractate Shirah 4:1-17",Mekhilta d'Rabbi Shimon Ben Yochai 15:3
"Mekhilta DeRabbi Yishmael, Tractate Shirah 5:1-18",Bava Batra 99a:6-7
"Mekhilta DeRabbi Yishmael, Tractate Shirah 6:12-15",Devarim Rabbah 1:20
"Mekhilta DeRabbi Yishmael, Tractate Shirah 6:16",Mekhilta d'Rabbi Shimon Ben Yochai 15:8
"Mekhilta DeRabbi Yishmael, Tractate Shirah 6:18",Mekhilta d'Rabbi Shimon Ben Yochai 14:17
"Mekhilta DeRabbi Yishmael, Tractate Shirah 6:18",Mekhilta d'Rabbi Shimon Ben Yochai 15:8
"Mekhilta DeRabbi Yishmael, Tractate Shirah 6:19-22",Avot D'Rabbi Natan 4:4
"Mekhilta DeRabbi Yishmael, Tractate Shirah 7:1",Mekhilta d'Rabbi Shimon Ben Yochai 15:9
"Mekhilta DeRabbi Yishmael, Tractate Amalek 2:40-44",Esther Rabbah 7:11
"Mekhilta DeRabbi Yishmael, Tractate Amalek 2:40-44",Bava Batra 10b:3
"Mekhilta DeRabbi Yishmael, Tractate Amalek 2:40-44",Mekhilta d'Rabbi Shimon Ben Yochai 22:3
"Mekhilta DeRabbi Yishmael, Tractate Amalek 2:47-49",Eikhah Rabbah 3:23
"Mekhilta DeRabbi Yishmael, Tractate Amalek 2:50-51",Mekhilta d'Rabbi Shimon Ben Yochai 17:16
"Mekhilta DeRabbi Yishmael, Tractate Vayassa 7:1-2",Mekhilta d'Rabbi Shimon Ben Yochai 17:1-2
"Mekhilta DeRabbi Yishmael, Tractate Vayassa 7:1",Mekhilta d'Rabbi Shimon Ben Yochai 17:8
"Mekhilta DeRabbi Yishmael, Tractate Vayassa 7:3",Mekhilta d'Rabbi Shimon Ben Yochai 17:2
"Mekhilta DeRabbi Yishmael, Tractate Vayassa 7:8-9",Mekhilta d'Rabbi Shimon Ben Yochai 17:4
"Mekhilta DeRabbi Yishmael, Tractate Vayassa 7:10",Mekhilta d'Rabbi Shimon Ben Yochai 17:5
"Mekhilta DeRabbi Yishmael, Tractate Vayassa 7:12-15",Mekhilta d'Rabbi Shimon Ben Yochai 17:5
"Mekhilta DeRabbi Yishmael, Tractate Vayassa 7:16",Mekhilta d'Rabbi Shimon Ben Yochai 17:6
"Mekhilta DeRabbi Yishmael, Tractate Vayassa 7:16",Bamidbar Rabbah 2:12
"Mekhilta DeRabbi Yishmael, Tractate Vayassa 7:17",Mekhilta d'Rabbi Shimon Ben Yochai 17:6
"Mekhilta DeRabbi Yishmael, Tractate Vayassa 7:18",Mekhilta d'Rabbi Shimon Ben Yochai 17:7
"Mekhilta DeRabbi Yishmael, Tractate Vayassa 7:19",Mekhilta d'Rabbi Shimon Ben Yochai 17:7
"Mekhilta DeRabbi Yishmael, Tractate Amalek 1:1-2",Mekhilta d'Rabbi Shimon Ben Yochai 17:8
"Mekhilta DeRabbi Yishmael, Tractate Amalek 1:3-5",Mekhilta d'Rabbi Shimon Ben Yochai 17:8
"Mekhilta DeRabbi Yishmael, Tractate Amalek 1:8-10",Bekhorot 5b:3
"Mekhilta DeRabbi Yishmael, Tractate Amalek 1:11-15",Mekhilta d'Rabbi Shimon Ben Yochai 17:9
"Mekhilta DeRabbi Yishmael, Tractate Amalek 3:1-3",Bereshit Rabbah 49:9
"Mekhilta DeRabbi Yishmael, Tractate Amalek 3:1-3",Mekhilta d'Rabbi Shimon Ben Yochai 18:1
"Mekhilta DeRabbi Yishmael, Tractate Amalek 4:31-36",Kohelet Rabbah 3:14:1
"Mekhilta DeRabbi Yishmael, Tractate Amalek 4:31-36",Mekhilta d'Rabbi Shimon Ben Yochai 18:26
"Mekhilta DeRabbi Yishmael, Tractate Amalek 4:31-36",Bamidbar Rabbah 8:4
"Mekhilta DeRabbi Yishmael, Tractate Amalek 4:37",Mekhilta d'Rabbi Shimon Ben Yochai 18:26
"Mekhilta DeRabbi Yishmael, Tractate Amalek 3:15-16",Devarim Rabbah 5:13
"Mekhilta DeRabbi Yishmael, Tractate Amalek 3:15-16",Mekhilta d'Rabbi Shimon Ben Yochai 18:2
"Mekhilta DeRabbi Yishmael, Tractate Amalek 3:17-25",Mekhilta d'Rabbi Shimon Ben Yochai 18:3
"Mekhilta DeRabbi Yishmael, Tractate Amalek 3:26-27",Mekhilta d'Rabbi Shimon Ben Yochai 18:4
"Mekhilta DeRabbi Yishmael, Tractate Amalek 3:28",Mekhilta d'Rabbi Shimon Ben Yochai 18:5
"Mekhilta DeRabbi Yishmael, Tractate Amalek 3:30-32",Mekhilta d'Rabbi Shimon Ben Yochai 18:5
"Mekhilta DeRabbi Yishmael, Tractate Amalek 3:30-33",Mekhilta d'Rabbi Shimon Ben Yochai 18:6-7
"Mekhilta DeRabbi Yishmael, Tractate Amalek 3:30-32",Mekhilta d'Rabbi Shimon Ben Yochai 18:6
"Mekhilta DeRabbi Yishmael, Tractate Amalek 3:33",Mekhilta d'Rabbi Shimon Ben Yochai 18:7
"Mekhilta DeRabbi Yishmael, Tractate Bachodesh 1:6-9",Avot D'Rabbi Natan 17:4
"Mekhilta DeRabbi Yishmael, Tractate Bachodesh 1:6-9",Bava Metzia 89a:2
"Mekhilta DeRabbi Yishmael, Tractate Bachodesh 8:1-7",Kiddushin 30b:18
"Mekhilta DeRabbi Yishmael, Tractate Bachodesh 8:1-7",Bava Metzia 32a:16
"Mekhilta DeRabbi Yishmael, Tractate Bachodesh 8:1-7",Mekhilta d'Rabbi Shimon Ben Yochai 20:12
"Mekhilta DeRabbi Yishmael, Tractate Bachodesh 8:1-7",Esther Rabbah 1:12
"Mekhilta DeRabbi Yishmael, Tractate Bachodesh 8:12-15",Mekhilta d'Rabbi Shimon Ben Yochai 20:13
"Mekhilta DeRabbi Yishmael, Tractate Bachodesh 8:12-15",Mekhilta d'Rabbi Shimon Ben Yochai 20:14
"Mekhilta DeRabbi Yishmael, Tractate Bachodesh 8:16-22",Avot D'Rabbi Natan 24:7
"Mekhilta DeRabbi Yishmael, Tractate Bachodesh 8:23",Bamidbar Rabbah 11:7
"Mekhilta DeRabbi Yishmael, Tractate Bachodesh 9:2-7",Bamidbar Rabbah 7:1
"Mekhilta DeRabbi Yishmael, Tractate Bachodesh 9:9-10",Kohelet Rabbah 9:11:2
"Mekhilta DeRabbi Yishmael, Tractate Bachodesh 9:15",Bamidbar Rabbah 20:24
"Mekhilta DeRabbi Yishmael, Tractate Bachodesh 9:15",Mekhilta d'Rabbi Shimon Ben Yochai 20:18
"Mekhilta DeRabbi Yishmael, Tractate Bachodesh 9:15",Mekhilta d'Rabbi Shimon Ben Yochai 19:4
"Mekhilta DeRabbi Yishmael, Tractate Bachodesh 10:1-13",Berakhot 60b:11
"Mekhilta DeRabbi Yishmael, Tractate Bachodesh 11:9-10",Berakhot 6a:9-11
"Mekhilta DeRabbi Yishmael, Tractate Bachodesh 11:9-11",Mekhilta d'Rabbi Shimon Ben Yochai 20:21-22
"Mekhilta DeRabbi Yishmael, Tractate Bachodesh 5:7-11",Kohelet Rabbah 3:11:2
"Mekhilta DeRabbi Yishmael, Tractate Bachodesh 5:7-11",Eikhah Rabbah 3:1
"Mekhilta DeRabbi Yishmael, Tractate Bachodesh 5:12",Mekhilta d'Rabbi Shimon Ben Yochai 20:2
"Mekhilta DeRabbi Yishmael, Tractate Bachodesh 6:17-21",Avodah Zarah 54b:18
"Mekhilta DeRabbi Yishmael, Tractate Nezikin 3:23-25",Ketubot 47b:10
"Mekhilta DeRabbi Yishmael, Tractate Nezikin 3:23-25",Gittin 70b:19
"Mekhilta DeRabbi Yishmael, Tractate Nezikin 5:23-28",Bamidbar Rabbah 8:5
"Mekhilta DeRabbi Yishmael, Tractate Nezikin 5:23-28",Bava Batra 115a:10
"Mekhilta DeRabbi Yishmael, Tractate Nezikin 6:2-4",Mekhilta d'Rabbi Shimon Ben Yochai 21:33
"Mekhilta DeRabbi Yishmael, Tractate Nezikin 6:6-8",Bava Kamma 50b:9
"Mekhilta DeRabbi Yishmael, Tractate Nezikin 6:12-14",Chullin 91b:5
"Mekhilta DeRabbi Yishmael, Tractate Nezikin 1:1-2",Eikhah Rabbah 1:41
"Mekhilta DeRabbi Yishmael, Tractate Nezikin 7:7-10",Bava Kamma 91a:8
"Mekhilta DeRabbi Yishmael, Tractate Nezikin 7:7-10",Bava Kamma 50b:4
"Mekhilta DeRabbi Yishmael, Tractate Nezikin 8:3-4",Kiddushin 15a:1-2
"Mekhilta DeRabbi Yishmael, Tractate Nezikin 9:9-11",Kiddushin 15a:1
"Mekhilta DeRabbi Yishmael, Tractate Nezikin 9:12-13",Mekhilta d'Rabbi Shimon Ben Yochai 21:27
"Mekhilta DeRabbi Yishmael, Tractate Nezikin 10:14-17",Bava Kamma 33a:9
"Mekhilta DeRabbi Yishmael, Tractate Nezikin 10:18",Bava Kamma 37a:23
"Mekhilta DeRabbi Yishmael, Tractate Nezikin 10:26-27",Bava Kamma 44b:10
"Mekhilta DeRabbi Yishmael, Tractate Nezikin 10:26-27",Mekhilta d'Rabbi Shimon Ben Yochai 21:29
"Mekhilta DeRabbi Yishmael, Tractate Nezikin 1:8-9",Mekhilta d'Rabbi Shimon Ben Yochai 12:12
"Mekhilta DeRabbi Yishmael, Tractate Nezikin 1:18-22",Kiddushin 21a:13
"Mekhilta DeRabbi Yishmael, Tractate Nezikin 2:11",Beitzah 22a:3
"Mekhilta DeRabbi Yishmael, Tractate Nezikin 2:18-19",Chagigah 7a:16
"Mekhilta DeRabbi Yishmael, Tractate Nezikin 16:7",Bamidbar Rabbah 9:35
"Mekhilta DeRabbi Yishmael, Tractate Nezikin 16:8",Mekhilta d'Rabbi Shimon Ben Yochai 22:9
"Mekhilta DeRabbi Yishmael, Tractate Nezikin 16:9",Horayot 5a:15
"Mekhilta DeRabbi Yishmael, Tractate Nezikin 16:9",Mekhilta d'Rabbi Shimon Ben Yochai 22:10
"Mekhilta DeRabbi Yishmael, Tractate Nezikin 16:9",Horayot 7b:9
"Mekhilta DeRabbi Yishmael, Tractate Nezikin 16:13",Mekhilta d'Rabbi Shimon Ben Yochai 22:12
"Mekhilta DeRabbi Yishmael, Tractate Nezikin 16:13",Mekhilta d'Rabbi Shimon Ben Yochai 22:11
"Mekhilta DeRabbi Yishmael, Tractate Nezikin 16:15-20",Mekhilta d'Rabbi Shimon Ben Yochai 22:12
"Mekhilta DeRabbi Yishmael, Tractate Nezikin 16:22-23",Mekhilta d'Rabbi Shimon Ben Yochai 22:13
"Mekhilta DeRabbi Yishmael, Tractate Nezikin 17:14-17",Bekhorot 57a:8
"Mekhilta DeRabbi Yishmael, Tractate Nezikin 17:14-17",Mekhilta d'Rabbi Shimon Ben Yochai 22:17
"Mekhilta DeRabbi Yishmael, Tractate Nezikin 17:18",Kiddushin 15a:1
"Mekhilta DeRabbi Yishmael, Tractate Nezikin 17:18",Mekhilta d'Rabbi Shimon Ben Yochai 22:17
"Mekhilta DeRabbi Yishmael, Tractate Nezikin 17:19-20",Mekhilta d'Rabbi Shimon Ben Yochai 22:19
"Mekhilta DeRabbi Yishmael, Tractate Nezikin 13:1-2",Mekhilta d'Rabbi Shimon Ben Yochai 31:2
"Mekhilta DeRabbi Yishmael, Tractate Kaspa 1:19-21",Bamidbar Rabbah 10:8
"Mekhilta DeRabbi Yishmael, Tractate Kaspa 1:23-24",Mekhilta d'Rabbi Shimon Ben Yochai 22:28
"Mekhilta DeRabbi Yishmael, Tractate Kaspa 1:25-26",Bekhorot 4a:6
"Mekhilta DeRabbi Yishmael, Tractate Kaspa 1:27-31",Mekhilta d'Rabbi Shimon Ben Yochai 13:4
"Mekhilta DeRabbi Yishmael, Tractate Kaspa 2:2-7",Bava Batra 115a:10
"Mekhilta DeRabbi Yishmael, Tractate Kaspa 2:2-7",Bava Metzia 31b:9
"Mekhilta DeRabbi Yishmael, Tractate Nezikin 13:14-17",Chullin 94a:10-11
"Mekhilta DeRabbi Yishmael, Tractate Nezikin 15:5",Bava Kamma 106b:4
"Mekhilta DeRabbi Yishmael, Tractate Nezikin 15:9",Kiddushin 42b:11
"Mekhilta DeRabbi Yishmael, Tractate Nezikin 15:9",Bava Metzia 44a:1
"Mekhilta DeRabbi Yishmael, Tractate Kaspa 3:21",Makkot 8b:3
"Mekhilta DeRabbi Yishmael, Tractate Kaspa 4:1-3",Mekhilta d'Rabbi Shimon Ben Yochai 31:2
"Mekhilta DeRabbi Yishmael, Tractate Kaspa 5:17-38",Megillah 3b:11
"Mekhilta DeRabbi Yishmael, Tractate Kaspa 5:17-38",Mekhilta d'Rabbi Shimon Ben Yochai 21:15
"Mekhilta DeRabbi Yishmael, Tractate Kaspa 5:17-38",Chullin 115b:5-6
"Mekhilta DeRabbi Yishmael, Tractate Kaspa 5:17-38",Chullin 116a:8
"Mekhilta DeRabbi Yishmael, Tractate Kaspa 5:17-38",Mekhilta d'Rabbi Shimon Ben Yochai 12:44
"Mekhilta DeRabbi Yishmael, Tractate Kaspa 5:17-38",Kiddushin 57b:10
"Mekhilta DeRabbi Yishmael, Tractate Kaspa 5:17-38",Bekhorot 10a:2
"Mekhilta DeRabbi Yishmael, Tractate Kaspa 5:17-38",Chullin 114b:1
"Mekhilta DeRabbi Yishmael, Tractate Kaspa 5:17-38",Bekhorot 10b:16
"Mekhilta DeRabbi Yishmael, Tractate Kaspa 2:14-16",Eikhah Rabbah 4:4
"Mekhilta DeRabbi Yishmael, Tractate Kaspa 2:17-19",Mekhilta d'Rabbi Shimon Ben Yochai 23:2
"Mekhilta DeRabbi Yishmael, Tractate Kaspa 2:24",Mekhilta d'Rabbi Shimon Ben Yochai 15:1
"Mekhilta DeRabbi Yishmael, Tractate Kaspa 2:29-30",Bava Metzia 33a:5
"Mekhilta DeRabbi Yishmael, Tractate Kaspa 2:35-36",Bamidbar Rabbah 8:5
"Mekhilta DeRabbi Yishmael, Tractate Kaspa 2:35-36",Bava Metzia 31a:19
"Mekhilta DeRabbi Yishmael, Tractate Kaspa 2:37",Bamidbar Rabbah 8:5
"Mekhilta DeRabbi Yishmael, Tractate Kaspa 2:37",Bava Metzia 31a:20
"Mekhilta DeRabbi Yishmael, Tractate Kaspa 3:8-16",Mekhilta d'Rabbi Shimon Ben Yochai 23:2
"Mekhilta DeRabbi Yishmael, Tractate Kaspa 3:8-16",Mekhilta d'Rabbi Shimon Ben Yochai 23:7
"Mekhilta DeRabbi Yishmael, Tractate Kaspa 3:17-19",Ketubot 105a:15-16
"Mekhilta DeRabbi Yishmael, Tractate Shabbata 1:2",Mekhilta d'Rabbi Shimon Ben Yochai 31:2
"Mekhilta DeRabbi Yishmael, Tractate Shabbata 1:3-10",Mekhilta d'Rabbi Shimon Ben Yochai 31:2
"Mekhilta DeRabbi Yishmael, Tractate Shabbata 1:3-9",Mekhilta d'Rabbi Shimon Ben Yochai 31:2
"Mekhilta DeRabbi Yishmael, Tractate Shabbata 1:10-13",Mekhilta d'Rabbi Shimon Ben Yochai 31:2-3
"Mekhilta DeRabbi Yishmael, Tractate Shabbata 1:10-12",Mekhilta d'Rabbi Shimon Ben Yochai 31:2
"Mekhilta DeRabbi Yishmael, Tractate Shabbata 1:13-14",Mekhilta d'Rabbi Shimon Ben Yochai 31:3
"Mekhilta DeRabbi Yishmael, Tractate Shabbata 1:15-18",Mekhilta d'Rabbi Shimon Ben Yochai 31:3
"Mekhilta DeRabbi Yishmael, Tractate Shabbata 1:15-18",Mekhilta d'Rabbi Shimon Ben Yochai 20:10
"Mekhilta DeRabbi Yishmael, Tractate Shabbata 1:19-20",Mekhilta d'Rabbi Shimon Ben Yochai 31:3
"Mekhilta DeRabbi Yishmael, Tractate Shabbata 1:21-23",Mekhilta d'Rabbi Shimon Ben Yochai 35:2
"Mekhilta DeRabbi Yishmael, Tractate Shabbata 1:21-23",Mekhilta d'Rabbi Shimon Ben Yochai 31:4
