ברכות,"פ""א ","ה""א (ב' ע""א)","@תיפתר באילין כופרניא.# — ע' במ""ה ז""ח פי בראשית."
,,"שם (ב' ע""ב)","@בר מן הדא כוכבתא.# — פי' כוכב נוגה הנקרא בלשון סורי כוכבתא וכן לקמן ע""ג איילתא דשחרא מ""ד כוכבתא (אמרי בינה למהר""ץ חיות)."
,,שם,"@רבי אומר הלבנה בתקופתה.# — פי' בשעת הניגוד ועל קו השוה והוא באמצע החדש שאז הלבנה מכוונת כנגד השמש בריחוק ק""פ מעלות כידוע וע' ב' ר""ה כ""א סוע""א וברש""י שם."
,,"שם (ב' ע""ג)","@כך עוביה של ארץ כו' חמשים שנה.# — ע' פר""א פ""ה."
,,שם,"@נופו אלא אפי' כורתו.# — פי' כורת הוא עובי העץ שמן הארץ עד שהענפים מתחילין להתפשט ממנו. וע' במ""נ ח""ב פרק ל' (וכעין זה ברא""פ) וע' ר""ש כלאים רפ""ה. שם (ב' ע""ב) תני שמואל הרגע אחד מהי ריבוא כו'.# —ז""ל פי' ס' יצירה לר' יהודה בן ברזילי ברצלוני צד 249: וכל יום כ""ד שעות קטנות שהן י""ב שעות גדולות יום ולילה, והשעה (פי' הגדולה) ט""ז מעלות היום והלילה קצ""ב מעלות. והמעלה י""א עונות, השעה קע""ו עונות היום והלילה ב' אלפים קי""ב עונות העונה י""ט עתות המעלה ריט עתות השעה ג' אלפים ושמ""ד עתות, היום והלילה מי אלף קכ""ח עתות, העת יין רגעים העונה שכ""ג רגעים המעלה ג' אלפים ך (פי' ך ארוכה היא ת""ק) נ""ג רגעים השעה ה' רבוא ו' אלפים תתמ""ח רגעים ע""כ וזה כשמואל כאן."
,,"שם (ב' ע""ד)","@והא תני אין אומ' דברי' אחר אמת ויציב.# —תוספתא פ""ק ובבלי (ל""א א'). שם ה""ח (ג' ע""ג) שתהא הגיית היום והלילה שוין כו'. פי' דבשחר קורא ג' פרשיות וג' ברכות ובערב אינו קורא אלא ב' פרשיות (שפרשת ציצית אינו קורא בלילה) לפיכך תיקנו ד' ברכות והכי איתא במדרש תהלים ז' (רשב""א בחדושיו סופ""א) ומ""ש עוד ע""ש שבע ביום הללתיך היינו שחושב אמת ויציב וגאל ישראל לשתים שכן כתוב במ' תהלים שם (וע' מ""ש בפנים עמ' 3)."
,,שם,"@מפני טענת המינין.# — צ""ל: @טינת# המינין (וכ""ה גיר' מהרש""ס, ע' חגיגה ט""ו ב'. וכן העתיק בערוך ערך תרעומות)."
,,"שם (ג' ע""ג)","@זכור את יום השבת לקדשו למען תזכרו.# במנהיג סימן מ""ח העתיק בשם ירושלמי זכור את יום השבת וזכרתם את כל מצוות ה' (וע' מג""א סימן סמיך אות ק""ב)."
,,"שם (ג' ע""ד)",@ואילין דאמרין צהלי כו' אין בו משום ברכה פסוק.# פי' דהברכה הולכת אחר חיתומה.
,"פ""ב ","ה""א (ד' ע""א)","@ובלבד בד'.# — [בעל מראה מקום והגהות מעיר: גרסת הטור א""ח ס""א ובלבד @שידגיש# בדלי""ת], וכ""ה בילקוט ואתחנן רמז תתל""ו וראבי""ה סמ""ו."
,,"שם (ד' ע""ב)",@מפני שהיא עשויה פרקים פרקים.# פי' שכל פרק ופרק רחוק בתורה מחבירו.
,,"שם ה""ג (ד' רע""ג)","@וכד הוה נפיק מסחי הוו יהבין ליה.# — כאן צ""ל מן ""ואינו"" עד ""מבפנים"" (כהגהת הגר""א) ואח""כ צ""ל: א""ר יצחק כו' לא היה לובשן וכד הוה @מענין# מייתן ליה (פי' מאחרין להביא לו תפילין) הוה אמר הדא מילתא (עי' פסיקתא רבתי פסקא ב' דעשרת הדברות ובזרע אפרים שם)."
,,"שם (ד' ע""ג)","@על מצות תפילין.# — ע' ריטב""א סוף רה""ש בשם נוסחאות מדויקות על יד על הנחת תפילין ועל של ראש על מצות תפילין."
,,"שם ה""ד (ד' ע""ד)","@א""ר יוסי מסתברא דיודי רב חסדא בתרומות.# — צ""ל: תמן תנינן (תרומות פ""א מ""ב) חרש המדבר ואינו שומע לא יתרום ואם תרם תרומתו תרומה. למי נצרכה לר' יוסי (פי' אף דסבר דאם לא השמיע לאזנו לא יצא מ""מ תרומתו תרומה דברכה אינה מעכבת) א""ר יוסי מסתברא דיודי רב חסדא כו' שאין תרומתן תרומה (פי' אותן החמשה הראשונים וזה תרומתן תרומה) כו' דר' יוסי היא (והחמשה האחרונים הם לר' יהודה הילכך לא איצטריך לאשמועינן במדבר ואינו שומע דתרומתו תרומה)."
,,שם,"@אם היה לשונו ערוך מותר.# — פי' אף שהוא מחיפה, ובאבי העזרי סימן נ""א מובא: אבל אם היה לשונו צרור בכל האותיות מותר (ונ""ל דהמלות בכל האותיות"" אינן מהירושלמי אלא הוספה ופירוש)."
,,"שם (ה' ע""א)","@וכוללין של ירושלים ושל ארץ.# צ""ל: @בשל# ארץ (ע' מ""ש להלן פ""ו ה""א)."
,,"שם היה (ה' סוע""א)","@ולמדת הדין א""ר יצחק וצרת הכסף.# —צ""ל: @ואף# למידת הדין כן א""ר יצחק כו' (היינו לעני שמירה כפי' רש""ס, וע' ב""מ מ""ב א')."
,,שם,"@בשם ר' יוחנן הגיעוך סוף מלאכ' המים כו'.# — פי' כל עיקר מלאכה במי חטאת שאסרו חכמים אינו אלא מעלה מדרבנן בעלמא ודלא כפי' מראה הפנים, וע' מהרש""ס שגורס הגיעך סוף מלאכת תפלה כו', ואין גירסתו מחוורת."
,,שם,"@ואסור ליטול ממנו כוס של ברכה כו'.# עי' שאלתות דרב אחאי פי תזריע [סי' פ""ה]. וגירסת הגר""א ואסורה ליטול ממנו כוס כו'."
,,"שם ה""ז (ה' ע""ב)","@דלא סחי כו' (עמ' 8).# — וגירסת הרא""ש בסופ""ב: במה אנן קיימין אם בדבר שיש בו סכנה אפי' בתשעה באב אפי' ביוה""כ נמי אלא בשאין בו סכנה."
,,"שם ה""ח (סוע""ב)","@מפני שהעבדים כבהמה אם על בני חורין כו' מי שמת כו' חסרונך.# — צריך לשנות הסדר וכצ""ל: מפני שהעבדים כבהמה מי שמת כו' חסרונך אם על בני חורין כו'."
,,"שם ה""ח (ה' רע""ג)","@דלמ' ר' חיי' בר אבא וחבורתי'.# — צ""ל: ר' חייא @רבה# וחבורתיה (כ""ה בב""ר פס""ב אות ה' וקהלת רבה פ""ה אות ט""ו) וכ""ה בנוסח מהרש""ס [וכ""ה ""רובה"" בכי""ר]."
,,שם,"@כהנא הוה עולם סגין.# — פי' גבור גדול, ע' ערוך ערך עלם ב' חזק ואמץ תרגומו תקף ועלם."
,,שם,"@א""ל עד כדון עונקתיה דההוא גברא רפיא# (פי' ר' יסא אמר להלץ עד עתה הרביד שעל צוארך רפה שסופך להחנק) כו' @א""ל ההוא עונקתא דהות רפי' כבר שנצת# (פי' נמשך ונתקצר ונתהדק, ע' כלים רפכ""ו ובבלי שבת צ""א ב')."
,,"שם ה""ט (ה' רע""ד)","@שהיה משתקע כו'.# — ע' ב' ב""ק פ""א ב'."
,,שם,"@יהודה בן פפוס.# בכו""פ פמ""ד וכן ביוחסין ערן פפוס בן יהודה הנוסח פפוס בן יהודה."
,"פ""ג ","מ""א ","@ומן התפלין.# — גירסת הבבלי ""ומן התפלה ומן התפילין"", אבל לקמן בגמרא מוכח שהירושלמי אינו גורס במתניתין ""תפילין"" כלל, ולפי זה צ""ל בסדר המשנה תפלה"" במקום ""תפילין""."
,,"שם ה""א","@תני ומן התפילין.# — נראה מזה שלא היה כתוב ""תפילין"" במתני', אבל מהרש""ס גורס ""תנינן ומן התפילין והתני אבל ביום כו'""."
,,שם,@בגין דתנא דא.# — פי' קרית שמע.
,,"(סוע""ד) ","@וכשמת ר""ג.# הגר""א גורס ""ר""ג הזקן"", ואיני יודע טעמו; שוב מצאתי נוסח זה באו""ז ח""ב סתכ""ב ושמחות ספי""א."
,,"שם (ו' רע""א)","@מיכן שהיו ישנין.# —צ""ל: מיכן שהיו @יושבין#."
,,שם,"@אלא יומא הן כו'.# — צ""ל: אלא יומא @דין# אבילא ולמחר מדידיה (כ""ה בתוה""א לרמב""ן וברא""פ) ר' יצחק בריה דר' חייא כתובה (פי' ""סופר"", והוא נזכר בפסחים סופ""א ובמגלה פ""א הי""א ע""א ע""ג ועוד בכמה מקומות ע' ערכו בסה""ד)."
,,שם,"@ר' אמי @עבר# ר' חזקיה כו'.# — כ""ה בנזיר ובתוה""א."
,,"שם (סוע""א)",@אי מפני סכנת דרכים.# — פי' של אמו.
,,"שם (ו' ע""ב)","@הקדיש עולתו לבדק הבית והוא מגיב ליה כו'.# — צ""ל: הקדיש עולתו לבדק הבית @מהו שימעול# והוא מגיב ליה משהכהנים מעכבים בשחיטתה מעל נימר כו' (ע' מדרש קהלת פ""ז ט' ותמורה ל""ב א', וכן הגיה הגר""א)."
,,שם,"@שמא יפסוק כו'.# ומהטעם הזה התקין ריב""ז שלא לעלות לדוכן בסנדליהם וכרב אשי בבבלי סוטה מי א'. ודלא כהמתחכמים לחדש טעם אחר שהוא זכר למקדש שאסור ליכנס לעזרה בסנדל."
,,"שם ה""ג","@את בניכם ולא את בנותיכם כו'.# — צ""ל: את בניכם ולא את בנותיכם החייב בתורה חייב בתפילין נשים שאינן חייבות בתורה אינן חייבות בתפילין עבדים מניין כו' (וכ""ה לעיל פ""ב ה""ג דף ד' ע""ג)."
,,"שם ה""ד (ו' ע""ג)",@מה טובלי שחרית עושין פה.# — פי' שבלילה יש סכנה לטבול שמא יטבע כדמשמע סוף הלכה זו.
,,שם,"@ר' זעירא בעי קומוי ר' יסא לית ר' פשט עם.# — כצ""ל [ומלת ביי מיותרת] ופי' שר' יסא היה רבו של ר' זעירא."
,,"שם ה""ה (סוע""ג)","@ברם כר' יהודה אפי' בינו לבין עצמו כו'.# הן חכמים דלעיל ריש היד שחולקין על ר""מ וסברי דזה שאין לו מים לטבול קורא ק""ש ומברך לפניה ולאחריה לכתחילה."
,,שם,"@יטבול וימות.# — פי' גוזמא כלומר אע""פ שקשה לו הטבילה מטריחין עליו אבל יש בו סכנה ודאי לא יטבול."
,,"שם (ו' רע""ד)","@אם הוא אדם מסוים. הגר""א הגיה ""מצונן"", אבל העיקר כנוסח שלפנינו שכ""ה סגנון הירושלמי, ע' רפ""ט."
,,שם,"@א""ר אמי א""ר שמאי.# — כאן נתחברו ב' נוסחאות, שבדפוס קונשטנדינא הנוסח ""א""ר אמי"" ובכ""י רומי (כפי שהעיד הרמ""ש לונץ בציוניו להוצאת הירושלמי שלו) הנוסח ,איר שמאי"" וכנוסח זה עיקר שר' שמאי ור' מנא בזמן אחד היו ע' נדרים פ""ט ה""א [מ""א רע""ג] ר' מנא סליק לגבי ר' שמי וע' קדושין פ""א ה""ג [נ""ט סוע""ד] א""ר מנא לר' שמי."
,,"שם (ו' ע""ד)","@ובלבד באדומים.# פי' באדום ששם יש מין שעורין רע ובזול ואוכלין אותו תרנגולין ע' ערלה פ""ב ה""א [ס""ב רע""א] (ע' מג""א סע""ט אות י""ד). שם עושה לו כיליון. כמו כילת חתנים (רא""פ) והיינו דאמר ריב""ל בבבלי כ""ו א' עושה לו מחיצה עשרה."
,"פ""ד ","ה""א (ז' ע""א)","@מילתיה דחנן בר אבא פליגא.# — כ""ז מיותר ונגרר מפ""א ה""ח (ג' ע""ד)."
,,שם,"@כנגד ג' פעמים שהיום משתנה כו'.# — ע' נדה פ""א ה""ז [מ""ט ע""ג]."
,,"שם (סוע""א)","@כך זכיתי לראות במערב.# — צ""ל: כך @זכני# כו'."
,,"שם (ז' ע""ב)","@אן מעדות למד ר' יודה.# צ""ל: אף מעדות (וגירסת מהרש""ס ומעדות, וגירסת רא""פ אי [וכ""ה בדיו] ופירושו כמו או)."
,,"שם (ז' ע""ג)","@ר' אבינא אמר אומר ברכה רביעית.# הרא""ש גרס חמישית ופי' אחר קדושת היום."
,,"שם (ז' ע""ד)","@ר' יעקב בן סיסי אמר שמונים ספסלים כו'.# — כעין זה יש בע""ז (פ""ב סה""ב, מ""א רע""א) דריבר""ב אמר ג' מאות ור' לעזר בר' יוסי אמר שמונים, ואפשר שגם כאן צ""ל ר' לעזר בר' יוסי אמר שמונים, ויותר נראה שגם בע""ז צ""ל ""ר' יעקב בר סיסי"" שכן בבבלי (כ""ח א') איתא במקומו אבא יוסי בן דוסאי והוא בן סיסי דכאן."
,,"שם ה""ג (ח' רע""א)","@שאדם צריך לומר לרבו.# —בראבי""ה ס""צ העתיק רמז לת""ח הוא שצ""ל לחבירו אחר תפלתו תעתר ותשמע תפלתך."
,,שם,"@אם יאמר לך אדם י""ט הן כו'.# — הגר""א בש""א הגיה: אם יאמר לך אדם י""ט הן אמור לו וזכרתי את בריתי יעקב (ויקרא כ""ו מ""ב) לית הוא מינהון. אם יאמר לך אדם י""ז הן אמור לו זכור לאברהם וליצחק ולישראל עבדיך (שמות ל""ב י""ג) מנהון (וע' תנחומא ר""פ וירא וממה דמייתי לה בב""ר ר""פ ויצא לא משמע כן, ע""כ נ""ל דבסיפא צ""ל כגירסא שלפנינו)."
,,שם,"@כי אתה ה' עונה בעת צרה כו'.# צ""ל: צרה @וצוקה כאמור ויצעקו# (כ""ה בערוך ע' קבל א')."
,,שם,"@הוה כן איתתבת בין גואל כו'.# — צ""ל: הוה @אומר# בין כו' (כגי' הגר""א, שם ופירושו דאי ס""ל לרב הונא דבתענית יחיד אומר בש""ת לא הוה קשיא מידי מהא דמשמע מזאת הברייתא דדוקא בת""צ צריך להתפלל י""ח כדי להזכיר מעין המאורע ולא בתענית יחיד דהא במעין י""ח נמי יכול להזכיר בש""ת מעין המאורע כמו שמזכיר גשם וטל כדלקמן)."
,,"שם (סוע""א)",@איני חותך.# — בפסקי ר' ישעיה דטראני: רב אמר חותם ושמואל אמר חותך.
,,"שם (ח' רע""ב)","@לית מילתיה דר' יוחנן אמרה ספק כו'.# — צ""ל: לית מילתיה דר' יוחנן פליגא על ר' ירמיה דאמר ספק כו' (כהגהת הגר""א. ודברי ר' ירמיה תמצא ראש ברכות והוא ר' ירמיה בר אבא שר""ז אומר משמו)."
,,שם,"@כל החולי בחזקת סכנה.# — ירושלמי זה נעלם מרדב""ז ח""ג סתקע""ב."
,,שם,"@צריך אדם להתפלל במקום שהוא מיוחד לתפלה.# — פי' ואם יש לו מקום מיוחד בביתו יתפלל בביתו ולא בבה""כ וע""ל דף זה סוע""ד שכן פירש מהרש""ס שם."
,,"שם ה""ה (סוע""ב)","@לכל הרוחות אין מחזירין כו'.# — הגר""א מוחק מלת ""אין"" וכן ליתא בנוסחת מהרש""ס וע' ב' ב""ב כ""ה א'."
,,"שם (ח' ע""ג)","@דביר וכו' שמשם דבר יוצא לעולם.# בתוי""ט רפיד דמדות העתיק בשם ראבי""ה בפרק תפלת השחר בירושלמי היכל שמשם כלכלה יוצאה לעולם בתפלה של כה""ג ביוה""כ דביר על שם ודבר ה' מירושלם ואית דאמר למען אחי ורעי אדברה נא שלום בך וסיים בתוי""ט ובירושלמי שלפנינו גירסא אחרת."
,,"שם ה""ו",@מן דמצלין אתת צלותא.# — פי' של הצבור.
,"פ""ה ","ה""א (ח' ע""ד)","@השיבנו תחת כי מאס מאסתנו.# יש מפרשים שצריך לכפול השיבנו כמו שנמסר במסורה, ור""מ ד""ל מפרש שאינו אלא נתינת טעם להשיבנו וע' אבי העזרי סימן צ""א."
,,שם,"@אלא מתוך דין של הלכה.# ברא""ש סימן ב' העתיק: מתוך דברי הלכה."
,,"שם (סוע""ד)","@רבי אבהו בשם רבי אבהו.# בילקוט ישעיה רמז תפ""א וכן במהרש""ס ובכ""י רומי: ר' ירמיה בשם ר' אבהו (ונפלו דברי דד""ו ח""ג פ""ו הערה י""ג שהיה ר' אבהו קדמון)."
,,"שם (ט' רע""א)",@להקל את רגליו.# —פי' ללכת מהר.
,,שם,"@כגון אל אלקים ה'.# — בבית יוסף יו""ד ר""ס רע""ו מוכח דלא גרס ד' מלות אלו ופסוק הוא ביהושע כ""ב. ובתורה יש ""ה' אלקינו ה'"" או ""ה' ה' אל רחום""."
,,שם,"@ריש לקיש מנהגו באוריתא כו'.# —ע' ב' עירובין נ""ד ב'."
,,"שם (ט' ע""ב)","@כגון ריה""ג והוא מפגיע כו'.# —ע' כתובות פי""א ה""ג [ל""ד סוע""ב] שר' יוסי הגלילי היה מעלה מזונות לגרושתו, ובב""ר פל""ג ביומי דר' תנחומא היו צריכין ישראל לתענית כו' ראו אדם אחד נותן מעות לגרושתו כו' א""ל מפני מה נתת לה מעות א""ל רבי ראיתי אותה בצרה והתמלאתי עליה רחמים כו' מיד ירדו גשמים ונתרוה העולם."
,,"שם ה""ה (ט' סוע""ג)","@בעונה על ברכה וברכה.# — באו""ז הל' סעודה סימן ק""צ העתיק בשם ירושלמי: בעונה על ברכה וברכה אמר רב כגון אילין תלתא אדם עונה אמן אחר ברכותיו בהבוחר בעמו ישראל באהבה ובאוהב עמו ישראל ובבונה ירושלים בין בצלותא ובין בברה""מ (וכן ברוקח סי' של""ז, וע' במנהיג דיני תפלה סימן ל""ד נוסח אחר בשם מקצת סידורין)."
,,"שם (יו""ד ע""א)","@פרידה אחת של ענב כו'.# — פי' גרגיר אחד שבענבה או שברמון (ע' ב' נדה כ""ז א' רש""י ד""ה א""א) שהרמון מלא גרגרין וכן בלשון המשנה מעשרות פ""ג מ""ט ופורט ברמון וד' וט' מתחלפות."
,,שם,"@א""ר יוסי ומתניתא אמרה כן.# — פי' בתמיה."
,,שם,"@ותורמוסין לאו שלוקין הן.# כי אינו נאכל חי מחמת מרירות כדאיתא בבבלי ביצה כ""ה ב'."
,,שם,"@ר' @נחמיה# (כצ""ל) אמר המוציא כו'.# — בב""ב [ל""ח ב'] הפלוגתא מחולפת ועי או""ז ח""א סימן קל""ט."
,,שם,@ומברך עילוי ונפל מיניה.# — פי' ולקח אחר.
,,שם,@עד כמה יפרוס.# — פי' כמה יבצע בשעת ברכת המוציא כדמוכח ברקח.
,,שם,"@עד פחות מכזית.# צ""ל: @אפי'# פחות מכזית (כן נראה שהיתה גירסת רקח סשכ""ט ומובא בב""י סקס""ז, וז""ל שם: שיעור בציעה אית דאמרין כזית ואית דאמרין פחות מכזית וע""ש, ומזה מוכח דלא כגירסת רא""פ, ופירושו עד כמה @יברך# דלמ""ד כזית לא יברך המוציא על פחות מכזית)."
,"פ""ו ","ה""א (יו""ד ע""ב)","@וכוללין של ירושלים בשל ארץ.# — לעיל פ""ב ה""ה [דף ה' ע""א] הנוסח ""וכוללין של ירושלים @ושל# ארץ"", והוא ט""ס ע' בבלי ברכות ט""ז א' ותוספתא פ""ה."
,,"שם ה""ג (יו""ד רע""ג)","@החמיץ יינו כו' בא לאוכלו אומר שהכל כו'.# צ""ל: בא לשתותו כו'."
,,שם,"@היה דשתי חמר בתר בילני (גירסת מהרש""ס בי בני).# — פי' אחרי המרחץ (ע' ב' שבת ק""מ א'), ובמוסף הערוך ערך בלני פירש בלשון יוני שם כלל של פרי עץ ארז וע' באו""ז ח""א סימן קס""ב דפירש בלני יין מבושל וזה רחוק."
,,"שם ה""ו (סוע""ג)","@בשבוע הבן מתניתא.# — צ""ל: @בשבועה כיני# (כי""ר: הכן) מתניתא באורחים הא בעל הבית כו' (כן מובא בחדושי רשב""א כאן הביאו במה""פ. ועי מנהיג הל' סעודה סימן ב' שכתב בשם ירושלמי לא שנו אלא שאין להם בה""ב אבל יש להן בה""ב הכל פונים לבה""ב. ובאשכול ח""א סימן י""ח מובא כגירסא שלפנינו)."
,,"שם (יו""ד רע""ד)","@בשם ר' יהושע מי שסוכתו.# — צ""ל: בשם ר' @הושעיה# (כ""ה בפסיקתא דר""כ פסקא ל""ו, [וכ""ה בכי""ר כאן וגם להלן בה""ח: רבי תדאי בשם רבי הושעיה])."
,,שם,"@מה דמר רב בשלא כו'.# — צ""ל: מה דמר ר' @הושעיה# בשלא כו' (פי' ובעת הקידוש כוון לאכול בבית זה שהוא אוכל עתה. ויותר נראה שבדברי ר""ה צ""ל: בשהיה בדעתו, והתוס' גרסו ""במקום שקידש"" במקום ""בבית אחר"" והוא הנכון) כו'. אומרת (פי' מדברי ר' מנא) שנחלקין (פי' רב הושעיא ושמואל) בפירוש שאלו כו'."
,,שם,"@ה""ח אמר ר' יונה חוץ ממי דקרים כו'.# — צריך להחליף וכצ""ל: אמר רבי יוסי ולכל מים שהוא צמא להן (פי' אע""פ שאינן מים פשוטין אלא חמוצים או מתוקים כמי פירות) א""ר יונה חוץ ממי דקרים, וגי' הגר""א: ולכל מים שאין צמא להן (פי' כגון דחנקתיה אומצא, ע' בבלי מ""ה א') אינו צריך לברך."
,,שם,@אית תניי תני מי דקרים כו'.# — ע' בבלי שבת קיי אי וירושלמי שם.
,"פ""ז ","ה""א (י""א ע""א)",@והן שאכלו ג' כאחת.# פי' אחר שנתערבו.
,,שם,"@אף שם שנאמר בתורה [ברכה] לאחריה.# —כצ""ל."
,,"שם (סוע""א)","@רבי יצחק ורבי נתן [ר' יצחק] א[ו]מר.# — כצ""ל."
,,"שם ה""ב (י""א ע""ב)","@עד דאנא תמן.# — פי' בבבל שר' זעירא עלה מבבל לא""י ע' בבלי כתובות קי""ב א'."
,,"שם (סוע""ב)","@ר' ירמיה כו' ר' אבא אמר על השנייה.# — צ""ל: ר' אבא כו' ר' ירמיה (כגי' הגר""א, וכן איתא בב""ר פציא) אמר על השנייה (פי' דשמעון בן שטח אכל ירק ואינו יכול להוציא)."
,,"שם ה""ג (י""א ע""ג)",@נאמר כאן תוך.# — ונקדשתי בתוך בני ישראל.
,,"שם ה""ו (סוע""ג)","@דרב יונה טעם כסא ומתקן לה כו'.# — פי' הניח השאר ליום אחר ואם ס""ל לר' יונה כר""י בר חנינה האיך הניחו למחר כיון שהוא מזוג אלא לאו דס""ל לר' יונה שאינו צריך ליתן בו מים, וגירסת ר""ש סיריליאו ""טעים כסא בליליא ומתקן ליה למחר"" ופירש שלמחר היה מוסיף יין כדי לקדש עליו (אבל לא כן פירשו בתוספות דיה טעמו"" במכילתין נ""ב אי ורא""ש פסחים פ""י סייד ואין פירושם מחוור)."
,,שם,"@א""ר יוחנן והן שלנו כו'.# — צ""ל: @לא כן# אר""י כו'."
,"פ""ח ","ה""ב (י""ב ע""א)",@הן דאתו כו' נסבין ידיכון.# — פי' שמא לא תמצאו עוד מים בדרך.
,,"שם ה""ד (סוע""א)","@הידים תחילה לחולין כו'.# — משמע דס""ל דכל הידים תחילות לחולין אבל בבבלי חולין ל""ג ב' פי' כגון שהכניס ידיו לבית המנוגע, וכן פירש מהרש""ס כאן וע' חגיגה פ""ב ה""ה [ע""ח ע""ב] דלא משמע כן."
,,"שם ה""ה (י""ב ע""ב)","@אבא בר בר חנה ורב חונה כו'.# — צ""ל: אבא בר רב @הונא# [וכ""ה בכי""ר] ור' הונא הוון כו' על וטעין [כי""ר: על טעין] תרוויהון (פי' כוס ושמן ערב כפי' רא""פ ודלא כמהרש""ס) בחדא ידיה א""ל אבא בר רב הונא מה ידיך כו' וכעיס עליה אבוה (פי' רב הונא כועס על אבא בנו)."
,,"שם ה""ט (י""ב ע""ג)","@הללו את שם ה'.# — צ""ל: הללו את ה' (תהלים קי""ז א') וכן תמצא במסכת סופרים פ""ב ה""ט דחשיב ה' פרקים בהלל ואלו הן הללו עבדי ה' בצאת ישראל אהבתי הללו את ה' הודו לה' (וראיתי באו""ז ח""א סמ""ג שהעתיק בשם מסכת סופרים מן המיצר במקום הודו [וכן הב""י באו""ח סתרמ""ד כתב שנראה דמן המיצר הוא תחלת פרק ע""ש] והיא גירסא ישרה דלא מסתבר שבי פסוקים בלבד יהיו פרק אחד). ומבואר בסופרים שם שפרקי בצאת ישראל ואהבתי אינם פרקים אלא לענין הפסקה בשעת הקריאה בלבד אבל לא פרקים ממש שהרי אין מסיחין ביניהן עשיה ונשארו ג' פרקים הללו עבדי ה' הללו את ה' ומן המיצר, ואולי בירושלמי כאן נשמט ""מן המיצר"" וע' ב' סוכה נ""ד א' תוד""ה ""שייר"" שביארו ג""כ שבהלל ג' פרקים אלא שהן הללו עבדי ה' אהבתי והודו, אבל דעת הרמב""ם בפ""ג הי""ג מחנוכה שד' פרקים בהלל הללו עבדי בצאת אהבתי והללו את ה'."
,,"שם (סוע""ג)","@תנא גוי שבירך כו'.# צ""ל: תני נכרי שבירך את השם עונין אחריו אמן כותי שבירך את השם אין עונין אחריו אמן עד שישמע את כל הברכה כולה (וכ""ה בתוספתא פ""ה, וכגירסא זו מוכח במגילה [פ""א הי""א, ע""ב ע""א] וסוכה פ""ג הי""א [נ""ד ע""א] וכן מצאתי בחדושי וד""ל למשניות כאן)."
,"פ""ט ","ה""א (י""ב ע""ד)","@ואם היה אדם מסויים כו'.# באבי העזרי סימן קמ""ו העתיק: אמר @ר' יוסי# אם כו'."
,,"שם (י""ג ע""א)","@רבי אמר רבי אביתר.# — מלת ה""רבי"" בפ""א מיותרת וליתא בכ""י מירושלמי ודברים רבה פ""ב."
,,"שם ה""ב (י""ג ע""ב)","@אשר יחובר כו'.# — צ""ל: אשר יחובר אל כל החיים (קהלת טי ד') יבחר כתיב מי יבחר יצ""ט מיצה""ר אלו הצדיקים מי יבחר יצה""ר מיצ""ט אלו הרשעים אלא כל החיים כו' (וכן איתא במי קהלת)."
,,"שם (סוע""ב)","@מזבלין לע""ז.# — פי' מזבחין."
,,שם,"@מתניתין כשהיו שלמים.# — ע' באבי העזרי סי' קמ""ו דגריס איפכא: מתני' בשהיו כן ממעי אמו אבל אם היו שלימים ונשתנו אומר ברוך משנה הבריות, ואין גירסתו מחוורת."
,,שם,@שכן ברא בריות נאות בעולמו.# — באבי העזרי שם מסיים בשם הירושלמי: ליהנות בהם בני אדם.
,,"שם ה""ג (י""ג ע""ד)","@שהיה קוסמיקון.# פי' רוח בכל העולם כולו שכן קוסמוס בלשון יונית ""עולם""."
,,שם,"@עד יום גלות הארץ.# — לפי פשוטו הוא לעת חרבן שילה שגלו ישראל מערים רבות מפני פלשתים (ש""א ז' י""ד)."
,,"שם ה""ד (י""ד סוע""א)","@חוץ מתקיעה וטבילה כו'.# —בבבלי פסחים (ז' ב') איתא: בי רב אמרי כל המצות מברך עליהן עובר לעשייתן חוץ מן הטבילה ושופר ופרכינן עלה מ""ש שופר דילמא מקלקלי ליה תקיעה א""ה שחיטה ומילה נמי אלא א""ר חסדא חוץ מן הטבילה בלבד משום דאכתי גברא לא חזי, מבואר לדעת הבבלי דכל המצות מברך עליהן עובר לעשייתן חוץ מן הטבילה דמברך לאחר טבילה. אבל נ""ל שאין זה שיטת הירושלמי כאן שלא הוציא שחיטה ומילה אלא טבילה ותקיעה, ועוד שכאן הוסיפו בשם ר' יונה תפילין של יד עד שלא יחלוץ (או יקשור לגירסת הגר""א) ושל ראש @עד שלא ייבה#, לכך נ""ל לפרש ענין הדברים דשמואל אמר כל המצות מברך עליהן @בשעת עשייתן# חוץ מתקיעה שאי אפשר לברך בפיו בשעת תקיעה שהרי הוא תוקע וא""א לאדם לדבר ולתקוע ולכן מברך קודם תקיעה וכן בטבילה מברך קודם הטבילה שבשעה שטובל עצמו וראשו מכוסה במים א""א לדבר וי""א אף קידושין בבעילה מברך קודם דבשעת מעשה א""א להוציא שם שמים וע""ז הוסיף ר' יונה אף תפילין של יד ושל ראש ובבבלי פסחים שם אמרי בי רב שהוא רב הונא (ע' ב' סנהדרין י""ז ב' ובתוספות שם ד""ה אלא) לטעמו דמברך בשעת עשייתן חוץ מן הטבילה ושופר, ולדעת הבבלי שלא הזכירו כלל @בשעת עשייתן# הוה קשה להו מ""ש שופר משחיטה ומילה ולכך אמר ר' חסדא חוץ מן הטבילה בלבד (וע' בפירוש רא""פ כאן שהעיר על מקצת דברינו)."
,,"שם ה""ז (י""ד ע""ב)",@שבעה פרושין.# — ע' הגירסא בערוך ערך פרוש.
,,שם,"@ר""ע הוה קיים מתדין כו'.# — ע' מדרש משלי פ""ט שמעשה זה ביוה""כ היה."
,,"שם ה""ח (י""ד ע""ג)","@אמר לפני ליחה כו'.# — צ""ל: אם לפני כו'."
פאה,"פ""א ","ה""א (ט""ו ע""א)","@מפני המחלוקת.# —ע' תרומות פ""ד מ""ה דלר' אליעזר ור' ישמעאל יש שיעור."
,,שם,"@לא נתחייב כריו תרומה ביקש לעשות כל כריו כו'.# צ""ל: לא נתחייב כריו תרומה @נתמרח הכרי נתחייב כריו תרומה# ביקש לעשות כו'."
,,שם,@מהו שתהא חייבת בפאה כו'.# —פי' שיהא חייב ליתן גם עליה אחד מששים.
,,"שם (סוע""א)","@מן דו סמך לדבר תורה הוא חכמים כו'.# צ""ל: הוא @אומר חכמים הן שאמרו מעה כסף שתי כסף# כו'."
,,"שם (ט""ו ע""ב)","@עד היכן רבי גמליאל בן איניניא ורבי אבא בר כהנא.# בכתובות פ""ד ה""ח [כ""ח ע""ד] הנוסח ""ר' ירמיה ור' אבא בר כהנא"", וכן עיקר ומ""ש לפנינו כאן ""ר""ג בן אינינא"" נשתרבב משורה ד' דלמטה מזה."
,,"שם (ט""ו ע""ג)","@בתוך חצרה בשבת והלך ר' טרפון כו'.# — צ""ל: לתוך חצרה בשבת @ונפסק קורדקייסין# שלה והלך ר""ט כו' (כ""ה בקידושין פ""א ה""ו [ס""א ע""ב])."
,,"שם (ט""ו ע""ד)","@חיוי דדין סבא כו'.# — צ""ל: @חמי להדין# סבא כו'."
,,שם,"@חפצים אלו אבנים טובות כו'.# — בב""ר סופליה ובר""ש הנוסח: חפציך אלו אבנים טובות ומרגליות חפצים אלו דברי תורה."
,,"שם (ט""ז סוע""א)","@מעשה באחד שהניח גחלים כו'.# — ע' ב' ב""ב ע""ד ב'."
,,"שם ה""ה (ט""ז רע""ג)","@מניין ת""ל שדך תני זורעין כו'.# — צ""ל: מניין ת""ל שדך @אם כן מה תלמוד לומר קציר מה קציר מיוחד שגידולו מן הארץ ולקיטתו כאחת ומכניסו לקיום אף כל כיוצא בו# חייב בפיאה (כ""א בספרא פ' קדושים) תני זורעין כו' כאחת @זרעי אילן וחרצנים כאחת# והזורע @זרעים עם# החרצנים לוקה כו'."
,,שם,"@קולקס לירק ולמעשרו' כו'.# — צ""ל: כירק למעשרות ולשביעית ולפיאה ולכלאים ולנדרים כו' (וכ""א בנדרים רפ""ז, והענין שקולקס כלאים עם ירק אחר שלא תאמר שאינו אוכל ואינו כלאים בירק אחר, ע' כלאים פ""א ה""א)."
,,"שם ה""ו ","@פטור מתרומה גדולה.# — ע' תרומות פ""ג ה""ו מ""ב ע""ב ותוספתא תרומות פ""ד."
,,שם,"@מה שאין כן בתרומה.# — צ""ל: מה שאין כן @בביכורים# (פי' ברייתא היא ולימא @הא# בביכורים כו'."
,,שם,"@חבירו מתחייב בו.# — פי' אבל הוא אינו מתחייב בחבירו ע""ל דמאי פ""ה סוה""א."
,"פ""ב ","ה""א (ט""ז ע""ד)","@בג' תלמים של פתיח.# — ע' כלאים פ""ב מ""ז ובגמרא שם כיח רע""א] מוכח שהוא פחות מבית רובע."
,,"שם ה""ג (י""ז ע""א)","@מה כותש ועולה במכתש.# — בנוסח רא""פ מה כותש כעלה במכתשי, ולי נראה דצ""ל: @כעלי במכתש# (ע' ביצה פ""א מ""ה)."
,,שם,"@מן מה סער כותש.# — צ""ל: @מן מה דתני# סער כותש. שם ר' מנא אמר זמנין דהוי בה כו' בתוך עשרה טפחים בין נוף לנוף.# —פי' שאם היה בין הנוף שבאילן זה לנוף שבאילן שבצד גדר השני יותר מי""ט אינן מצטרפין אע""פ ששער כותש."
,,שם,"@ה""ה לא בסוף.# — פי' דבתר סוף אזלינן לחומרא ולקולא."
,,"שם ה""ז (י""ז ע""ב)",@קצירות חוצה לארץ.# — פי' להוציא לחוץ לארץ.
,"פ""ג ","ה""א ","@אי במרווחין אף ב""ש מודין כו'.# — כן גירסת הראב""ד בפ""ג ה""ט ממ""ע וגירסת הרמב""ם להיפך, ולגירסת הראב""ד צ""ל להלן: ב""ש עבדין לון כרצופין וביה עבדין לון כמרווחין."
,,"שם ה""ג (י""ז ע""ג)","@בשעיבה על מנת להדל כו'.# — צ""ל: בשהדל ע""מ לעבות (פי' שהבצלים שישתיירו יעשו עבים) אבל אם הדל ע""מ שלא לעבות (פי' אלא מפני שצריכין הבצלים הללו ה""ז כתחילת קצירה) לא סוף כו' (וע' ר""ש שפירש כגירסא שלפנינו וכן בש""א קיים גירסא שלפנינו)."
,,"שם ה""ח (י""ז ע""ד)","@קרקע כל שהוא מהו טב.# — פי' מהו הדבר שיוכל לזכות עליה? אלא ש""ם אפי' המטלטלין במקום אחר זכה. שם ה""ט שייר מטלטלין לא עשה כלום.# — פי' ואין מתנתו קיימת."
,,שם,"@לאיזה דבר כתב בהן קנין.# — ע' ב""ב פ""ח ה""ה [ט""ז ע""ב]."
,,"שם ה""י (י""ח רע""א)",@שייר מטלטלין לא עשה כלום.# —פי' ויצא בן חורין.
,"פ""ד ","ה""א ","@עד כדון מזיד כו'.# כעין זה לקמן פ""ה ה""א [להלן רע""ד]."
,,שם,"@אם בתוך ד""א כו'.# — הנוסח הנכון בב""מ פ""א ז' סע""ד, ע""ש]."
,,"שם ה""ב (י""ח רע""ב)","@א""ר יסא א""ר יוחנן זו בגיטין כו'.# — צ""ל: @תמן תנינן היתה עומדת ברה""י וזרקו לה קרוב לה מגורשת# כו' א""ר יסא כו'."
,,שם,"@היו א""ר זעירא ר' לעזר לחבירו ורבי יוחנן כו'.# — צ""ל: א""ר זעירא לחברייא ר' לעזר ור' יוחנן כו'."
,,"שם (י""ח ע""ג)",@בשם ר' פינחס אף קדמיתא על דר' יוסי מקשי.# — פי' על ראשית דבריו של ר' יוסי.
,"פ""ה ","ה""א (י""ח ע""ד)","@דב""ש אומרים הבקר לעניים הבקר.# — נוסח הרא""פ: דבש""א הבקר לעניים הבקר וכב""ה עניים מעשרין ואוכלין א""ל ר' יסא שמענו דברי הכל שהבקר ב""ד הבקר כתוב כו'. ואינו נכון אלא צ""ל: שמענו שהוא פטור מן המעשרות @דברי הכל משום קנס# שהבקר כו'."
,,שם,"@עד שלא התיר רבי כו'.# — ע' שביעית פ""ו ה""ד ומ""ש שם (עמ' 72)."
,,"שם ה""ב","@מתניתא פליגא על ר' הושעיא שיבולת של קציר כו'.# — פי' מסיפא מקשה שאם אינה נקצרת עם הקמה היא של עניים וכי א""א שיכול לפשוט ידו וליטלה."
,"פ""ו ","שם (סוע""ד)","@א""ר יוסי הדא דרבי בא כו' ומעשי שיבולת אחת ונותן לו.# — פי' מכלל דרבנן סברי שאינו צריך לזכות. ה""א (י""ט ע""ב) א""ר אבין בר חייא (הדא דאמרה) הבקר לעניים כו'. המוקף מיותר."
,,"שם ה""ג (י""ט ע""ג)","@קצר חצי שורה כו'.# — פי' ושכח א' או ב' ולא גמר הקצירה ובא למחר וגמר ושכח עוד א' או ב' היה מצטרפין והן לבה""ב."
,,שם,"@חשכה.# — פי' שבא השמש וחשכה לו וא""א לו לקצור והוכרח להניח חצי שורה השנית למחר מיבעיא אם מצטרפין דאולי מה שהוצרך לאכול או לישן וכן כולם הוי כגמר מלאכה."
,,שם,@והעליון אינו שכחה.# פי' מפני שהחזיק כדתנן במשנתנו.
,,"שם ה""ה (סוע""ג)","@אין תעבדינה עומר ד""ה שכחה.# — פי' שאין עומר מציל את העומר."
,"פ""ז ","ה""ג (כ' ע""ג)","@עד שיהא בציר בצד הבציר.# — גי' הגר""א: בשעת הבציר, ולדעתי צ""ל כדרך הבציר"
,,שם,"@שהן עושין רביע.# — צ""ל: שהן עושין @רביעית#."
,,"שם ה""ח","@צריכה לרבנין.# — פי' מ""מ מספקא לרבנן אם מותרין בפירות והדר מיבעיא במקדיש שדה אילן אם שייר בגידולין הנמצאין עתה באילנות דהא דגידולי הקדש אסורין אינו אלא בגידולין הבאין לאחר מכאן שגדלו בשדה הקדש. והא דתנן במעילה י""ג א' בהקדיש אילן מלא פירות מועלין במה שבתוכו י""ל דהיינו בהקדיש הפירות בפירוש ומשום סיפא תני לה ע""ש."
,"פ""ח ","ה""ב (כ' ע""ד)","@שאין אדם עושה בדבר ערוה.# — גירסת הגר""א: שאין אדם עושה @מצוה בדבר עבירה#, ופירושו דאף כרבנן דסברי דאפשר שהפריש מע""ש ולא הפריש מעשר ראשון מ""מ כשנתן מעשר עני מודים דודאי הפריש מעשר ראשון דנותן לעני מצוה קעביד ואין עושה מצוה בדבר עבירה אבל מע""ש שהוא לעצמו אין זה אצלו מצוה כל כך."
,,"שם ה""ג","@להיות מוסקין.# — צ""ל: להיות @עוצרין# (דמסיקה היינו תלישה ע' שבת פ""ז יו""ד ע""א)."
,,"שם ה""ו (כ""א ע""א)","@צא מהן ג' ליציאה.# — צ""ל: צא מהן @שליש# ליציאה."
,,"שם ה""ז","@אין מדקדקין פתר ליה לפי כבודו כו'.# — צ""ל: אין מדקדקין בריא בזמן שאין מכירין כו' והכל לפי כבודו פתר ליה לפי כבודו והתני למזונות. שם ה""ח וחסרוניה חד קרט.# — הוא מין מטבע קטנה ע' ב""מ רפ""ד (וע' מ""ש שם, עמ' 487)."
,,"שם (כ""א רע""ב)","@שמלותיך עליך וירדת הגורן כו' עמך וערטילא הוות כו' דשובתא.# יש להחליף וכצ""ל: שמלותיך עליך וערטילא הוות כו' דשובתא וירדת הגורן כו' עמך (כ""ה במדרש רות רבה לפסוק זה ונגרר משם)."
דמאי,"פ""א ","ה""א (כ""א סוע""ג)","@ואני משמרה לבעל מלאכתי.# פי' לבה""ב שלי שנתן לי מלאכה להרויח וכעין זה באבות סופ""ב ונאמן הוא בעל מלאכתך (וזה דלא כפירוש רא""פ)."
,,"שם ה""ב (כ""א ע""ד)","@שמא אינו אסור לאונן.# — אינו מובן דספק טבל אסור לכל אדם, ונראה שענין זה שאם הפריש מספק טבל זה מעשר שני הוא אסור לאונן."
,,"שם ה""ג (סוע""ד)","@ר' אבא בר זבינא.# — ע' ב' שבת י""ב ב' תוד""ה ר""ני שהעתיקו בשם ביו ר' אבא בר זימנא בשם ר' אלעזר זעירא."
,,"שם (כ""ב ע""א)","@אפשר דלא חמי סבר אפוי כו'.# הגר""א מוחק מלת ""דלא"", ולדעתנו יש להגיה ""איפשר @דהוא# חמי"" כו'."
,"פ""ב ","ה""א (כ""ב סוע""ג)","@אישתרי לחברך.# — צ""ל: אישתוי לחברך (פי' ואסור אף דסיסרא וע' שבת פ""א ה""ו [ג' סוע""ב] ושביעית סופ""ט דאית ג'ן כן ופירושו שתעשה כשאר, וע' כ""מ פ""ד הכ""ט משמיטה מ""ש בזה; והגר""א גורס אישתוי לחברוהי שישוה דשל סיסרא לגינת נכרים אחרים)."
,"פ""ג ","מ""ד ","@ר""ש אומר דמאי.# פי' ר""ש לטעמיה בתרומות פ""ג מ""ט דמיקל בתרומת הנכרי."
,,"שם ה""א (כ""ג ע""ב)","@דתני הגרים עמך (ויק' כ""ה ו') לרבות את האכסנייא.# כצ""ל, וברייתא היא בספרא שם ולענין פירות שמיטה (וברא""פ סתם)."
,,"שם ה""ד (כ""ג סוע""ג)","@חכמים שהן בשיטת ר""מ.# —פי' חכמים דמסכת מכשירין [פ""ב מ""י]."
,"פ""ד ","ה""ו (כ""ד ע""א)","@ידע דהוא רחיץ.# — פי' בטוח (וישבתם לבטח ת""א לרוחצן) שכבר זימנו אותו לסעודה אצל אחר."
,,"שם (סוע""א)","@ובירושלם הוה מפיך פלכיה כו'.# — במדרש איכה רבתי פ""ד (עה""כ בני ציון היקרים): מה היתה יקרותן שלא היה אי מהן הולך לסעודה אא""כ הופך יד אונקלי שלו (ובאיכה מכ""י הוצאת רש""ב ז""ל ""בשעה שהיה אחד מהן נזמן לסעודה היה הופך אונקלי שלו השמאלית"") וכ""כ למה כדי שלא יטעננו אחר טענת חנם (ובאיכה כ""י שאם יבא אחר לזמנו היה יודע שהוא מזומן לסעודה ולא יטעיננו טענת חנם""), וע' מתנות כהונה שם שראה בירושלמי כ""י ""פיבליה"" (במקום פילכיה) והוא כמו ""פיוולא"" בב""ר פל""ז שהוא לבוש עליון יפה. וע' מסכת דרך ארץ רבה רפ""ח הנוסח ""אפסחתיה למפלא"" והוא שיבוש, וע' נחלת שבעה ח""א סמ""ב שהתפאר בפירושו המעוות שחידש."
,"פ""ה ","ה""א (כ""ד ע""ג)","@ותני כן העושה כו'.# צ""ל: @ותני# העושה כו'."
,,"שם ה""ג (סוע""ג)","@תלמידוי של רבי חייא בשם כו'.# — צ""ל: תלמידוי של ר""ח @בר לוליינא# בשם כו' (וכ""א בסוף שבועות, ומ""מ אינו מוכרח)."
,,"שם סה""ו (כ""ד ע""ד) ","@אורחא מפנהון כו'.# פי' ואפי' מכיר את החביות אסור (רא""פ, אלא שהוא פירש דגדולים דרך לפנות ולא קטנים ולי נראה להפך)."
,"פ""ו ","ה""ה (כ""ה ע""ג)","@כהן שנתן מעות כו' והמעשרות שלך.# נוסח הגר""א: והמעשרות @שלי#, ואינו מובן לנו. ולפי נוסח שלפנינו הענין ""הותירו או פחתו שלי"" ממחצית שלו דאל""כ אין זה ""למחצית שכר"" ושכר טרחתו נותן לו כל המעשרות ברישא מותר ובסיפא אסור ככהן המסייע בבית הגרנות אא""כ נותן לו שכר מיוחד."
,,"שם ה""ח (כ""ה ע""ד)","@כטבל וכמעשר מעורבין כו'.# — נוס' הגר""א: כטבל וכחולין וע' בבלי גיטין כ""ב א'. ויותר נראה דצ""ל ""וכמעושר"" וכ""ה בערלה פ""א ה""א."
,"פ""ז ","מ""ד ","@מפני שהוא תנאי ב""ד. כעין זה א""ר יוסי בסוף טבול יום. שם מי""א חבית אחת מעשר.# — נ""ל דחבית אחת מיירי בשקבע בחבית אחת מעשר בתוכה וכיון שנסתפק בכל חבית וחבית צריך לעשר מכל חבית וחבית, וראיתי גירסת המשנה ברא""פ ותפארת ישראל @חצי חבית אחת# מעשר."
,,"שם ה""ב (כ""ו רע""ב)","@מה נן קיימין אם באומר מכבר כו'.# — כעין זה במע""ש ספ""ב (נ""ג רע""ד)."
,,"שם ה""ח (כ""ו ע""ג)","@שהן עשרים ושלש תאנים ארבעה תישועים ותישוע של תישוע.# — כצ""ל כגי' הרא""פ והא לך החשבון: שתי מאות תישועים הם כ""ב ושני תישועים, ומאה תישועים של תישוע הוא אחד ושני תישועים ותישוע של תישוע והם עולים כ""ג וד' תישועים ותישוע של תישוע כזה: <br><img src=""https://textimages.sefaria.org/shaareitoratEY/shaarei1.PNG"">"
כלאים,"פ""א ","ה""ב (כ""ז ע""א)","@וקצצוי דמיין לחרובה.# — פי' בערוך ערך קץ ז' תרמילין כמו קצצין דשביעית פ""ב מ""ח."
,,"שם ה""ט (כ""ז רע""ג)","@גדר מיכן וגדר מיכן.# —צ""ל: @כגדר# מיכן (פי' שהחיטים הן כמו גדר) וגדר מיכן כו' הדא דתימר (פי' הא דאר""י דחטה ושעורה אינן כלאים) שאין שם חורבה (פי' אלא שזרע בבקעה) אבל אם יש שם חורבה (פי' שמחיצות בלא תקרה מקיפות את החטה והשעורה אז הן כחבושות) אסור."
,"פ""ב ","מ""ב ","@אחד מכ""ד בנופל לבית סאה.# פי' זרעוני גינה קטנים מאד ובקב או בחצי קב יכול לזרוע בית סאה ולכן אם נפל אחד מכ""ד בקב או מחצי קב בסאה ימעט."
,,"שם מ""ט ","@סומך לבור ולניר.# פי' שמותר לזרוע סמוך לבור ולניר מין אחד אע""פ שכל השדה זרועה במין אחר שזה שסמוך לבור ולניר ניכר שהוא שדה בפני עצמו וכן יש לפרש אף בגדר והמפרשים פירשו שהבור מפסיק בין כלאים וכן כולם. וכפירושי מוכח לקמן פ""ג ה""ב לענין גובל וכן פירש בניר שם בגובל."
,,שם,"@ורחב ארבעה.# פי' שכיון שאינו עשוי לגדר צריך שיהיה עוביו ד' טפחים שהוא מקום חשוב אבל גדר שעשוי לכך סגי בכל שהוא עובי, אבל משך הרוחב ממש צ""ל בכולן ד' טפחים (ע""ל פ""ד ה""ה). ובתוספתא פ""ד איתא גם במחיצה רחבה די טפחים ונ""ל דהיינו במשך, וכ""ה דעת הפירוש המובא בתוי""ט למשנה זו."
,,"שם סה""ג (כ""ז ע""ד) ","@ר' יוסי אומר צריך כו'.# — צ""ל: @על דעתיה# דר' יוסי צריך כו'."
,,"שם ה""ו (סוע""ד)","@דאמר ר' אימי עשירים היו בתשובות.# — כעין זה בפסחים פ""ו (ל""ג סוע""ב) ונזיר פ""ה ה""ד (נ""ד ע""א)."
,"פ""ג ","מ""ה ","@נוטע אדם קישות כו'.# עי בפי' ר""ח שבת דף פיה סוע""ב. שם ה""ב (כ""ח רע""ד) את שסומכין לגובל. עיקר הפירוש של ""סומכין"" שסומכין אל הגובל מין אחר ואינו כלאים עם זה שבאמצע, וכמו שפירשתי לעיל פ""ב מ""ט וכן פירש הניר כאן."
,,"שם סוה""ד ","@ושורה של קישואין עד שלא נטע כו'.# צ""ל: ושורה של קישואין ר' אלעזר מתיר עד שלא כו'."
,,שם,"@היו כל העבודה מבפנים כו'.# פי' שמרחיק מן הבצלים ד""א ונוטע דלועין הרי בין שורת דלועין לשורת דלועין ט""ז אמה, ואם מרחיק בי אמות ביניהן - י""ב אמה, ואם אינו מרחיק כלל - ח' אמה."
,,"שם ה""ז (סוע""ד)","@לזרוע בין הגומות.# — ""גומא"" היא המקום שממנו יוצא שורש הדלעת ומתפשט (ע' מעשרות פ""א ה""ב, דף מ""ח ע""ד)."
,"פ""ד ","ה""ד (כ""ט סוע""ב)","@אדחי תנא.# — כעין זה לעיל דמאי פ""ז ה""א (כ""ו סוע""א)."
,"פ""ה ","מ""ג ","@שומרה שבכרם.# נראה ש""שומרה"" הוא בית קטן עשויה מעפר והשומר עומד בתוכה, וכעין זה בערוך ערך שמר ב' ורש""י עירובין כ""ג א'."
,,"שם מ""ד ","@נותנין לה עבודתה.# פי' בין מבפנים על קרקע הגת אם הגת רחב ובין מבחוץ אם הגת צר ור""י פליג על מבפנים."
,"פ""ו ","מ""א ","@נותנין לו עבודתו ד""א.# — פי' כנגד הגדר אבל מן הצד, מרחיק ו' טפחים."
,"פ""ז ","מ""ו ","@האנס שזרע כו'.# — פי' דוקא אנס צריך להוסיף שליש מפני שהיה נראה שהשדה של האנס, אבל אחר שזרע את שדהו קוצר כדרכו ואינו מוסיף כלום."
,"פ""ט ","ה""ד (ל""ב סוע""ב)","@חד זמן חמי גו בני כו'.# — ע' נוסח אחר בזה בבבלי קידושין ל""ג א'."
,,"שם ה""ה (ל""ב ע""ד) ","@ויאמר לבר ראשון דלא יחוט כו'.# —פי' בר ראשון הוא שם הרצען שאצלו היה ר' זעירא עושה לו מנעלים [""כך פי' גם פ""מ""]. אבל מצאתי בסי משפחות סופרים ערך ר' אבא בר זמינא שכתב עליו שהיה חייט (שביעית פ""ד ה""ב דף ל""ה סוע""א) ותופר מנעלים וריז צוהו שלא יתפור את המנעלים של בנו הראשון בפשתן רק ברצועות (כלאים פ""ט ה""ה)."
שביעית,"פ""א ","ה""ט (ל""ג ע""ג)","@דברי חכמים עד שיגום מעם הארץ.# פי' שחולקין על ר""ש וס""ל דאף מטפח ולמטן כאילן עד שיגום מן הארץ וכן חולקין על ראב""י דאינו חייב בערלה עד שיגום מעם הארץ."
,"פ""ב ","רה""ד (ל""ג ע""ד) ","@מתניתא דרבי כו'.# — צ""ל: מתניתא דרבי @מאיר# (פי' שסתמא כר""מ) ברם כרבנן @אפי' בשביעית מותר דתני# מזהמין ומתליעין בשביעית (כעין זה בבלי ע""ז נ' ב')."
,"פ""ד ","מ""ח ","@הכניסו שליש.# פי' שליש גידולן כדאיתא במעשרות פ""א מ""ג."
,,"שם ה""ז (ל""ה סוע""ב)","@ר' חייא בר בא אמר חייתה כו'.# — נוס' הגר""א: ר""ח ב""ב אמר גסה (וכן בחלה בי פי' שנפשם נעשה גס בי כמו ""שליבה גס בהן"" [סוטה פ""א מ""ו] ועי בבלי נדה מיו אי ובפרש""י שם)."
,,שם,@תני כאן מיד ולית כאן מיד.# — אינו מובן והמפרשים נדחקו בזה.
,"פ""ה ","ה""ב (ל""ה סוע""ד)",@עשה ביצים כו'.# — פי' גידולים שגידולי לוף הם כמו בצים כמו בבצלים שלנו ולוף גם הוא מין בצלים.
,"פ""ו ","ה""א (ל""ו סוע""ב)","@רבי אחא בר יעקב בשם רבי אימי.# — צ""ל: ר' יעקב בר אחא (וכ""ה בגיטין פ""א ה""ב [מ""ג ע""ג])."
,,"שם (ל""ו ע""ג)","@סוסיתא.# — הוא מקום סמוך לטבריה (ע' ב""ר פל""א) והוא חו""ל כדמוכח בתוספתא סוף אהלות."
,,"שם ה""ג (ל""ז רע""א)","@לא אמרתי אלא במורכנין.# — צ""ל: במדוכנין (כן איתא בבבלי נדרים נ""ח א', פי' שכתשן וריסקן שבזה הוא בטל; וע""ל פ""ה ה""ג ובהשגת הראב""ד פ""ד הכ""א משמיטה)."
,"פ""ז ","ה""ג (ל""ז רע""ג)","@אמר יש להן ביעור או כו'.# — פי' לקליפי רימון כו' (הגר""א בש""א וכן ברא""פ) אבל אינו מובן התירוץ שכל הפירות דרכן לישור מן העץ או לרקוב שם. ויותר נ""ל שענין זה נשמט ממקומו ושייך למטה על מיט בורד וכופר וקטף ולוטף דתנן דיש להן שביעית ונשמט דין הביעור."
,"פ""ט ","מ""ה ","@אוכלין על הראשון כו'.# פי' שנכבש תחלה וכיון שכלה הראשון אסור אבל אם כלו הב' האחרים מותרים כולם ולר""י אף אם כלה הראשון מותרין כולם כיון שא' מהם לא כלה כפירוש ר' נסים בפסחים נ""ב א' תוד""ה הכובש דהכי משמע בגמרא שעל משנה זו בירושלמי כאן וע' ר""ש כאן שכתב להפך."
,,"שם ה""ו (ל""ט ע""א)",@אמר רבי חנינה מכיון שתסרח כו'.# מפרש הטעם למה מותרין לשרוף התבן והקש משתרד רביעה שנייה.
,,שם,@תבן של שביעית מהו שיהא אסור כו'.# — פי' התבן והקש והא דאסר במתני' לשורפן לפני רביעה שנייה היינו משום קדושת שביעית.
,,שם,"@כשאינו יודע אם חשוד הוא.# — ע' בסוף מעשרות [נ""ב ע""א]."
,"פ""י ","ה""ד (ל""ט סוע""ג)","@ולמידין מידת הדין כו'# - כעין זה ביומא פ""א ה""ב [ל""ט ע""א]."
,,"שם ה""ז (ל""ט ע""ד)","@אמר שמועתה כן (כצ""ל, ע' עמ' 79).# — פי' שאמר שמעתא דר""ל כמו שרצה ר' מנא לומר."
תרומות,"פ""א ","ה""א (מ' סוע""ב)","@משלם שני חומשין. אחד משום תרומה ואחד משום הקדש. שם מאן הוא תורם בר לוי כו'.# — צ""ל: מאן הוא @תורם ישראל או# בר לוי שהקדישו תרומה (פי' וכגון שירשו מאבי אמן כהן). וגי' הגר""א: מאן הוא תורם כהן שהקדיש תרומה."
,,"שם ה""ב (מ' ע""ג)","@אשגרת לשון היא מתניתא.# — פי' משום דבכל מקום אומר חש""ו קאמר ה""נ חרש."
,,שם,"@דתנינן חרש המדבר כו'.# — צ""ל: דתנינן הכל חייבין בראיה חוץ מחש""ו וסברינן מימר כו'."
,,"שם ה""ג","@תני בשם ר""מ לעולם כו'.# — צ""ל: תני בשם ר' מאיר כו' עד שיביא שתי שערות רבי יודה בשם רבי הילא ולא תשאו כו' ותורם רבי אבא בר כהנא כו' הרי גוי כו' מחשבה ותורם דתני ר' הושעיה."
,,שם,@וכאן לתרומה.# — פי' ולתרומה יש לגוי מחשבה שיוכל לחשוב שיהיה מן צד זה תרומה.
,,שם,"@כדברי מי שהוא אומר אינו תורם כו'.# — פי' לר""ם שאומר שאף משהגיע לעונת נדרים אינו תורם אינו מקדיש נמי עד שיביא ב' שערות אפי' יודעין לשם מי הקדישו; אבל לר' יוסי ולר' יהודה משיגיעו לעונת נדרים ויודעין לשם מי מקדישין הקדשן הקדש, אבל קודם שיגיעו לעונת נדרים אע""פ שתרומתן תרומה לר' יהודה מ""מ מודה שאין הקדשן הקדש והיינו דקאמר דר' יהודה אמר תורם ואינו מקדיש"" פי' קודם שיגיע לעונת נדרים."
,,שם,"@פשיטא לך שהוא מביא כו'.# — צ""ל: אי פשיטא לך שהוא מביא מהו שיעשה בהן שליח (פי' הקטן. וכן כל השאלות דלקמן עליה קאי, וע' פסחים רפ""ח דמחוסרי כפרה אינן צריכין דעת, וע' רי""ט אלגאזי על הלכות בכורות להרמב""ן פ""א)."
,,"שם ה""ה (מ' ע""ד)","@ר' יוחנן בשם ר' ינאי זה אחד מג' מקריות כו'.# — כזה גם להלן פ""ב ה""ד (מ""א סוע""ג)."
,,"שם ה""ח (מ""א רע""א)",@בשאין הראשונה קיימת.# פי' שלאחר שנעשו יין ושמן כבר נאכלו השמן והיין של תרומה.
,"פ""ב ","ה""ג (מ""א סוע""ג)","@נטע פחות משלשים יום לפני שביעית כו'.# — פי' כ""ט יום לפני שביעית שאינו חשוד משום יום אחד לעשות עבירה ולומר שוגג אני שהרי היה יכול ליטע מאתמול (וע' רא""פ וש""א פירוש אחר בזה דבתוספת שביעית לא גזרינן בשוגג)."
,"פ""ג ","ה""א (מ""ב ע""א)","@ר' יעקב בר אחא בשם ר' יוחנן הלכה כדברי ר' כו'.# — חסר כאן וצ""ל: דתני ריברי""א בשם אביו תורמין מן היין על החומץ אבל לא מן החומץ על היין עבר ותרם תרומתו תרומה ר' אומר יין וחומץ ב' מינין הן ואין תורמין ומעשרין מזה על זה עבר ותרם אין תרומתו תרומה ריב""א בשם ר""י הלכה כדברי רבי רבי בא בר כהן כו'."
,,שם,"@ומינה את שמע ר' יודה ור' שמעון כו'.# — צ""ל: ר' @מאיר# ור""ש הלכה כר""ש."
,"פ""ד ","מ""א רמ""א ","@אף מוציא הוא כו'.# — פי' דס""ל לר""מ שזה שניתקן לפי חשבון הוא כמופרש מיד מן הכרי והשאר טבל ודאי וגם זה טעמא דר""מ במ""ב דאמר מפריש עוד חי סאין אע""פ שהמעשר כבר נאכל. פ""ה ה""ג (מ""ג ע""ג) כמה סאה עבדא כו'.# — : ד' @קבין# עבדין צ""ו בעין שתות קב ארבע כו'."
,,"שם ה""ט (מ""ג ע""ד)",@כך מצוה שלא לומר על דבר שאינו נעשה.# —פי' שמוטב שיהיו @שוגגין# ואל יהיו מזידין.
,"פ""ו ","ה""א (מ""ד סוע""א)","@רבי לעזר בשם רבי הושעיה על פרשה ישרוף.# — ע""ה זבחים קי""ג א'."
,,"שם (מ""ד רע""ב)","@נותן שתיהן לכהן חבר כו'.# — צ""ל: נותן לכהן חבר ונוטל ממנו דמיו ונותן לכהן עם הארץ (ולפי גירסתנו היינו כשאכל שתי תרומות של חבר ושל ע""ה)."
,"פ""ז ","ה""א (מ""ד סוע""ג)","@מתניתין אמרה שהקרן קנס כו'.# פי' וא""כ יהיה פטור כמו בבא על אחותו."
,,שם,@וכמה דתימר קרן קנס כו'.# — אין זה קושיא אלא ביאור.
,,"שם (מ""ד רע""ד)","@ומיכן ואילך לתשלומין.# —ע' בבלי ב""מ צ""א אי שר' פפא אמר להפך משעת משיכה איחייב במזונותיה ומילקא לא לקי עד שעת חסימה."
,,שם,"@בחוסם ע""י שליח כו'.# — פי' שהשליח חסם את הבהמה וגם דש בה לפיכך השליח לוקה אבל אם דש בה""ב בה""ב לוקה ולא השליח כדתני בבבלי ב""מ צ' ב'."
,,שם,"@א""ר מתניה בבא על הממזרת ביניהון כו'.# — צ""ל: א""ר מתניה @תיפתר ד""ה בממזר שבא# על הממזרת ואשת אחיו כו' (ואינו מובן מה יתרץ על חייבי כריתות דשם וע""כ כר""מ דסבר לוקה ומשלם)."
,,"שם ה""ב","@את שחילולה מחמת הזנות כו'.# — פי' אבל בנישואין לא נתחללה ולכן מיתתה בשריפה אבל אם נתחללה בנישואין אם זינתה אח""כ אין מיתתה בשריפה."
,,שם,@אבל לבא כו'.# — פי' שאכל אחר שנודע שהוא בן גרושה.
,"פ""ח ","ה""ב (מ""ה רע""ג)","@רבי יונה אמר אסור באכילה.# —נוס' הגר""א: יונה אסור באכילה, וכהגהתו מובא ברקח סתס""ד וכן מובא בר' ירוחם נתיב ט""ו ובשו""ת מהר""ם ב""ר ברוך סימן קי""ב (דפוס פראג)."
,,"שם ה""ד","@יין מבושל כו' מפני שהיה מתחילתו יין.# פי' ואסור משום יין נסך אבל יין מבושל של ישראל שנגע בו גוי אין בו משום נסך ומותר ודלא כפ""מ שפירש דמוכיח לאיסורא מבושל של גוי."
,,"שם (סוע""ג)","@מכיון דלא חשיד על הדא לא חשיד על הדא.# ע' בבלי סוף נדרים ור""ן שם."
,,"שם (מ""ה סוע""ד)","@עד דפעפעת בידיה.# — פי' שנתקלקל הדבש מחמת הארס (ורא""פ פירש שהיה שם נחש חי)."
,,שם,"@הוין (כנוס' רא""פ) יתבין בחד ביתא דו מרמרין (פי' בית של שיש) אמרין אפשר כו' (פי' שא""א לנחש לבקע את השיש).#"
,"פ""ט ","מ""ז ","@שתלי תרומה שנטמאו שתלן כו'.# — מלשון ""שתלי כו' שתלן"" יש להוכיח שגידולי תרומה טמאה מתוך הזרע (כגון שזרע חטי תרומה) הגידולין מותרין באכילה לכהן שפנים חדשות באו לכאן שאותן חטין שזרען כבר נרקבו בקרקע אלא שכאן מיירי במיני ירקות<sup1</sup><i class=""footnote"">אבל הרמב""ם בפי""א הכ""ג מתרומה כתב סתם הזורע תרומה כו' אסורין משמע אפי' זרע כל זרע ואינו מתוור, ומ""ש עו""ש הכ""ד שחלים חולין שנטמאו כו' צ""ל שתלים חולין כו' וכלשון הירושלמי.</i> שדרך לזורען רצופין וכשהן גדולין מעט תולשין אותן וחוזרין ושותלין אותן במקום אחר מפוזרין (וירקות אף קטנים ראויין לאכילה) והפריש מהן תרומה ונטמאו וחזר ושתלן עדיין אסורין באכילה שהאסור עדיין בעין וע' רפ""ה דמעשרות העוקר שתלים מתוך שלו ונוטע לתוך שלו ונראה שכן דעת ר""ש כאן ורש""י פסחים ל""ד א' ע""ש."
,"פ""י ","ה""ב (מ""ז ע""א)","@כמה דר' יוסי אמר כו'.# — צ""ל: כמה דר' יוסי אמר תמן (שבת פ""ג מ""ג) אין תבשילו תבשיל ברור כן הוא אומר הכא אין חימוצו חימוץ ברור."
,,"שם ה""ח (מ""ז ע""ב)","@בעכברא.# — שם עיר ע' קהלת רבה ב' י""א וב' ע""ז ל' א' וב""מ פיד ב', הג' מיימוניות פט""ו ממא""ס בשם ראבי""ה."
,,שם,"@והלא אין ציר דג טמא מציל.# — צ""ל: ואין דג טהור מציל (פי' שאין דג טהור מצטרף עם צירו כדי לבטל רביעית ציר דג טמא, ובש""א גורס בסאתים ציר שאינו של דג טמא מציל פי' שאם יש שם סאתים ציר מדגים שאינן טמאים, אבל איני יודע למה הוצרך לזה דפשוט הוא)."
,,"שם ה""י","@ואילין אגרתא לא גייס לוקס כו'.# — פי' שהם שמות גוים ומ""מ כשרין בגיטין כיון שיש גם בישראל שמות כאלה בחוץ לארץ."
,,"שם הי""א ","@שלקה ר' בא ואוכלה ליה כו'.# —גי' העיטור: ר' אמי שלקה ואוכלה לה וא""ד מלחה ר' אמי, וכעין זה גירסת רקח סתמ""ה אלא שגורס ר' בא."
,,שם,"@אית תמן חמשין.# — פי' ואז בטל בששים שקליפי חמשים בצים הן עשר בצים וא""כ הבצים וקליפיהן הן ביחד ששים ומבטלין את האיסור."
,,"שם (מ""ז רע""ג)","@חלמון אסור חלבון מותר.# — גירסת רקח סתמ""ז: חלבון אסור וחלמון מותר אר""ז הן דאמר חלבון אסור שנמצא במקום זכרותו של חלבון ואפי' חלמון והוא שנמצא כו' (פי' אפי' חלמון אסור כשנמצא דם בחלבון וע""ש)."
,,"פי""א ה""ב (מ""ז ע""ד) ","@שכן אוכלי בהמה לאדם אינן באין במחשבה.# — צ""ל: שכן אוכלי בהמה לאדם באין במחשבה (פי' שאם חישב על אוכלי בהמה לאדם נטמאין כדאיתא בספרא שמיני פרשה ז' פרק ט'). שם ה""ג ברם הכא בשלא לקטן.# — פי' שם בחלה."
,,"שם ה""ד","@וענבים בין טמאות בין טהורות כו'.# — ע""ל סופ""ט ובי פסחים ל""ד ב'. שם (סוע""ד) ר' זעירא בשם ר' ליעזר.# — צ""ל: היד עוקצי תאנים כו' ר""ז בשם ר' ליעזר @אמר# מתניתא (כגירסת הפירוש הקצר ודלא כר""ש שפירש כפי גירסא שלפנינו)"
,,"שם ה""ז (מ""ח רע""א)","@אבל בתרומת מעשר אין העלין כו'.# — צ""ל: אבל בתרומת מעשר העלין תרומה על העלין והקלחין תרומה על הקלחין."
מעשרות,"פ""א ","ה""א (מ""ח רע""ד)","@בשהבקיר שיבלין כו'.# — צ""ל: בשהבקיר שיבלין וחזר וזכה בהן הקדיש @שיבלין וחזר ופדן# בהפקר כו'."
,"פ""ב ","ה""ו (מ""ט סוע""ד)","@לא בלוקט ונותן לו אף הכא בלוקט ונותן לו דו כו' וורדייה.# — : נותן לו דו א""ל אין את עליל את מקלקל וורדיה אף הכא בלוקט ונותן לו."
,"פ""ה ","ה""ו (נ""ב רע""א)","@אפי' מי מלח ניקחין בכסף מעשר# - ע' ב' עירובין כ""ז א'."
מעשר שני,"פ""א ","ה""ב (נ""ב רע""ד)","@אבל כדרך שהן יפין על התורמסר.# ע' ברכות פ""ב ה""ג [ד' רע""ג: עד יעקב תרמוסרה]."
,"פ""ב ","ה""ב (נ""ג ע""ג)","@א""ר יוחנן כאן השיבו דברי סופרים כו'.# — פי' ובידים פ""ג מ""ג אמרו שאין דנין דברי תורה מדברי סופרים."
,"פ""ג ","ה""ז (נ""ד ע""ב)","@סברה מימור כרבי ליעזר כו'.# — צ""ל: סברה מימור כר' יהושע (עידיות פיח מיו) ואילן רבנין סברין מימור כר' אליעזר (עידיות שם)."
,,"שם הי""ג (נ""ד ע""ג) ","@אבל בשל שמן בין עד שלא גפן כו' תורם מאחד על הכל.# פי' מפני שקנקן של שמן סתום אינו חושש לפותחו שאינו מתקלקל משא""כ ביין סתום."
,"פ""ה ","ה""א (נ""ה ע""ד)","@מקבל לסביא.# — צ""ל: @מקיל# לסביא (ויש כעין זה הרבה בירושלמי)."
,,"שם ה""ג (נ""ו רע""ב)","@א""ר מנא אלו אמר כבית שמאי.# — צ""ל: א""ר מנא @או נאמר# כבית שמאי (פי' דצבור ס""ל כביש ועדיין לר""י ספק הוא ומשני ויש כו')."
,,"שם ה""ו","@אלא בשלישי ובשביעית כו'.# צ""ל: @ברביעית# (כנוס' ניר) ובשביעית כו' בשבוע אי שלש שנים יכול כיון שהגיע רה""ש של שלישית את חייב לבער כו' אי בסוף שנה יכול כיון שהגיע @ראשה# של רביעית כו'."
,,"שם ה""ח (נ""ו סוע""ג)","@רב הונא בר אחא.# — לא נמצא עוד במקום אחר ולכן נראה להגיה ""ר' הונא בר @חייא#"" וכאותו ענין יש בביכורים פ""ג ה""ג [ס""ה ע""ג] ושם באמת הנוסח ר' הונא בר חייא ע""ש."
,,"שם (נ""ו סוע""ד)","@בראשונה היה מעשר נעשה לג' חלקים.# —פי' מע""ש."
חלה,"פ""א ","ה""א (נ""ז סוע""ב)","@ר' יוסי בשם חזקיה בשעת הקרבן הקרבן מתיר מודי חזקיה שלא בשעת הקרבן היום מתיר.# — כ""ז מיותר."
,,"שם ה""ז (נ""ח ע""א)","@דר""י אמר הוא גיזבר הוא אחר.# — ע' מ""ש במעשרות פ""ה (עמ' 111)."
,"פ""ב ","ה""א (נ""ח ע""ב)","@א""ר יוסי תמיהני איך ר' עקיבה כו'.# — כעין זה בשביעית רפ""ה."
,,"שם ה""ג (נ""ח ע""ג)","@הדא אמרה עגבות אין בהן כו'.# פי' דהא דקיי""ל דלבו רואה את הערוה אסור היינו כנגד הלב בין מלפניו ובין מלאחריו ואם עגבות יש בהן משום ערוה איך אשה ערומה מותרת לתרום הרי לבה רואה את העגבות מלאחריה, והרשב""א ברכות כ""ד א' בשם ראב""ד כתב דערוה שלו אף שאינו רואה אותה אם אפשר לאחרים לראותה לא יראה בך ערות דבר קרינן בה וכן דעת אשכול ח""א סימן ז'."
,,"שם ה""ח (נ""ח ע""ד)","@אתא עובדי קומי' ולא כו'.# צ""ל: אתא עובדא קומי ר' אמי ולא כו' (כ""ה בתרומות פ""ב [מ""א סוע""ב])."
,"פ""ג ","ה""ז (נ""ט ע""ג)","@לחוש להפרשה שנייה.# — פי' שאינו מדמע בהפרשה שנייה אף לפי חשבון כדינו בתרומות פ""ב מ""ה."
ערלה,"פ""א ","ה""ה (ס""א רע""ב)","@בצל שעקרו ושתלו כיון שהשריש כו'.# — צ""ל: כיון @שהשחיר# (וכ""א בשביעית פ""ו ה""ג)."
,"פ""ב ","ה""ז (ס""ב ע""ב)",@כוס שמזגו מאיסור ומהיתר.# — פי' שמזג כוס של יין ממים של איסור וממים של היתר.
בכורים,"פ""א ","ה""ב (ס""ג ע""ד)","@ר' יוסי בשם ר' יוחנן לא זה תורם כו'.# — ע' ב' ב""ק ס""ח ב'."
,,"שם ה""ג (סוע""ד)","@אתפלגון ר""י ורשב""ל.# — ע' מנחות פ""ד ב'."
,,"שם ה""ו (ס""ד סוע""א)","@א""ל ר' לעזר מילין דצריכין לרבנין כו'.# — ע' ב' ב""ב פ""א ב'."
,,"שם ה""ט (ס""ד ע""ב)",@הוי אומר על השמחה.# — פי' מעצרת ועד החג (כרם חמד מר' אברהם משה העלפאנד).
,"פ""ב ","ה""א (ס""ד ע""ד)","@ר' אבהו בשם ר' יוחנן לא בערתי כו'.# — צ""ל: ר' אבהן בשם ר' יוחנן לא בערתי ממנו @ממנו אי אתה מבעיר בטומאה אבל אתה# מבעיר את התרומה כו'."
שבת,"פ""א ","מתני' וי""ו (ג' סע""ד)","@ומה טעמהון דבית שמאי כו'.# — נראה שב""ש אוסרין מדרבנן וקרא אסמכתא בעלמא וטעמן דחוששין במלאכות הללו שמא יסייע ויתקן גם בשבת כי הסיוע והתיקון קל הרבה במלאכות אלו ורוב פעמים יש צורך בתקון, אבל הדלקת גרות מע""ש לשבת אף לב""ש היא מצוה ואין בה צורך לתיקון ואין חוששין שמא יוסיף שמן כי זה משתהא זמן מרובה ובתוך כך יזכור דשבת היום."
,,"שם מתני' א' (ד' ע""א) ","@אילו עשה כן בשבת כו'.# — אולי דעת הירושלמי שאם נתן צמר ליורה בשבת אע""פ שקלט את העין במוצאי שבת חייב כזורע בשבת וקולט לאחר שבת."
,,שם מתני' ג',@כיי דמר שמואל כו'.# — אולי שמואל אמר זה על המשנה דלקמן פניג מיד.
,,"שם מתני' ו' (ד' ע""ב) ","@ר' בא בשם ר' חייא בר אשי כו'.# באחד מהם צ""ל: ""ר' בא @בר כהנא# בשם ר' חייא בר אשי"", וכעין זה לקמן פ""ג ה""ה ד""ו ע""ב."
,"פ""ב ","מתני' א' (ד' רע""ד) ","@על ידי כן הוה שהר כו' צבע פתילתא מן חולא כו'.# ע' מ""ש ביאור זה בהגהותי סוף תרומות (עמ' 403), ודלא כק""ע."
,,"שם מתני' ג' (ה' ע""ב) ","@והישן בבית אפל.# — ע' בבלי קנ""א ב'."
,"פ""ג ","ה""א (ה' ע""ג)","@כיני מתני' מקיימין עליה תבשיל.# — .פי' היינו להשהות עליה את התבשיל אבל להחזיר את התבשיל אפי' ב""ה אליבא דר' יהודה מודין דאסור ואינן מתירין להחזיר אלא את החמין."
,,"שם (ה' ע""ד)","@אין תימר מיניין יש כאן כו'.# — ע' מ""ש בזה לעיל בתרומות פ""ב (עמ' 84)."
,,"שם מתני' ב' (ו' רע""ב) ","@הכל מודין בכלי שני כו'.# פי' אפי' לחכמים דפליגי על ר""מ"
,"פ""ה ","מתני' ב' (ז' סוע""ב) ","@מנן אילין מילייא? (פי' שבמרדעת מותר לצאת בחצר וברצועה אסור) א""ל תנינן הלכות שבת כו' ויתיבניה (פי' ר' ירמיה לר' זעירא).#"
,"פ""ו ","ה""ט (ח' ע""ג)","@לאו לאו משום דרכי האמורי.# — ע' ב' שבועות ל""ו א'."
,"פ""ז ","ה""א (יו""ד ע""א)","@טריקסימון.# — הוא עולשין (כלאים פ""א ה""ב [כ""ז ע""א])."
,"פ""ח ","ה""ו (י""א רע""ג)","@חוץ מן העשוי כחפיסה (כצ""ל).# — פי' שהיא בצורה שאי אפשר לקנח בה."
,"פ""ט ","ה""א (י""א ע""ד)","@מ""ט דר""ע תעב תתעבנו כו'.# — צ""ל: תזרם כמו דוה כנדה כו' טעמא דר""ע תזרם כמו דוה צאיהו כו' שקץ תשקצינו צאיהו נבליהו מניין לרבנן צאיהו נבליהו (פי' שמן תזרם כמו דוה אין ראייה) ר' שמואל כו',"
,,"שם ה""ה (י""ב רע""ב)","@נתר. נטרון.# — כן הוא בלשון ערבי (רשב""ץ ח""א סכ""ח ע""ש)."
,"פ""י ","(י""ב ע""ג) ","@הלכה ה'.# — נחלפו ההלכות וצ""ל ה""ו וההלכה שלאחריה היא היה או שצריכין להחליף המשניות ומ""ו צ""ל קודם למ""ה וכן הסדר בבבלי."
,,"פי""א ה""ד (י""ג ע""א) ","@אבל אם יש שם חור מחלוקת ר""מ וחכמים.# פלוגתא דר""מ וחכמים בבבלי יומא י""א ב'."
,,"שם ה""ו (י""ג ע""ב)","@ר' יעקב בר אחא בשם רב המנונא שכל ג' וג' כו'.# עירובין פ""י ה""ה [כ""ו ע""ב] ע""ש וגיטין פ""ח ה""ג [מ""ט ע""ג] ע""ש."
,,"פי""ד ה""ב (י""ד רע""ג) ",@ושאינה נשרית כו'.# — פי' דכשהמים נשבעים במלח הרבה שוב אין ממסין עוד מלח.
,,שם,"@הכהנים נהגו בתרומה כר' ישמעאל.# — ע' תוספתא עידיות פ""א."
,,"שם ה""ד (י""ד ע""ד)",@ההן בלעה.# — פי' עצם בגרון.
,,שם,"@דדורי.# — אולי הוא ארודא צלמא שבשקלים פ""ב ה""ו (מ""ז ע""א). ובמקום ""יכרותה"" (ד""ו וד""ח: זכרותה) צ""ל ""יברוחה"", והן דודאים והיו שולקין אותן ושותין את מימיהן לרפואה."
,,"פי""ז מ""א ","@שאע""פ שנתפרקו מע""ש.# — לפי הבבלי הרבותא הוא להיפך כמו שפי' הרמב""ם בפי' המשנה אבל דעת הירושלמי אינה כן."
,,"פכ""ג מ""ב ","@מטילין חלשים.# — לפי פשוטו נראה דהיינו הפייס שביומא פ""ב מ""ג מי שיזכה בעבודה, אבל על חלוקת המנות לאכילה אין מפיסין בשבת."
עירובין,"פ""א ","מ""ג ","@כדי לקבל אריח לאורכו.# — פי' אורכו לאורך הקורה, ובבבלי הגירסא ,לרוחבו ופירושו רוחבו לרוחב הקורה."
,"פ""ב ","מ""ג ","@אם היה דרך הרבים כו'.# — צ""ל: ר' יהודה אומר אם היה כו' (וכן מוכח בגמרא וכן גירסת הבבלי)."
,"פ""ג ","ה""ב (כ""א רע""א)","@תיפתר שהיה כורתו.# — פי' כמו קורתו שהאילן היה רוחב די על ד' בגובה יו""ד שהוא רה""י וכעין זה ברכות פ""א ה""א ב' ע""ג וע' מ""ש שם בהשלמות)."
,"פ""ד ","ה""א (כ""א רע""ד)","@ולכן מה נן אמרין כו'.# — צ""ל: @דלכן# מה נן אמרין כו'."
,"פ""ח ","ה""א (כ""ה רע""א)","@א""ר יוסי בי רבי בון כדי לעשות כו'.# — חסר כאן פלוגתא דרב ור' יוחנן בקורה מתרת בלא שיתוף הנמצאת לעיל (פ""ו ה""ח) ועלה קאמר ר' יוסי בר""ב כדי לעשות כל הרשויות כאחת ע""ש, והק""ע פי' שכדי לעשות כל הרשויות כאחת צריכין לזכות בעירובי חצרות."
,"פ""ט ","ה""ד (כ""ה רע""ד)","@ר' יוחנן אמר חמרים כו'.# — פי' שריב""נ סבר שהולכים בשניהם לחומרא מפני הספק ושאלתו לר""ע הוא שאמר שהולכים בשניהם לקולא והקשה לו יפה שהן תרי קולי דסתרי אהדדי אבל ריבין עצמו דסובר לחומרא שפיר קאמר מפני הספק ובזה מיושב מה שפקפק בזה בשירי קרבן, ולפי נוסח הירושלמי מיושבת קושית ר""ש בעוקצין פ""ג מ""ה מזה שמבואר בדמאי ספ""ג דתבלין חייב במעשר."
פסחים,"פ""א ","ה""ב (כ""ז רע""ג)",@חושש את ממקום למקום.# — נראה דממקום למקום היינו מחצר לרחבה שאחורי הבתים.
,"פ""ב ","ה""ב (כ""ח סוע""ד)","@איסורו מהו.# — פי' לר""ש (וכעין זה חולקין ר' ירמיה ור' יונה ור' יוסי בחלה פ""א ה""ה [נ""ז ע""ד] וע""ע כלאים פ""ח ה""א [ל""א ע""ב])."
,,"שם הי""ד (כ""ט סוע""ב) ","@יוצאין בה והא תני יוצאין במצה מתובלת.# — צ""ל: יוצאין בה (פי' אע""פ שגם ברבוכה שבתודה היה שמן) @כיי דמר ר""י רביעית היא ומתחלקת לכמה מינין# והתני יוצאין במצה מתובלת כו'."
,,"שם ה""ז (כ""ט סוע""ג)","@חד מן אילין דר' ביריי כו'.# במנחות נ""ד א' תוד""ה ""אין"" העתיקו: חד מן אילין @דבית# ביירי הוה כו' שאל @לרבא#."
,"פ""ג ","ה""א (כ""ט ע""ד)","@אמבטיות של בצק. אולי צ""ל קובטיות של בצק (ע""ל סה""ב (ל' ע""א])."
,,"שם ה""א (ל' סוע""ב)","@אית תניי תני ומחליף.# — כעין זה כלאים (פ""ו ה""ד [ל' ע""ג]). תענית (פ""ד ה""ה [ס""ח ע""ב])."
,"פ""ד ","ה""א (ל' ע""ד)","@בני מיישא קבלו עליהם כו'.# ע' בבלי נ' ב' מעשה כעין זה בבני ""ביישן"" ושאלו לר' יוחנן והוא מעשה אחד שנתחלק לשנים."
,,"שם ה""ט (ל""א ע""ב)","@והכא מפני שקדם הבקר נדרו להקדישו.# — צ""ל: שקדם הקדישו להבקר תורה (פי' הלכך אם הקדיש קודם שנודע העוללות אינם לעניים)."
,"פ""ה ","ה""ה (ל""ב ע""ג)","@א""ל ר' זעירא א""ל בפלגות פומך.# — פי' ר""ז אמר לר' אבינא אמור לריב""א שאמרת כן בחצי פה."
,"פ""ו ","ה""א (ל""ג ע""א)","@רבנין דקיסרין אמרין אף ר' חנינה דציפורין לר' מנא.# —ע' תענית פ""ד ה""ב [ס""ח אין ונראה שר' מנא זה הוא הנזכר בב' קידושין (י""ג א') שר' אסי אמר משמו ע""ש ורבב""ח בשמו ב' ב""ק נ""א ב' ונזכר עוד ב' ב""ב נ""ט ב'. שוב ראיתי בשבת פ""ז ה""ב דף ט' סוע""ב דר' חנינה דצפורין אמר בשם ר' אבהו ולפ""ז ר' חנינה דצפורין אין זה ר' חנינא בר חמא אע""פ שגם הוא היה מציפורי ובנדרים פ""ט ה""א ר' חנינא דציפורין בשם ר' פנחס. ונ""ל שר' מני זה הוא בירושלמי ר' מנא בר תנחום והוא אינו נזכר בבבלי כלל ומצינו בירושלמי קידושין פ""א ה""ה ס' ג' שר' יסא דהוא ר' אסי אמר משמו."
,"פ""ז ","(ל""ד ע""ב) הלכה ה' ","@ודלא כרבי נתן כו'.# — המלים ""הלכה ה'"" מיותרות כאן ודלא כר' נתן"" היינו הא דאמרינן שלא בא מתחלתו אלא לאכילה."
יומא,"פ""א ","ה""א (ל""ח סוע""ג)","@השני אינו כשר לא לכהן גדול ולא לכהן הדיוט.# — נראה דכאן צ""ל ""א""ר יוחנן מפני איבה"" (דלעיל בסמוך) ומפרש טעמא אמאי אינו ראוי לכה""ג."
,,"שם (ל""ח סוע""ד)","@והא אשכחנן דר' יהודה אמר מיתה מצויה כו' שמא תמות אשתו.# — כ""ז מיותר."
,"פ""ה ","ה""ח (מ""ג רע""א)","@ריב""ל אמר משמעות ביניהון מן השיריים כו'.# —צ""ל: ריב""ל אמר משמעות ביניהון אבל בשירים כ""ע מודין דאינן מעכבין ריב""ל כדעתיה דמר ר' סימון כו'."
,"פ""ו ","ה""ג (מ""ג רע""ד)","@הרי נחוניון בני לפניכם הלכו ומינו את נחוניון כו'.# — צ""ל: הרי נחוניון בני לפניכם ולא קיבל עליו נחוניון שהיה שמעון אחיו גדול ממנו הלכו ומינו את שמעון אעפ""כ קינא בו נחוניון אחיו הלך כו' ולא מצאו ובקשו הכהנים להורגו אמרו משם ברח כו' תני זו דר""י רמ""א לא כי אלא מינו את נחוניון וקינא בו שמעון אחיו הלך כו' לאהובתו בצלצל שלך בקשו הכהנים להורגו אמרו משם ברח כו' (היך קדמייא) כו'."
,"פ""ז ","ה""ד (מ""ד ע""ב)","@אר""א יש לך עבודה אחרת כו'.# — פי' שהמקרא ""ובא אהרן אל אהל מועד"" אמור על הסדר שמסדר הכתוב כל הדברים שעושים בבגדי לבן אע""פ שאינם נעשים זה אחר זה וכ""ש הרמב""ן בפי אחרי שם (ט""ז כ""ג)."
,"פ""ח ","ה""א (מ""ד ע""ד)","@מניין שהוא מחוור בעשה.# — צ""ל: מניין שהוא מותר בסיכה (פי' בשמן מעשר שני) א""ר אלעזר כו'."
,,"שם ה""ג (מ""ה רע""א)","@למה שתייה כו' בכלל שתייה.# — כ""ז נשתרבב משבועות פ""ג היד ואינו שייך כאן."
שקלים,"פ""א ","ה""א (מ""ה ע""ד)","@היך מה דאת אמר ויתנו קול.# — צ""ל: היך מה דאת אמר ואשר ישמיעו ויעבירו קול בכל עריהם ובירושלים (נחמיה ח' ט""ו), כן גורס בפירוש קדמון על שקלים כ""י אוקספורד, כ""כ במבוא למגילת תענית הוצאת ר' מנשה גראסבערג."
,,"שם (מ""ו ע""א)","@אני אומר מת מצויין כו'.# צ""ל: אני אומר מת קמצוץ נתון תחתיה (כ""ה בסוטה פ""ט ה""א [כ""ג רע""ג], וענין ""קמצוץ"" ראשו בין ברכיו כדמוכח בנזיר פ""ט ה""ג [נ""ז ע""ד] והוא כולו תחת אבן זה לכן תחתיו טמא וסביבותיו טהור)."
,,"שם ה""ה (מ""ו ע""ב)","@ואינו מביא עמה נסכים כו'.# — [ע' הגהות הגר""א] אבל לא מצאתי מקור לברייתא זו, ול""נ דצ""ל: מתניתא פליגא על רשב""ל גוי ששילח עולתו ממ""ה ושילח עמה נסכיה קריבין משלו (ומשנה היא במכילתין פ""ז מ""ה) ומותר נסכין כו' לכלי שרת מ""ט דרשב""ל דכתיב לא לכם כו'."
,"פ""ב ","ה""ד (מ""ו ע""ד)","@קרטין.# —ע' מ""ש בב""מ רפ""ד (עמ' 487)."
,,שם,"@היה מכיון שאין לו שם כו'.# — צ""ל: מכיון שאמר שלא לשמו נעשה שוחטו לשמו ושלא לשמו כשוחטו בשתיקה והוא כשר."
,"פ""ג ","ה""ב (מ""ז סוע""ב)","@מהו לשתותן בפיסקין.# — פי' בב""י א""ח סימן תע""ב ששהה שעה גדולה ביניהם וע' בשבות יעקב סימן כ""ב מה שכתב פי' אחר בזה ואינו מחוור לדעתי. פ""ד ה""ה (מ""ח סוע""א) ר""א אומר אני ינתנו לבית גרמו כו'. פי' הקטרת עצמה ובלא חילול."
,"פ""ו ","ה""ד (נ' סוע""א)","@ר' יוסי בשם רב שמואל בר רב יצחק כו'.# — במנחות צ""ט ב' תוד""ה ""אחד"" העתיקו ר' אחא ור' מיישא ומטו בה בשם ר' שמואל בר יצחק לית כאן של כסף כו' וע' תמיד ל""א ב' סמך לגירסא שלפנינו."
,,"שם ה""ה (נ' ע""ב)","@והתני האשה שאמרה כו'.# — צ""ל: תני האשה כו' נתעצל בהן כו' מעורבות בהן מתניתא כרבנן (והשאר עד סוף ההלכה מיותר)."
,"פ""ז ","ה""א (נ' ע""ג)","@את הפסולות. לא צורכא דלא בין קטורת כו'.# — צ""ל: את הפסולות ואת האובדות. לא צורכא דלא בין גוזלי עולה לעצים בין לבונה לזהב לכפרת."
,,"שם ה""ג (סוע""ג)","@נוקניקה אשתכח כו'.# פי' מעיים ממולאים בבשר מצאו בב""ה של קונסטאטינע ואר""י שיכירו המוכרים מלאכתם (רמד""ל)."
,"פ""ח ","ה""א (נ""א ע""א)","@קצרן של גויים.# — פי' מבצר כמו קוצרה של ציפורין סופט""ז דשבת (רד""ל)."
,,"שם (סוע""א)","@מהלכין שיבולת.# — פי' בחבורה יחד ע' ערוך ערך שבולת (רד""ל)."
,,"שם ה""ב","@שהיא מריצה את האבן.# — הרמב""ם בפה""מ גורס לפי הנראה שהיא מוצצת את העצמות לבה""ק (רד""ל)."
סוכה,"פ""א ","ה""א (נ""א ע""ד)","@היתה למטה מעשרה ותולה בה עיטורין כו'.# — צ""ל: היתה למטה מעשרה כו' שהן ראויין לסכך בהן ממעטין בה לפסול ואם לאו @אין# ממעטין בה @לפסול#. היתה למעלה מעשרים כו' ממעטין בה לכושר ואם לאו @אין# ממעטין בה לכושר."
,"פ""ג ","ה""ד (נ""ג ע""א)","@להשתמש על צידדי בהמה בשבת כו'.# — צ""ל: על צידדי @אילן# בשבת כן משמע בתוספתא סופ""א והשאר מיותר ונגרר משבת פ""ה ה""ב) וע' ב' שבת קנ""ד ב'."
,"פ""ד ","ה""ב (נ""ד ע""ב)","@רב מפקד לדבית רב אתי.# — ע' מ""ש במעשרות פ""ד ה""ו (עמ' 110)"
,,"שם ה""ה (נ""ד ע""ג)","@רב חיננא בשם רב מי שסוכתו כו'.# —צ""ל: רב חיננא בשם @רב הושעיא# מי שסוכתו כו' מה דאמר רב הושעיא (כ""ה בפסיקתא דר""כ פסקא ל') בשהיה בדעתו לאכול מה דאמר שמואל @בשלא היה# בדעתו כו'."
,"פ""ה ","ה""א (נ""ה סוע""א)","@א""ר בנימין בר לוי והיה כנגן כו' המנגן.# כ""ז אינו שייך כאן ונגרר מברכות פ""א ה""א דף ב' ע""ד ע""ש."
,,"שם ה""ח (נ""ה סוע""ד)","@רחבות מלמעלן וצרות מלמטן.# בסוף מע""ש וכן בסוטה פ""ט הי""א איתא להיפך ומקיימין שנים ומבטלין אחד. וביאור הענין שהטבעת למטה במקום שצואר הבהמה מונחת היתה רחבה בעוביה כדי שיהא מקום לכל רוחב הצואר אבל למעלה היתה הטבעת צרה בעוביה כדי שהצואר יהיה מגולה למעלה לעיני השוחט ויהיה קל לשוחטה."
ראש השנה,"פ""א ","ה""א (נ""ו רע""ג)",@פסחים בזמנן מהו שיעבור (פי' אם לא הקריב את הפסח בזמנו אם עובר בבל תאחר?) דלא כן מה אנן אמרין (פי' פשיטא שעובר) כו' שלא תאמר מאחר שאם אבד ונמצא מאחר שכיפרו בו הבעלים גופו קרב שלמים לא יהא עובר לפום כן צריכא אשכח תני פסחים בזמנן עובר בעון קומי ר' זעירא כו'.#
,,"שם ה""י (נ""ז ע""ג)","@האיש משתאה לה כל גרב כו'.# צ""ל: האיש משתאה לה @דברו חכמים בכל לשון# כל גרב."
,"פ""ב ","ה""א (נ""ז ע""ד)","@רבי אמי מטלטל כו'.# — צ""ל: ר' אמי @מל# על פומא @דמיילדותא# ר' מתנייא מטלטל על כו' (פי' על אור הירח דכל זמן שלא שקעה השמש אין הלבנה מאירה)."
,,"שם הי""ב (נ""ח סוע""ב) ","@אילו אמר ר' יוחנן ולא אמר רשב""ל.# — צ""ל: אילו א""ר יוחנן כו' אפילו @מקצת לילה ויום ככולו# הוי צורכא להיא דארשב""ל (פי' שצריך שיהא כל הלילה והיום מן הלבנה החדשה ואם לאו אין מקדשין בו)."
,"פ""ג ","ה""א (נ""ח סוע""ג)","@קם ר' יוסה עם ר' יהודה בר פזי.# כעין זה בברכות פ""ד ה""א [ז' ע""ג]."
,,"שם ה""ג (נ""ח ע""ד)","@א""ר יוסה הדא אמרה כו'.# — צ""ל: @שופר מאריך# כו' א""ר יוסי הדא אמרה פשוטה ששמע מקצתה יצא שנייא היא ששמע את כולה והיי דא אמרה דא תקע כו' (פי' והכא הוי כאילו לא שמע אלא הראש או הסוף שהרי האריך בה והוא כמו שהפסיק בינתיים) אין בידו אלא אחת אין תימר לא יצא אפי' אחת אין בידו ר' אבא בר זמינא בשם ר' זעירא ולא דמייא תמן ראשה גבי סופה מצטרף וסופה גבי ראשה מצטרף ברם הכא אי אית ליה ראשה לית ליה סוף אי אית ליה סופה לית ליה ראש (וע' רא""ש פ""ד סימן ח' בשם רמב""ן דגורס פשוטה ששמע מקצתה מן המתעסק יצא, ומובא בשיירי קרבן)."
,,"שם ה""ה (נ""ט רע""א)","@שופר קדוח.# — ע' בבלי כ""ז ב'."
,"פ""ד ","ה""ג (נ""ט סוע""ב)","@חברייא בעון קומי ר' יונה כו'.# שייך על מי""א פ""ג דסוכה והובא פה אגב גררא."
ביצה,"פ""א ","ה""ו (ס""ו ע""ג)","@והוה מסתמיך על תרין גותיין (פי' סריסים וע' הוריות רפ""ג ובפירוש שם) שרעון (פי' שסריסיו הוחלקו ונפלו עי ערוך ערך שרע ב') וזקפון (פי' שר' אבהו הגביהן והעמידן) כו' מה הכין (פי' למה לך סמיכה).#"
,,"שם ה""ט (ס' ע""ד)","@לקלה דרומה.# — צ""ל: לקלהדרומא (כן שמו)."
,"פ""ב ","ה""א (ס""א ע""ב)","@מודין ביה ב""ש לב""ה כו'.# — צ""ל: מודין ב""ש @וב""ה# על שני תבשילין @שצריך# על מה (כ""ה בתוספ' פ""ב)."
,"פ""ג ","ה""א (ס""ב רע""א)","@צד הוא בפיטס.# —פי' מותר לצוד דגים מן החבית כמו הללו בעלי פטסין ב' ט""ו ב' וב""ב רפ""ו עשר פיטסאות, ובשבת פי""ג [י""ד ע""א] הגירסא בפיתם הוא כמו בפיטס (רה""ש פ""ג מ""ו, התוקע לתוך הפיטם וע' ערוך ערוך פטס שגורס גם ברה""ש הפיטס בסמ""ך) שוב מצאתי כן ברד""ל וכן הגיה א""ר יודן כההיא דפיטס."
,,"שם ה""ו (סוע""א)","@א""ר בא רב יהודה בשם שמואל הלכה כר' יודה.# נראה דקאי על מ""ו ומה דאמר שמואל לקמן ""אפי' לתלותו כו' אסור"" אינו אלא מפרש דברי חכמים. והק""ע פירש דקאי על ר""י דמכשיר מכשירי יו""ט ואינו מחוור דא""כ ה""ל להביא זאת גם לקמן פ""ה ה""ב ע""ש."
,"פ""ד ","ה""ב (ס""ב ע""ג)","@מפספסין בקלקים.# — פי' בשערות המסובכין כדמוכח בנזיר פ""ו סה""ג [נ""ה ע""ב]."
,,"שם ה""ו (ס""ב ע""ד)","@חומר בדבר שיש בו רוח חיים.# — צ""ל: חומר הוא במוקצה או שצ""ל חומר הוא בשבת, ונוסח שלפנינו אשגרת לישנא הוא מלמעלה."
,"פ""ה ","ה""א ","@אתון שאלון לרב.# — ע""ה בבלי שבת קכ""ד ב'."
,,"שם ה""ב (ס""ג ע""א)","@אזל (פי' ר' ירמיה להקיץ את בן ר' אמי) בעי כו'# א""ל @אבוה# (פי' אביו של בן ר' אמי דהיינו ר' אמי אמר לר' ירמיה)."
,,שם,@נהגין רבנן בחולה.# — פי' @בחול# שאסור ליגע על בשרו כו'.
תענית,"פ""א ","ה""א (ס""ד ע""א)","@אמר לו בכרך הגדול שברומי.# —ע' ספר מלחמות היהודים ליוסף בן מתתיהו הכהן ספר ה' פרק ט' אות ג' שמספר איך שאמר אל היהודים שעמדו על החומה הפנימית של ירושלים אחר שנפלה החומה החיצונה ""השם שמוסר את הממשל לעם הוא עתה באיטליה אתם נלחמים לא רק על הרומיים כי אם על ה' מפני שהוא עזב את המקדש ועומד על צד אלה שאתם נלחמים בהם"", וע' בבלי ע""ז י""ח אי אומה זו מן השמים המליכוה."
,,"שם סוה""ד (ס""ד רע""ג) ","@מה ת""ל עד קריאת הגבר כו'.# — צ""ל: @ולמה תנייה# עד קריאת הגבר בשלא ישן ישן ועמד אסור."
,,"שם ה""ז (ס""ד ע""ד)","@הא לארס יארס.# — תמוה מ""ש בשה""ג על הרי""ף שבת פט""ז (דף מ""ח ע""א) בשם ריא""ז ""ובתלמוד א""י נמצא בפיא דתענית שאסור לארוס אשה בע""ש וכן לדברי תורה, נראה הדבר שממעטין בד""ת כדי שיעסוק בצרכי שבת"" והעתיקו בדים א""ח סרנ""א אות א' וכן בהגהת ש""ע שם סעיף ב' כתב ""ויש לאדם למעט קצת בלמודו בע""ש כדי שיכין צרכי שבת"" והנה מ""ש ריא""ז ""וכן לד""ת"" אין זכר כאן וכתב בספר נחל עדן שהוא בביצה פ""ה ה""ב כאן להלכה וכאן לדבר תורה"" ופירש שבדבר תורה ממעטין והיא שגגה אבל עניינו שמדבר תורה דנין בע""ש ומדרבנן אסור."
,"פ""ב ","הט""ו (ס""ו סוע""א) ","@רביעין על מעיהון.# — פי' שהיו משתחוים בפישוט ידים ורגלים ביום התענית כדאיתא בע""ז רפ""ד."
,"פ""ד ","ה""ד (ס""ח ע""ב)","@המים שרץ נפש חיה תני לא היו מתענין.# — צ""ל: המים שרץ נפש חיה ואין מתעניין על שני דברים כו' אלא להן דאתינן תני לא היו מתענין כו' מחלקין היו עצמן על בתי אבות."
,,"שם (ס""ט ע""א)","@כרם גדול היה לאדריינוס כו'.# — ע' תשובות ר""י בן מיגאש סמ""ה."
מגילה,"פ""א ","ה""א (ע' ע""א)","@ויקראו הכל בט""ו.# —פי' כל העיירות מימות יהושע בן נון."
,,"שם הי""א (ע""א ע""ג) ","@תפארתך צריכה.# —פי' שאם נוגעות האותיות מלמעלה אינן ניכרות שהן שתי אותיות ופסול עד שיגרוד ביניהן אבל מלמטה כשר אע""ג שלא גרד שעיקר היכר האותיות הן מלמעלה אבל אם נגע הצד""י מלמעלה בכ""ף ארוכה וכן התי""ו בכיף ארוכה ניכר לכל שהן ב' אותיות שרגל הכ""ף הארוכה היורדת למטה מראה שאות אחרת היא ע""כ ספק הוא."
,,"שם (ע""א סוע""ד)","@כל השמות הכתובים בנבות כו'.# — צ""ל: כל השמות הכתובים בנבות כו' @חוץ מברך# נבות כו' (כ""ה במס' סופרים פ""ד)."
,,"שם (ע""ב ע""א)","@תני גוי שבירך כו'.# — צ""ל: תני גוי שבירך את השם עונין אחריו כותי שבירך את השם אין עונין אחריו (כ""ה בתוס' ברכות פ""ה)."
,,"שם הי""ג (ע""ב ע""ב) ","@אילו הבכורות שהקריבו כו'.# —צ""ל: אילו הבכורות שהקריבו לעגל: תחלה הכל קרב בבמה כו' (פי' קודם שהוקם המשכן, וע""ה ב' זבחים קט""ו בי כמה שינויים)."
,,שם,"@פשט רבי לעזר כו'.# —ע' ב""ר פל""ב י""ב, ודרכו של ר""א לומר בלשון פשט עי מנחות כ""ו ב'."
,,"שם (סוע""ב)","@והכתיב ויקח יתרו כו'.# — מצינו ג""כ ביעקב שהקריב זבחים (בראי מ""ו ב') וצ""ל שעולות היו נקראים גם כן זבחים אלא שביתרו שכבר כתיב עולות מוכח שהזבחים היו שלמים."
,"פ""ב ","ה""ג (ע""ג ע""ב)","@להעשות ראש חולה.# פי' שורה של בני אדם ע' שבת פי""ט ה""א [ט""ז ע""ד]."
חגיגה,"פ""א ","ה""א (ע""ו ע""א)","@יוחנן בן דהבאי משם ר""י אף הסומא.# כ""ה גם נוסח התוספתא רפ""א אבל בבבלי הנוסח סומא באחת מעיניו. ולפי נוסח הירושלמי והתוספתא משמע שלא גרסי ""סומא"" במשנתנו וכן נראה למטה שלא הזכיר הירושלמי את הסומא ומקרא לפוטרו כמו בשאר הפטורים שנשנו."
,"פ""ב ","ה""א (ע""ז ע""ג)","@מה ה""א פתוח מלמטן.# — בפסיקתא רבתי (פיסקא אי דעשרת הדברות) הגירסא: מה יו""ד נקודה א' מלמטן רמז שכל המתים יורדים לגיהנם ונקודה א' מלמעלן רמז שהם עתידים לעלות ה' ממית ומחיה מוריד שאול ויעל מה היא פתוח כו'."
,"פ""ג ","ה""ד (ע""ט רע""ג)","@מפני שפסיקייא של כותים.# בספר תבואות הארץ פ""א (דף י""ט ד' ירושלים) כתב שמצא בספריהם שכשעלו מגליל לרגל לירושלים היו עוברים דרך עבר הירדן למען שלא יעברו דרך ארץ הכותיים וכתב שם שלדעתו הטעם כדי שלא יטמאו בפסיקייא של כותים. ולדעתי הטעם מפני שהכותים היו להם אויבים בנפש ויש בזה סכנה שיבואו לידי מלחמה, וע' במלחמות היהודים ספר ב' פי""ב שהיו מלחמות גדולות בין היהודים והשומרונים בסיבת איש גלילי שעבר דרך. ארץ הכותיים לחוג בירושלים בימי אגריפס השני. ונראה שמאותו זמן חדלו לעבור דרך ארצם והוצרכו לעבור דרך הירדן ולסבוב הפסיקיא של כותים ולחזור ליהודה דרך עיירות הגוים שלא כבשו עולי בבל והיו טמאים משום ארץ העמים ובזה מיושבת קושית התוספות כ""ה אי ד""ה שרצועה שהקשו מתוספתא מקואות פ""ו, ומה שתרצו בתוספתא קודם שקלקלו בדמות יונה פלא שהרי בחולין ו' א' מפורש שבימי ר""ם מצאו להם דמות יונה וגזר עליהם אבל בפני הבית ברור הוא שעדיין לא גזרו עליהן."
מועד קטן,"פ""א ","ה""ד (פ' ע""ג)","@ר' חנניה בשם ר' יוחנן התירו סופו מפני תחילתו.# — כעין זה בביצה פ""א ה""ה [ס' ע""ג] וחגיגה פ""ג ה""ז [ע""ט רע""ד]."
,"פ""ג ","ה""א (פ""א סוע""ג)","@וידע דלית הוא מתמנייא ביומוי.# — כעין זה בתענית פ""ד ה""ב [ס""ח ע""א]."
,,"שם (פ""ב ע""א)","@ר""ש בר אבא בשם ריב""ל.# באו""ז ח""ב סתמ""ב העתיק: ר' @יעקב בר אחא# ר' שמעון בר בא בשם ב""ל (וכן עיקר, ובשה""ל סל""ג הנוסח ר' יעקב בר אבא ר""ש בר בא)."
,,"שם ה""ה (פ""ב ע""ג)","@מה ימי המת שבעה כו'.# —צ""ל: מה ימי @הסגר# שבעה אף ימי @המת# שבעה (פי' ימי אבילות)."
,,"שם ה""ח (פ""ג ע""ד)","@לא יפרוס כל עיקר.# — חסר כאן וצ""ל (כמו בסנהדרין והוריות): לא אתיא דלא אלא על אביו ועל אמו כר' מאיר דתני על כל המתים אין מבדיל קנה שפה אלא על אביו ועל אמו דר""מ ר' יהודה אומר כל קרע שאינו מבדיל קנה שפה ה""ז קרע של תפלות מאי כדון (פי' ולמה יקרע כה""ג למטה מקנה שפה מאחר שאין זה קריעה על אביו ואמו) חומר הוא בכה""ג שאינו מבדיל קנה שפה (פי' שהחמירו על הכה""ג שיקרע למטה מקנה שפה אע""פ שהדיוט לא יצא בקרע כזה על אביו ואמו מאחר שבשאר קרובים יצא בקרע כזה לר""מ החמיר בכה""ג לקרוע קרע כזה על אביו ואמו)."
,,"שם (פ""ג ע""ד)","@ר' שמואל בשם ר' אבורמי כו'.# —ברמב""ן שער הקריעה הנוסח: ר""ש בר אבדימי בר תנחום, וכ""ה בשבה""ל הל' שמחות ס""ב; ומאחר שלא נמצא עוד נראה דצ""ל: ר' שמואל @בר אבודמי# בשם ר' תנחום."
,,שם,"@הרי שהיה מחליף בגדים כל שבעה חייב לקרוע את כולן.# — פי' באביו ואמו וכן מוכח בבבלי כ""ד אי."
יבמות,"פ""א ","ה""א (ב' ע""ג)","@ר' יוחנן אמר כו' חייבין על החלוצה מיליהון דרבנן אמרין חלוצה פטור.# — צ""ל: ר' יוחנן אמר כו' חייבין על החלוצה @ורשב""ל אמר בין הוא בין אחין אינן חייבין על החלוצה# מיליהון כו' פטור (פי' שזה שחולצה אינו כמו שקונה אותה ומגרשה אלא כמו שפוטרה ממנו) כו' ומה בין מגרש (פי' והוא על פ""ד מ""ט)."
,,"שם (סוע""ג)",@קידש אחד מן השוק כו' (ו)פקעו ממנה קידושין.# — פי' ובהא לא מיבעי לי כי תיבעי בשחלץ לחברתה.
,,"שם ה""ב (ג' ע""א)","@אין עושין מעשה.# — ע""ל פי""א ה""ט (י""ב סוע""א) ובבלי פי א'."
,,"שם ה""ו","@לדייטי התחתונה.# —פי' והיא נקראת שאולה ואין כאן היא במקוד למ""ד."
,,שם,"@בית נקופי.# —בתוספתא פ""א ובבלי ט""ז ב' הנוסח ""בית קופאי"" ונראה שזה רומז על הכה""ג יוסף בן כיפה שהיה מן הפרושים והיה כה""ג כערך חמישים שנה לפני חורבן הבית."
,"פ""ב ","ה""ד (ג' ע""ד)","@אשת חמיו אסורה מפני מראית העין.# —ע' שו""ת מהרש""ל סימן פ""ט שכתב בשם ירושלמי דאשת חמיו הוא בכלל ארור שוכב עם חותנתו."
,"פ""ג ","ה""א (ד' סוע""ג)",@נמצאתה עושה צרה לאחר מיתה.# — פי' לאחר שמת בעלה היא נעשית צרה ליאסר ליבמה.
,,"שם ה""ט (ה' ע""א)","@כדי לזוק צרתה לאביה.# —פי' כדי שתהא צרתה זקוקה לאביה ולזוק"" היא מלשון זוקק כמו לבור (כלאים רפ""ב) מן בורר."
,,"שם הי""ב (ה' סוע""א) ","@שנייא היא הכא מפני תיקון העולם.# — הוה מצי לשנויי דמתניתין כר""מ ור' יהודה ומה דאמר ר' ירמיה כר' יוסי (כדאיתא לקמן פ""ד ה""י) אלא עדיפא קמשני דאפי' לר' יוסי מפרישין כדי לידע אם הולד כשר; אבל פנויה שנאנסה בין כך ובין כך הולד כשר אלא שלא יהיה ידוע אם הוא מן הראשון או מן השני."
,"פ""ד ","ה""א (ה' ע""ג)","@והוא שיצא ראשו ורובו.# — פי' ראשו ביצא כדרכו או רובו ביצא דרך מרגלותיו (אלגאזי רפ""ח דבכורות)."
,,"שם ה""ד (ה' ע""ד)","@א""ר יוסי לצדדין כו'.# (ע' רא""ש כתובות פ""ח סימן י""ג ורמב""ם פכ""ב הי""ד מאישות) וצ""ל: לצדדין היא מתניתא כונס ומגרש (פי' ואז יכול לשלם כתובתה ולמכור) או מחזיר והיא שוברת כו'."
,,"שם ה""א (ו' ע""א)","@לחדשים שלימין דתנינן דייה חודש'.# — צ""ל: לחדשים שלימים @דלא כן ניתני# דייה @חודש#."
,,שם,"@בקורת משל מלכות.# — בקרא בלשון סורית עדר וכעין זה תרגום אונקלוס דברים יין י""ג ותפס מלה סורית שלא לכפול מלת עדרו וכ""ה בישעי' ס""ה יו""ד ויואל א' י""ח."
,,"שם (ו' ע""ב)","@אעפ""כ כנסה כו'.# — כעין זה לקמן פי""ג ה""ב [י""ג סוע""ג]."
,"פ""ה ","ה""א (ו' ע""ד)","@טעמא דר""ש קנה הראשון קנה השני כו'.# — צ""ל: לא קנה השני כו' פטר הראשון פטר השני (פי' שהגט פוטר ומשייר) לא פטר הראשון לא פטר השני (פי' מה שלא פטר הראשון אף השני לא פטר)."
,"פ""ז ","ה""ב (ח' רע""ב)","@אמר ר""ש בזו מדת הדין לוקה.# — כעין זה אר""ש בתוספתא טהרות פ""ג וע""ע ע""ז פ""ד הי""ב."
,"פ""ח ","ה""א (ח' רע""ד)","@כמי שהוא מופנה מצד א'.# — פי' ולר' ישמעאל למדין ע' יומא פ""ח ה""ג [מ""ה ע""א] וסנהדרין פ""ז ה""ח (כ""ד סוע""ד)."
,,שם,"@יאמרו הדברים ככתבן.# — כעין זה בכתובות פ""ד ה""ד (כ""ח ע""ג)."
,,"שם (סוע""ד)","@המשוך והנולד מהול כו'.# צ""ל: המשוך והנולד מהול לא יאכלו בתרומה (ומה שבינתיים מיותר ונגרר כאן אגב ריהטא מלמטה ""המשוך והנולד מהול והמל עד שלא נתגייר צריך להטיף ממנו דם ברית"")."
,"פ""ט ","ה""ה (י' ע""ב)","@הוון בעיין מימר כו'.# —צ""ל: אית דבעיין מימר בתניי כתובה כו'."
,"פ""י ","ה""א (י' סוע""ג)","@דרע""א הבא על סוטתו כו'.# —ע""ל פ""ד הי""ג [ו' סוע""ב] וב' מ""ט ב'."
,,"שם ה""ח (י""א ע""א)","@אותו ואתהן הוא ואת שניי'.# — צ""ל: אותו ואתהן אותו ואת שתיהן (פי' אם אשתו ובת אשתו)."
,,"שם ה""י (י""א ע""ב)","@אחז הוליד כו'.# בעל הפירוש כתב כאן ""פי' בבן עשרי' מלך וט""ז שנים מלך נמצאו כל ימי חייו ל""ה שנה דשנת העשרים גם הוא מהט""ז"" ואין צורך לזה אלא שכבר היה לאחז בן בכור לפני חזקיהו ושמו מעשיהו (דה""י בי כ""ח ז') ואף שבמקרא סתם ולא כתב שהיה הבכור אך כן איתא בירושלמי סנהדרין פ""י ה""א (הפסגה קובץ ששי, חוברת ב' צד 45)."
,,"פי""א ה""ב (י""א סוע""ד) ","@אילין דבר עשתין.# — ע' בכורים פ""א ה""ד (ס""ד רע""א)."
,,"שם (י""ב ע""א)","@מאי כדון א""ר יוסה כו'.# —צ""ל: מאי כדון (פי' מה השיב להן ר""מ) א""ר יוסה @בשיטתן השיבן# (ע' פ""מ): כל ערוה שב""ד כו' (הוא ענין בפני עצמו וברייתא היא בתוספתא ע""ז פ""ט)."
,,שם,@עבד מותר באחותו.# פי' שנשתחרר אבל קודם שנשתחרר דינו כגוי לענין אחותו ואמו.
,,שם,"@או נאמר לחלבין איתאמרת כו'. .# — צ""ל: לכרת איתאמרת (פי' ולא לענין חיוב חטאת) מה מצינו בזיקת אם שעשה בה צד שנתגיירה כצד שלא נתגיירה (פי' שגר שבא על אמו הגיורת חייב כגוי שבא על אמו הגויה ע' בבלי סנהדרין נ""ח א') אף שפחה נעשה בה כו' (פי' כמו שעבד חייב אם בא על אמו כגוי שבא על אמו ה""נ עבד שנשתחרר שבא על אמו שנשתחררה חייב)."
,,"שם ה""ט (י""ב רע""ב)","@אמר רבי חנינא אמר רבי לית היא כו'.# —צ""ל: @חזר# ר' חנינא ואמר לית כו'."
,,"פי""ג ה""ז (י""ג רע""א) ","@רבי זריקן מטי בה רבי ירמיה כו'.# — צ""ל: רבי זריקן מטי בה @בשם רב# ר' ירמיה כו' (וכעין זה לעיל פ""ג דף י""ב ע""ד: ר' בא בשם ר' יהודה זריקן מטי בה בשם רב)."
,,"פט""ו (ט""ו ע""א) ","@המטלטלין אין בהן משום ניכסי רטושין.# צ""ל: אין בהם משום נכסי @נטושין# (פי' לרשב""ג ואין נותנין אותן לקרוב אלא מעמידין עליהן אפוטרופוס וכן סבר שמואל בבבלי ב""מ ל""ח א')."
,,"פט""ז ה""ג (ט""ו ע""ג) ","@על שחישו את ירבעם ברבים.# —ע' בפה""ת לרמב""ן ויקרא כ' י""ז שכתב ""ובלשון חכמים מפני שחסדו ברבים"" אולי כן היה נוסח שלו כאן, ופי' שחסדו שחרפו כי תרגום חרפה חסודא."
,,"שם (ט""ו רע""ד)","@ועלה לאחר שבעה עשר יום.# ע' מ""מ פי""ג מגירושין שהעתיק ""מאה יום""."
סוטה,"פ""א ","ה""א (ט""ז ע""ב)","@ר' יהושע אמר בשם ר' ליעזר.# — צ""ל: ר' יהודה אמר כו' (ע' תרומות פ""ד ה""י [מ""ג א'] דר' יהודה אמר בשם ר' ל[י]עזר ור' יהושע)."
,,"שם ה""ו (י""ז ע""א)","@יבא כיי דאמר ר' כו'.# — צ""ל: @כיי דתנינן תמן# (שקלים פ""ד מ""ב) אמת המים כו'."
,,"שם ה""ח (י""ז רע""ב)","@בז' מקומות כתיב לא תתחתן בם.# נראה שהם אלה: א) פן תכרות ברית ליושב הארץ וגו' ולקחת מבנותיו לבניך (שמות ל""ד ט""ו-ט""ז) ב) ולא תתחתן בם (דברים ז' ג'), ג) הכתוב בספר תורת משה וגו' לבלתי בוא בגוים האלה וגו' והתחתנתם בהם וגו' (יהושע כ""ג ו' ז' י""ב), ד) מן הגוים אשר אמר ה' אל בני ישראל לא תבאו בהם וגו' (מלכים א' י""א ב'), ה) בנותיכם אל תתנו לבניהם וגו' (עזרא ט' י""ב), ו) להוציא כל נשים וגו' וכתורה יעשה (שם יו""ד ג') ו-ז) ואשר לא נתן בנותינו לעמי הארץ וגו' (נחמיה יו""ד ל""א) עוד שם (י""ג כ""ה) אם תתנו בנותיכם לבניהם וגו' [וע' ק""ע]."
,,"שם ה""י (י""ז רע""ג)","@כיון שהצדיקים מסתלקים כו' חד אמר זה ספר בראשית.# — דכתיב (בראשית כ""ו י""ח) ויסתמום פלשתים אחרי מות אברהם."
,"פ""ג ","ה""א (י""ח סוע""ג)","@אם בחרבה של חטים כבר הוא אמור.# — פי' חריבה של חטין היא מנחת חוטא וכתיב בה והיתה לכהן כמנחה (ויקרא ה' י""ג) ללמד ששיריה נאכלין כפרש""י שם, ולתוספות (מנחות ע""ב ב' ד""ה אם) איתרניא מזאת תורת; אבל רש""י במנחות שם פירש דחריבה של חטין מנחת מאפה שמפורש (ויקרא ז' ט') ששיריה נאכלין וזה מן התימה דמנחת מאפה אינה חרבה כי החלות נבללין והרקיקין נמשחין וגם רש""י עה""ת אינו מפרש כן ע""ש."
,,"שם ה""ז (י""ט ע""ב)",@נמצאת מדחה פרשת טמאות.# — פי' ואין לחכמים לאסור מהשמפורש בתורה שהוא מותר.
,,"שם ה""ח","@ר""מ כ""ד דברים מקולי ב""ש כו'.# דע שכ""ג מהן נמנו בעדיות פ""ד וכ""ש הראב""ד שם במ""ב לבד מדין מדיר את בנו בנזיר שהוא בתוספתא שם, והנה מצינו עוד באהלות פ""ב מ""ג כמה הוא חסרון בשדרה כו' ובגלגולת ב""ש אומרים כמלוא מקדח ובה""א כדי שינטל מן החי וימות באיזה מקדח אמרו בקטן של רופאים דברי ר""מ וחכ""א בגדול של לשכה, והרי לו""ם ב""ש לקולא; וכתב בשו""ת רמ""ע ס""ב שהטעם שלא מנו זה בעדיות משום דכל אלו שנמנו שם אין חולק על ר""מ ועוד אפי' לר""מ אינו קל אלא מצד א' לענין טומאה אבל לענין טריפה ב""ש לחומרא ע' כתובות פ""ח היא ל""ב ע""א)."
,"פ""ד ","ה""ד (י""ט סוע""ג)","@ר' יצחק בריה דר' חייה @רובה# בשם כו'.# —צ""ל: בריה דר""ח @כתובה# (וביבמות [פ""ד, ה' רע""ג] הנוסח מטי בה, והוא ט""ס)."
,,"ה""ה (י""ט רע""ד)","@דלכן מה אנן אמרין שתת ולא בדקו אותה המים טמאה היא?#- כצ""ל."
,"פ""ה ","ה""ה (כ' סוע""ב)","@ואת מיתגר פלגא.# —פי' והגובה נתן כשיעור שקצבו לו כדי שלא ירגישו שהִטְעָם, דאם ל""כ ישתכר שלשה רבעים."
,"פ""ט ","ה""ו (כ""ג רע""א)","@אפי' שומרת יבם לחמשה אחים.# — תוספתא פ""ז וע' בבלי (מ""ג ב') ושם הגירסא מת אחד מהן במלחמה כולן חוזרין, אבל בתוספתא שם איתא שמע שמת אחיו במלחמה עד שלא נתן (צ""ל נשא) במשא חוזר משנתן (משנשא) במשא אינו חוזר."
,,"שם ה""י (כ""ג ע""א)","@גד גדוד יגודנו כו'.# — מובא ברמב""ן על פסוק זה."
,,"שם ה""ו (כ""ד סוע""ב)","@זו זהורית המוזהבת.# —ע""ה תוספתא פט""ו ובבלי מ""ט ב'."
כתובות,"פ""א ","ה""ג (כ""ה סוע""ב)","@א""ל רבי אבא לא תהדור בך.# — נראה דצ""ל ""ר' יוסי"" וראייה מדאיתא למטה ""ולמה לית ר' יוסי פתר לה""."
,"פ""ג ","ה""ג (כ""ז ע""ג)","@תיפתר שבא עליה עד שלא מת.# — אינו מובן דכשמת א""א עוד לעמוד בדין ואין כאן קנס כל עיקר אפי' באחר ואין שום חיוב ביורשיו דכשמת קודם שעמד בדין בטל הקנס וע' חדושי הרש""ש בכורות ל""ד ב'."
,,"שם ה""י (כ""ח ע""א)","@ואין קנסות אלא בב""ד ובעדים.# — ואם באו עדים אחרי כן דעת הירושלמי בסוף שבועות דיצא לחרות דמודה בקנס דשלא חייב עצמו בכלום ואח""כ באו עדים חייב."
,"פ""ד ","ה""ח (כ""ח ע""ד)","@א""ר חנינא אנא לית מתת ליה איתא.# פי' אף אם יש לו אשה היא ניזונת עמו מ""מ אם אין לו אשה אין משיאין לו ואם נשא אין נותנין לה מזונות."
,"פ""ה ","ה""ב (כ""ט ע""ד)","@ומתנה עמה על מנת שלא לזונה כו'.# פי' שלדעת חכמים פילגש היא בלא קידושין וכדעת הרמב""ם."
,"פ""ז ","ה""ט (ל""א ע""ג)","@שמתוך שהיא יודעת כו' והוא מתיר לה את נדרה והיא אינה הולכת כו'.# — צ""ל: והוא מתיר לה את נדרה @יהיו בניה ממזרים# אינה הולכת כו' (כן העתיק הרא""ש בכתובות פ""ז סי""ג)."
,"פ""ח ","ה""ז (ל""ב רע""ב)","@אבל אם נפלו לה זתים וקרקען גפנים וקרקען לא תקוץ שאדיין כו'.# — אולי צ""ל: אף רבנין מודין שאדיין כו' (והענין בפ""מ וק""ע); אבל יותר נראה שכל הענין מוסב על דברי ר' יהודה שאם יש לה גם קרקע אף ר""י מודה שיכול למכור הזתים לעצים, וצ""ל: גפנים וקרקען תמכור שאדיין שבח כו'."
,,"שם ה""י (ל""ב ע""ב)","@ר' תנחום בר מרי בשם ר' יוסי.# — ר' תנחום בר מרי לא מצינו עוד בשום מקום וגם היוחסין לא הביאו כי אם בסה""ד ונראה שט""ס פה וצ""ל: ר' תנחום בר @ירמיה#."
,"פ""ט ","ה""א (ל""ב ע""ד)","@שבסוף הוא זכה בהן.# — פי' במקח וממכר לרה""ג שער מ""ב דהא גופה של קרקע אין לבעל אלא לאחר מיתה, ובחייה דברים שלא באו לידו הן לפיכך התנאי בטל בדבר שלא בא לידו."
,,"שם ה""ה (ל""ג סוע""א) ","@ר' זעירא בעא קומי ר' יסא כו' תלמידיה דר' ינאי.# כ""ז אינו שייך כאן רק נגרר מקידושין פ""א [ס' ע""ב]."
,,"פי""א ה""ה (ל""ד רע""ג) ","@אם היה המקח מופלג.# פי' הרמב""ן במלחמות סופ""ד דב""מ דמופלג היינו כפלים מאונאה של מטלטלין שהיא שתות דהיינו שליש והביא ראיה מלקמן היו."
נדרים,"פ""ד ","ה""ב (ל""ח ע""ג)",@ר' אבין בעי דהוה רביה.# פי' וכי היה ר' יוחנן רבו של רב שאתה אומר ולא שמע.
,,"שם ה""י (ל""ח ע""ד)","@הדא אמרה הבקר כר' יוסי וחייב במעשרות# (פי' דכל זמן שלא חזר בו ה""ז הבקר וכשחזר בו ה""ל כאלו לא הבקירו וחייב במעשרות) מה אמר @הבקר# (פי' וכי אמר ר' יוסי דזה שזכה בו כזוכה מן ההבקר) לא מתנה (פי' כר' ינאי שאמר דה""ל כנותן מתנה)."
,"פ""ה ","ה""א (ל""ט ע""א)","@אם היתה חצר חלוקה פסיפס אף רבנן מודיי כו'.# —צ""ל : אף ראב""י מודי (פי' דאסור ליכנס לחלקו של חבירו דה""ל כאלו כבר חלקו ביניהם) עמד אחד מהן ומכר את חלקו אף @רבנן מודיי# (פי' שמותרין שניהן ליכנס לחצר שלא נדרו ליהנות אלא זה מזה וזה מזה וכבר מכר אחד את שלו לכך מותרין שניהן זה שקנה וזה שלא מכר ליכנס בחצר זה)."
,"פ""ז ","ה""א (מ' ע""ב)","@ר' יודא בר צרדייה.# ע' שביעית ספ""ב [ל""ד רע""ב] וצ""ל כאן: ר' יונה בוצרייא."
,,"פי""א ה""א (מ""ב רע""ג) ","@ולשבועות אין הזקן מתיר.# עי חגיגה פ""א ה""ח תני ר' ליעזר אומר יש להם על מה שיסמוכו נשבעתי ואקיימה פעמים שאינו מקיים יהושע אומר כו' באפי נשבעתי חוזר אני ביי וקשיא משם על רשב""ל."
גיטין,"פ""ד ","ה""ד (מ""ה ע""ד)","@סימא שתי עיניו כו'.# — מכילתא פ' משפטים וב""ק פ""ח ה""ד [ו' ע""ב] וע' מ""ש שם (עמ' 477)."
,"פ""ה ","ה""א (מ""ו ע""ג)","@ר' לעזר בשם רבי ניסא.# — צ""ל: ר' ניסא בשם ר' לעזר (וכ""ה בסנהדרין פ""ז הי""ג [כ""ה סוע""ב])."
,,"שם ה""ג (מ""ו ע""ד)","@א""ל ר' אלעזר רבי.# —צ""ל: א""ל ר""א דבר (וכ""ה בכתובות פ""ו ה""ו [וכ""ה בק""ע], וברור הוא שריש ב""א לא היה רבו של ר""א ע' ב' כתובות נ' ב')."
,"פ""ט ","ה""ח (ני ע""ג)","@התחיל בסוף שתים# (פי' שהניח שורה אחת חלק ובסוף שיטה שניח התחיל לחתום) וגמר בסוף ארבעה (פי' שגם שיטה ג' הניח חלק) כשר (פי' שאינו פסול אא""כ הניח חלק שתי שיטות שלימות זו אחר זו)."
,,שם,"@ר' יונה ור' יוסי תריהון אמרין צריך להחזיר שתי שיטין מקום הכתב.# פי' דין חדש הוא (ולא קאי אלעיל) שבשתי שיטין האחרונות שבשטר צריך להחזיר דברים מהשטר (ע' בבלי ביב קס""א ב' רק שיטה אחרונה) ור' זעירא מבאר הדברים"
נזיר,"פ""א ","ה""א (נ""א ע""א)","@אמר לו שמור ושמעת.# —כעין זה להלן פ""ב ה""ד [נ""ב רע""א]."
,"פ""ה ","ה""ג (נ""ד ע""א)","@פרה פרנון. פי' @נכסי מלוג# ואי אפשר לטורפן. שם אם בשגילגל בנזרו.# — פי' שנהג בהיתר (פ""מ וק""ע). והנה בלשון הירושלמי ""גילגל"" הוא לשון מצטער כמו בכתובות פ""ז ה""א ""מגלגלת עמו שלשים יום"" ובנדרים פי""א ה""א ""אדם מגלגל ברחיצה אין אדם מגלגל בכביסה"" (ע' מ""ש במעשרות פ""ב עמ' 106) לכן נראה להגיה ""אם בשזילזל"" וכן בכל הסוגיא."
,,שם,@אם בשראה בהמה עוברת בשוק כו'.# — פי' שראה בהמה של חבירו ולאחר זמן אמר הריני נזיר על בהמה זו והלך ללוקחה ומצא שנגנבה אפי' נזר עד שלא נגנבה הבהמה אינו נזיר משום שדעתו היתה עליה והיא אינה שלו.
,"פ""ז ","ה""ב (נ""ו ע""ב)","@מאי כדון מדרשות אמינא כו'.# — (ע' מ""ש בפנים, עמ' 441) ועי שליה תושבע""פ כלל כ""ה בשם הרמד""ל שפירש דאין משיבין על הדרש של רשב""י דהיכא דאיכא למדרש דרשינן ואין למדין משם הלכה למקום אחר."
,,"שם (סוע""ב)","@וזה נעשה גילגלין לזה מה נפשך כו'.# צ""ל: וזה נעשה גילגלין לזה התיב אבא כו' ועירבן זה בזה מה נפשך גילגלין לזה (פי' בשני מתים) ולא לזה (פי' בחצי תרווד מזה וחצי תרווד מזה ועירבן) והוה עיינן כו'."
,,"שם ה""ג (נ""ו ע""ג)","@ר' יוחנן אמר בינתיים להקל כו'.# ר""י ורשב""ל לטעמייהו בחולין ניד אי דר""י אמר אלו טרפות דוקא ורשב""ל אמר אלו כשרות דוקא אבל לעיל בעירובין פ""א ה""א נמצא להיפך."
,"פ""ט ","ה""ב (נ""ז ע""ד)","@כל שאת יכול לפנותו כו'.# צ""ל: כל שאת יכול @לראותו אינו# עושה קבר התהום וכל שאי אתה יכול @לראותו הרי זה# עושה קבר התהום. וקש ותבן @אינו עתיד# לפנותו מתניתא דר""י דרי""א תבן וביטלו בטל דתני (תוספתא אהלות פט""ו, ומה שבינתיים מיותר ונגרר מעירובין שם כדרך הירושלמי) ר' יוסי אומר יש תבן כו' @תבן שאינו עתיד# לפנותו ה""ה כעפר ועפר שהוא עתיד לפנותו הרי הוא כתבן."
קידושין,"פ""ג ","ה""י (ס""ד סוע""ב)","@לא ר' חייה בר אסי אמר כו'.# נראה שצ""ל ""@רבי# לא"" ו""לָא"" הוא ר' אילא."
בבא קמא,"פ""א ","מ""ב ",@הכשרתי את נזקו.# פי' הוא נזקי ממונו ולא נזקי גופו כן מפרש הירושלמי שנזקי ממונו נקרא הכשר נזקין.
,"פ""ה ","ה""ו (ד' רע""ג)","@א""ר יסא מיליה שמעית מן דר""ש ב""ר יצחק.# — כעין זה בויק""ר פ""י א""ר זירא מילתא הכא שמעית מן ר' שמואל ב""ר יצחק דהוה דריש ולית אנא ידע מהו א""ל ר' אחא אריכא דילמא דא היא."
,"פ""ח ","ה""ט (ו' רע""ג)","@מעידין אנו איש פלוני שהרג שור פלוני כו'.# צ""ל מעידין אנו איש פלוני שהרג שורו של פלוני וקיצץ נטיעותיו והוא אומר איני יודע חייב אמר הא אמירה (כ""ה בכ""י ד""ר לעווי בהקדמתו לירושלמי נזיקין עמוד 20)."
בבא מציעא,"פ""ב ","ה""ה (ח' ע""ג)","@אלא מיחמי פרוכסין דידכון כו'.# — ע' ע""ז פ""א סוה""ד [ל""ט ע""ד]."
,,"שם ה""ט (חי רע""ד)","@אבל לא צינים.# ע' מ""ש המפרש כאן וע' פ""מ שפירש עצים הבאים מסינא וזה רחוק, ולנו נראה שהוא כמו ציני הר הברזל"" (משנה סוכה רפ""ג)."
,"פ""ג ","הי""ב (ט' ע""ב) ","@אפי' ב""ה חלוקין עליו.# משמע דאפי' בשאר מקומות דר""ע חולק על ב""ה הלכה כר' עקיבא."
,"פ""ד ","ה""ה (ט' ע""ד)","@נותנה למעשר שני כו' יעקב בר זבדי כו'.# צ""ל: היו יעקב בר זבדי ר' יוחנן בשם ר' סמיי (וכעין זה במע""ש פ""ד ה""ב [נ""ד רע""ד], כי א""א שר' יוחנן יאמר בשם ר' סימון; וע""ע מעשרות פ""א ה""א [מ""ח רע""ד] ר' יוחנן בשם ר' סיסיי, צ""ל ג""כ ר' סימיי כ""כ בדורות הראשונים ח""ב עמוד 56)."
,"פ""ה ","ה""א (י' ע""א)","@אם מזו אין אנו מניחין כו'.# — כעין זה בב""ב פ""ג סה""ג [י""ד ע""א]."
,"פ""ו ","ה""ז (י""א ע""א)","@הדא אנטיכריסיס רבית הוא.# כתב בדד""ו ח""ב פ""ד שעניינו בלשון רומי פירות שדה הממושכנת למלוה שנוטל המלוה בשכר מעותיו."
,"פ""ז ","ה""י (י""א רע""ג)","@וכפר עותני כו'.# — בבלי גיטין ע""ו א' ותוספתא גיטין פ""ג, ואין שייכות למאמר זה כאן אלא שנשתרבב מתוספתא שם ע""ש."
בבא בתרא,"פ""ה ","ה""א (ט""ו רע""א)","@כיני מתני' אין מחייבין אותו לעקור.# פי' דניכוש מונח על זה שרוצה לתקן את שדהו (ע' חלה פ""א ה""א המנכש בי""ג) אבל זה שאינו רוצה לתקן אינו שייך אלא לשון עקירה."
,,"שם הי""ג (ט""ו רע""ב) ","@כבשה דאהינו.# ע' ב""ק פ""ו סוה""ב [ה' סוע""ב]."
,"פ""ט ","ה""ד (ט""ז סוע""ד)","@א""ר חנינא המשיא כו'.# כתובות פ""ה ה""א [כ""ט ע""ג] ע""ש."
סנהדרין,"פ""ב ","ה""ג (כ' ע""ב)","@ותפגוש אותם הוקרו כולם.# פי' שנעשו בעלי קרי ודרשו כן ע""פ מה שתרגם יונתן ""וערעת יתהון"", וכן על מה דכתיב (שמואל א' כ' כ""ו) מקרה הוא בלתי טהור תרגם ""עירוע הוא""."
,,שם,"@והוה ר' זעירא מפקד לחבריי' כו'.# כעין זה ברה""ש רפ""ד [נ""ט ע""ב]."
,,"שם ה""ד","@זו ארכסטס.# צ""ל: @ארכסטרס# (פי' זה שמרקד ומקפץ במחולות בלשון יוני, כן כתב רש""ב בהערותיו לפסיקתא דרני עקרה אות כ""א ממוסף הערוך)."
,"פ""ו ","ה""ג (כ""ג ע""ב)","@בדיני נפשות בטלו כל שכן בדיני ממונות.# אולי צ""ל: אף בדיני ממונות הן בטלין (וע' פ""מ שנדחק בזה)."
,"פ""ז ","ה""ג (כ""ד סוע""ב)","@א""ר יוחנן ותני כן.# פי' שגם מצינו ברייתא כמאמר ר' יוחנן וכן הרבה בירושלמי ע' יבמות פ""י ה""ד [יו""ד סוע""ד] ""א""ר יוחנן ותני כן"" ודלא כפ""מ כאן דפירש דר' יוחנן אמר ותני כן כרבנן דכתיב חרב באורייתא."
,,"שם הי""א (כ""ה ע""ב) ","@כל הן דאנא משכח וי""ו כו'.# ע' כלאים רפ""ג [כ""ח רע""ג] וצ""ל כאן: אין בגין דכתיב וי""ו כו' כל הן דאנא משכח כו'."
,"פ""ט ","ה""ט (כ""ז ע""ב)","@ר' יוסי בן חנינה אמר בשאינו יכול לקבל התרייה.# צ""ל: ריבח""א @בשלא רצה# לקבל עליו התרייה."
,"פ""י ","ה""ב (כ""ח סוע""ג)","@הא כל אפיא שוין.# פי' כוחות ורשויות בל""י שם (כ""ט ע""א)"
,,שם,"@אתה עברתה רבתה.# במדרש חסר ויתר (שיצא לאור בבתי מדרשות בית ראשון ירושלים תרנ""ג ע""י רש""א ווערטהיימער [ז""ל]) צד ל""ב הנוסח ""את עברת דבתה"" פי' אתה הוצאת את הדבה."
,,שם,"@ר' ירמיה בשם ר' שמואל בר יצחק מגילה שמסר שמואל לדוד.# — ע' מגילה פ""א ה""א [ע' ע""א]: ר' ירמיה בשם רשבר""י מגילה שמסר שמואל לדוד ניתנה להידרש."
,,"שם (כ""ט ע""ב)","@אמר ר' יוחנן בסוסו כתיב.# [ע' מ""ש המפרש כאן] ובמדרש טעמי חסרות ויתרות (שם צד ל""ה) אע""פ שהיה גוי ושר צבא נהג באלישע כבוד והשפיל עצמו ולא בא לפתח אלישע בכל מרכבתו ובכל סוסיו אלא בסוס אחד בלבד שכך כתוב ויבא נעמן בסוסיו וברכבו בסוסו כתיב."
מכות,"פ""ב ","ה""ז (ל""א ע""ד)","@עד שלא הפרישו שכם כו' הפרישו קרית יערים כו'.# צ""ל: אע""פ שהפרישו שכם כו' שכם אע""פ שהפרישו קדש כו' (כ""ה בתוספתא, ק""ע) והנה תמוה הדבר שהפרישו תחת שכם מאפרים את קרית יערים מיהודה (יהושע ט""ו ס') ולא עיר אחרת מאפרים, ועוד מפורש (יהושע כ""ד א') שעוד בימי יהושע נכבשה שכם ולהפך דחברון לא נכבשה עד אחרי מות יהושע (שופטים א' יו""ד) ולא הפרישו עיר אחרת תחתיה, ולכן היה נראה לנו להגיה כאן ובתוספתא ""חברון ביהודה"" במקום ""שכם בהר אפרים""."
שבועות,"פ""ג ","ה""י (ליד סוע""ד)","@קורי פולי בריכסון.# — פי' אדוני חזר להמטר בל""י (רמד""ל)."
,"פ""ח ","ה""א (ל""ח סוע""ג)","@אני איני מקבל עלי כו'.# כעין זה רפ""ג דנדה [נ' רע""ג]."
"ע""ז","פ""ב ","ה""א (מ' סוע""ג)","@תרתין אומניין הוו בגידו.# — אולי צ""ל ""בגדר"" (ע' עירובין פ""ה ה""ז, דף כ""ב סוע""ב)."
,,"שם ה""ב (מ' רע""ד)","@אהן אופיון סכנה.# פי' הרמב""ן בספר תורת האדם אופיון כשמה מין רפואה שעושין אותה מהפרגין וסכנה היא לקבלו מהם שאינו דבר מומחה."
,,"שם ה""ד (מ""א רע""ג)",@ר' יוסי ממלחייא.# באיכה רבתי א' פסוק ט' מובא יוסי ממלחיא ואחר הוא קודם לזה שנפטר בחיי ר' יוחנן.
,,"שם ה""ט (מ""ב רע""א)","צ""ל: @רב# אוסר (שוב מצאתי שהגיה כן בס' משפחות סופרים ערך ר' אבא בר אייבו אות כ""א הערה ס""ב)."
,,"שם ה""י (מ""ב סוע""א)","@טלייא דלוי צנבריא.# אולי היא היא מה שנאמר בבבלי ל""ט אי עבדיה דר' לוי הוה קא מזבין חילתתא כו'."
,"פ""ג ","ה""א (מ""ב סוע""ב)","@פעמיים בשבוע.# פי' מה שאמר ר""מ ""פעם אחת בשנה"" אינו בכל שנה ושנה אלא רק בשתי שנים בשמיטה."
,,"שם (מ""ב ע""ג)","@זבדי בר ליואי כו' ור' יהושע בן לוי כו' מי דמכין.# מכאן משמע שריב""ל מת על מטתו דלא כבבלי כתובות ע""ז ב' וכ""כ יוחסין ערך ריב""ל."
,"פ""ד ","ה""ח (מ""ד ע""א)","@תני ר' חנן.# בשו""ת מהר""ח או""ז העתיק תני ר' חייא רובה אבל ברוקח סימן תצ""ה תניא ר' חנא."
,"פ""ה ","הט""ו (מ""ה סוע""ב) ","@הדא דתימר בסכין קטנה# (פי' שמשתמשין בה בצונן) אבל בסכין גדולה (פי' שמשתמש בה בחמין, ע' בר""נ)."
הוריות,"פ""ג ","ה""ז (מ""ח ע""ג)",@אשכח רבי לוי יתיב דרש.# לאו דוקא ואינו יושב ממש כי למטה מבואר שהיה דורש בעמידה.
,,שם,"@זכיתה מימרנה כו'.# כעין זה בב""ר פצ""ח אות ט""ז."
,,שם,"@אילין דבר פזי כו'.# במ' אסתר פ""ד מפורש ואחת של בית ר' יהודה בן פזי כו' כשנתחתן ר' יהודה בן פזי לרבי."
נדה,"פ""ג ","ה""ב (נ' סוע""ג)","@נפק זוגא לבר.# — פי' חוץ לעיר כמו ""קרייתא"" (ב' כ""ד א')."
,,"שם ה""ג (נ' ע""ד)","@שכלוליה דכר כו'.# פי' נגמר, תרגום ויכֻלו"" (בראשית ב' א') ואשתכללו."