"Be'er Hetev on Shulchan Arukh, Yoreh De'ah",0,1,0,0,0,0,"סימן א - מי הם הכשרים לשחוט, {{ובו י''ד סעיפים}} 
",1,1
"Be'er Hetev on Shulchan Arukh, Yoreh De'ah",0,2,0,0,0,0,"סימן ב - אם שחיטת נכרי ומומר כשרה, {{ובו י''א סעיפים}} 
",1,1
"Be'er Hetev on Shulchan Arukh, Yoreh De'ah",0,3,0,0,0,0,"סימן ג - שחיטה אינה צריכה כוונה, {{ובו סעיף אחד}} 
",1,1
"Be'er Hetev on Shulchan Arukh, Yoreh De'ah",0,4,0,0,0,0,"סימן ד - השוחט לשם עבודת כוכבים או לשם דבר אחר מה דינו, {{ובו ג' סעיפים}} 
",1,1
"Be'er Hetev on Shulchan Arukh, Yoreh De'ah",0,5,0,0,0,0,"סימן ה - השוחט לשם קדשים מה דינו, {{ובו ג' סעיפים}} 
",1,1
"Be'er Hetev on Shulchan Arukh, Yoreh De'ah",0,6,0,0,0,0,"סימן ו - במה שוחטין, {{ובו ד' סעיפים}} 
",1,1
"Be'er Hetev on Shulchan Arukh, Yoreh De'ah",0,7,0,0,0,0,"סימן ז - הקובע סכין בגלגל אם מתר לשחט בו, {{ובו סעיף אחד}} 
",1,1
"Be'er Hetev on Shulchan Arukh, Yoreh De'ah",0,8,0,0,0,0,"סימן ח - שעור סכין של שחיטה, {{ובו סעיף אחד}} 
",1,1
"Be'er Hetev on Shulchan Arukh, Yoreh De'ah",0,9,0,0,0,0,"סימן ט - השוחט בסכין מלבנת, {{ובו סעיף אחד}} 
",1,1
"Be'er Hetev on Shulchan Arukh, Yoreh De'ah",0,10,0,0,0,0,"סימן י - יתר דיני סכין, {{ובו ג' סעיפים}} 
",1,1
"Be'er Hetev on Shulchan Arukh, Yoreh De'ah",0,11,0,0,0,0,"סימן יא - באיזה זמן שוחטין, ודין השוחט בתוך המים, {{ובו ד' סעיפים}} 
",1,1
"Be'er Hetev on Shulchan Arukh, Yoreh De'ah",0,12,0,0,0,0,"סימן יב - שלא לשחט בתוך גומא, {{ובו ב' סעיפים}} 
",1,1
"Be'er Hetev on Shulchan Arukh, Yoreh De'ah",0,13,0,0,0,0,"סימן יג - בעלי חיים שאינם צריכים שחיטה, {{ובו ו' סעיפים}} 
",1,1
"Be'er Hetev on Shulchan Arukh, Yoreh De'ah",0,14,0,0,0,0,"סימן יד - דין עבר במעי בהמה, {{ובו ו' סעיפים}} 
",1,1
"Be'er Hetev on Shulchan Arukh, Yoreh De'ah",0,15,0,0,0,0,"סימן טו - שלא לשחט בהמה עד יום שמיני ללידתה, {{ובו ג' סעיפים}} 
",1,1
"Be'er Hetev on Shulchan Arukh, Yoreh De'ah",0,16,0,0,0,0,"סימן טז - דין אותו ואת בנו, {{ובו י''ב סעיפים}} 
",1,1
"Be'er Hetev on Shulchan Arukh, Yoreh De'ah",0,17,0,0,0,0,"סימן יז - דין השוחט בהמה המסכנת למות, {{ובו ג' סעיפים}} 
",1,1
"Be'er Hetev on Shulchan Arukh, Yoreh De'ah",0,18,0,0,0,0,"סימן יח - דין בדיקת הסכין ופגימותיו, {{ובו כ' סעיפים}} 
",1,1
"Be'er Hetev on Shulchan Arukh, Yoreh De'ah",0,19,0,0,0,0,"סימן יט - דיני ברכת השחיטה, {{ובו ח' סעיפים}} 
",1,1
"Be'er Hetev on Shulchan Arukh, Yoreh De'ah",0,20,0,0,0,0,"סימן כ - מקום השחיטה בצואר, {{ובו ד' סעיפים}} 
",1,1
"Be'er Hetev on Shulchan Arukh, Yoreh De'ah",0,21,0,0,0,0,"סימן כא - שעור השחיטה בכמותה, {{ובו ה' סעיפים}} 
",1,1
"Be'er Hetev on Shulchan Arukh, Yoreh De'ah",0,22,0,0,0,0,"סימן כב - באיזו מין צריך לשחט הורידין, {{ובו ב' סעיפים}} 
",1,1
"Be'er Hetev on Shulchan Arukh, Yoreh De'ah",0,23,0,0,0,0,"סימן כג - דיני שהיה בשחיטה, {{ובו ו' סעיפים}} 
",1,1
"Be'er Hetev on Shulchan Arukh, Yoreh De'ah",0,24,0,0,0,0,"סימן כד - דיני דרסה וחלדה הגרמה ועקור, {{ובו כ' סעיפים}} 
",1,1
"Be'er Hetev on Shulchan Arukh, Yoreh De'ah",0,25,0,0,0,0,"סימן כה - שצריך לבדוק אחר השחיטה, {{ובו ג' סעיפים}} 
",1,1
"Be'er Hetev on Shulchan Arukh, Yoreh De'ah",0,26,0,0,0,0,"סימן כו - דין נקב בושט או בבני מעים קדם {{(גמר)}} השחיטה, {{ובו ב' סעיפים}} 
",1,1
"Be'er Hetev on Shulchan Arukh, Yoreh De'ah",0,27,0,0,0,0,"סימן כז - שלא לחתך אבר מהבהמה בעודה מפרכסת, {{ובו סעיף אחד}} 
",1,1
"Be'er Hetev on Shulchan Arukh, Yoreh De'ah",0,28,0,0,0,0,"סימן כח - דיני כסוי הדם, {{ובו כ''ד סעיפים}} 
",1,1
"Be'er Hetev on Shulchan Arukh, Yoreh De'ah",0,29,0,0,0,0,"סימן כט - שמונה מיני טריפות וסימנם, {{ובו סעיף אחד}} 
",1,1
"Be'er Hetev on Shulchan Arukh, Yoreh De'ah",0,30,0,0,0,0,"סימן ל - דין מכה בעצם הגלגלת, {{ובו ב' סעיפים}} 
",1,1
"Be'er Hetev on Shulchan Arukh, Yoreh De'ah",0,31,0,0,0,0,"סימן לא - דין נקיבת המח וקרומיו, {{ובו ד' סעיפים}} 
",1,1
"Be'er Hetev on Shulchan Arukh, Yoreh De'ah",0,32,0,0,0,0,"סימן לב - דין מכה בחוט השדרה, {{ובו ז' סעיפים}} 
",1,1
"Be'er Hetev on Shulchan Arukh, Yoreh De'ah",0,33,0,0,0,0,"סימן לג - דין אם נטל הלחי, ומכה בושט, {{ובו י''א סעיפים}} 
",1,1
"Be'er Hetev on Shulchan Arukh, Yoreh De'ah",0,34,0,0,0,0,"סימן לד - דין מכת הגרגרת, {{ובו י' סעיפים}} 
",1,1
"Be'er Hetev on Shulchan Arukh, Yoreh De'ah",0,35,0,0,0,0,"סימן לה - דין טרפות הראה ואנותיה, {{ובו י' סעיפים}} 
",1,1
"Be'er Hetev on Shulchan Arukh, Yoreh De'ah",0,36,0,0,0,0,"סימן לו - כמה דיני טרפות בראה, {{ובו י''ז סעיפים}} 
",1,1
"Be'er Hetev on Shulchan Arukh, Yoreh De'ah",0,37,0,0,0,0,"סימן לז - דיני אבעבועות וסרכות הראה, {{ובו ז' סעיפים}} 
",1,1
"Be'er Hetev on Shulchan Arukh, Yoreh De'ah",0,38,0,0,0,0,"סימן לח - דיני מראות הראה, {{ובו ה' סעיפים}} 
",1,1
"Be'er Hetev on Shulchan Arukh, Yoreh De'ah",0,39,0,0,0,0,"סימן לט - דיני בדיקת הראה, {{ובו כ''ה סעיפים}} 
",1,1
"Be'er Hetev on Shulchan Arukh, Yoreh De'ah",0,40,0,0,0,0,"סימן מ - דיני טרפות הלב, {{ובו ו' סעיפים}} 
",1,1
"Be'er Hetev on Shulchan Arukh, Yoreh De'ah",0,41,0,0,0,0,"סימן מא - דיני טרפות הכבד, {{ובו י' סעיפים}} 
",1,1
"Be'er Hetev on Shulchan Arukh, Yoreh De'ah",0,42,0,0,0,0,"סימן מב - דיני טרפות המרה, {{ובו ט' סעיפים}} 
",1,1
"Be'er Hetev on Shulchan Arukh, Yoreh De'ah",0,43,0,0,0,0,"סימן מג - דיני טרפות בטחול, {{ובו ו' סעיפים}} 
",1,1
"Be'er Hetev on Shulchan Arukh, Yoreh De'ah",0,44,0,0,0,0,"סימן מד - דיני טרפות בכליות, {{ובו י' סעיפים}} 
",1,1
"Be'er Hetev on Shulchan Arukh, Yoreh De'ah",0,45,0,0,0,0,"סימן מה - דין אם נטל השליא, {{ובו ב' סעיפים}} 
",1,1
"Be'er Hetev on Shulchan Arukh, Yoreh De'ah",0,46,0,0,0,0,"סימן מו - דיני טרפות בבני מעים, {{ובו ו' סעיפים}} 
",1,1
"Be'er Hetev on Shulchan Arukh, Yoreh De'ah",0,47,0,0,0,0,"סימן מז - דין אם נמצאו בני מעים יתרים, {{ובו ה' סעיפים}} 
",1,1
"Be'er Hetev on Shulchan Arukh, Yoreh De'ah",0,48,0,0,0,0,"סימן מח - דיני טריפות בקבה ובכרס, {{ובו י''ב סעיפים}} 
",1,1
"Be'er Hetev on Shulchan Arukh, Yoreh De'ah",0,49,0,0,0,0,"סימן מט - דיני טרפות בקרקבן, {{ובו ה' סעיפים}} 
",1,1
"Be'er Hetev on Shulchan Arukh, Yoreh De'ah",0,50,0,0,0,0,"סימן נ - דינים כלליים בנקיבת האברים, {{ובו ג' סעיפים}} 
",1,1
"Be'er Hetev on Shulchan Arukh, Yoreh De'ah",0,51,0,0,0,0,"סימן נא - דין מחט או קוץ שנמצא בבהמה, {{ובו ד' סעיפים}} 
",1,1
"Be'er Hetev on Shulchan Arukh, Yoreh De'ah",0,52,0,0,0,0,"סימן נב - דין עוף שנפל לאור, ושנוי מראה באיברים, {{ובו ז' סעיפים}} 
",1,1
"Be'er Hetev on Shulchan Arukh, Yoreh De'ah",0,53,0,0,0,0,"סימן נג - דין שבר או מכה בבהמה ובעוף, {{ובו ה' סעיפים}} 
",1,1
"Be'er Hetev on Shulchan Arukh, Yoreh De'ah",0,54,0,0,0,0,"סימן נד - דיני טרפות בצלעותיה, {{ובו ה' סעיפים}} 
",1,1
"Be'er Hetev on Shulchan Arukh, Yoreh De'ah",0,55,0,0,0,0,"סימן נה - דיני טריפות ברגל ובפרקיו, {{ובו י''ג סעיפים}} 
",1,1
"Be'er Hetev on Shulchan Arukh, Yoreh De'ah",0,56,0,0,0,0,"סימן נו - דיני טרפות בצמת הגידים, {{ובו י' סעיפים}} 
",1,1
"Be'er Hetev on Shulchan Arukh, Yoreh De'ah",0,57,0,0,0,0,"סימן נז - דין בהמה דרוסה מחיה הדורסת, {{ובו כ''א סעיפים}} 
",1,1
"Be'er Hetev on Shulchan Arukh, Yoreh De'ah",0,58,0,0,0,0,"סימן נח - דין בהמה נפולה, {{ובו י''ב סעיפים}} 
",1,1
"Be'er Hetev on Shulchan Arukh, Yoreh De'ah",0,59,0,0,0,0,"סימן נט - בהמה שנפשטה בחייה, {{ובו ב' סעיפים}} 
",1,1
"Be'er Hetev on Shulchan Arukh, Yoreh De'ah",0,60,0,0,0,0,"סימן ס - דין בהמה שאכלה סם המות, {{ובו ג' סעיפים}} 
",1,1
"Be'er Hetev on Shulchan Arukh, Yoreh De'ah",0,61,0,0,0,0,"סימן סא - דיני מתנות זרוע לחיים וקבה לכהן, {{ובו ל''ג סעיפים}} 
",1,1
"Be'er Hetev on Shulchan Arukh, Yoreh De'ah",0,62,0,0,0,0,"סימן סב - דיני אבר מן החי, {{ובו ד' סעיפים}} 
",1,1
"Be'er Hetev on Shulchan Arukh, Yoreh De'ah",0,63,0,0,0,0,"סימן סג - דין בשר הנמצא ולא נודע מהו, {{ובו ב' סעיפים}} 
",1,1
"Be'er Hetev on Shulchan Arukh, Yoreh De'ah",0,64,0,0,0,0,"סימן סד - דין איזו חלבים הם המתרין והאסורין לאכילה, {{ובו כ''א סעיפים}} 
",1,1
"Be'er Hetev on Shulchan Arukh, Yoreh De'ah",0,65,0,0,0,0,"סימן סה - חוטין האסורים משום דם ומשום חלב ודיני ג''ה, {{ובו י''ד סעיפים}} 
",1,1
"Be'er Hetev on Shulchan Arukh, Yoreh De'ah",0,66,0,0,0,0,"סימן סו - דברים האסורים משום דם, {{ובו י' סעיפים}} 
",1,1
"Be'er Hetev on Shulchan Arukh, Yoreh De'ah",0,67,0,0,0,0,"סימן סז - כמה דברים האסורים משום דם, {{ובו ו' סעיפים}} 
",1,1
"Be'er Hetev on Shulchan Arukh, Yoreh De'ah",0,68,0,0,0,0,"סימן סח - דיני מליגת הראש והעופות, {{ובו ט''ו סעיפים}} 
",1,1
"Be'er Hetev on Shulchan Arukh, Yoreh De'ah",0,69,0,0,0,0,"סימן סט - דיני מליחה והדחה, {{ובו כ''א סעיפים}} 
",1,1
"Be'er Hetev on Shulchan Arukh, Yoreh De'ah",0,70,0,0,0,0,"סימן ע - דין מליחת הרבה בשר ביחד, {{ובו ו' סעיפים}} 
",1,1
"Be'er Hetev on Shulchan Arukh, Yoreh De'ah",0,71,0,0,0,0,"סימן עא - דין מליחת הראש והטלפים והמח, {{ובו ג' סעיפים}} 
",1,1
"Be'er Hetev on Shulchan Arukh, Yoreh De'ah",0,72,0,0,0,0,"סימן עב - דין מליחת הלב והראה, {{ובו ד' סעיפים}} 
",1,1
"Be'er Hetev on Shulchan Arukh, Yoreh De'ah",0,73,0,0,0,0,"סימן עג - דין צלית הכבד, {{ובו ו' סעיפים}} 
",1,1
"Be'er Hetev on Shulchan Arukh, Yoreh De'ah",0,74,0,0,0,0,"סימן עד - הטחול דינו כשאר בשר, {{ובו סעיף אחד}} 
",1,1
"Be'er Hetev on Shulchan Arukh, Yoreh De'ah",0,75,0,0,0,0,"סימן עה - דין מליחת המעים, {{ובו ג' סעיפים}} 
",1,1
"Be'er Hetev on Shulchan Arukh, Yoreh De'ah",0,76,0,0,0,0,"סימן עו - דין בשר לצלי, {{ובו ו' סעיפים}} 
",1,1
"Be'er Hetev on Shulchan Arukh, Yoreh De'ah",0,77,0,0,0,0,"סימן עז - עופות שנמלאו בשר שלא נמלח, {{ובו סעיף אחד}} 
",1,1
"Be'er Hetev on Shulchan Arukh, Yoreh De'ah",0,78,0,0,0,0,"סימן עח - דין שלא לדבק בצק בבשר שלא נמלח, {{ובו סעיף אחד}} 
",1,1
"Be'er Hetev on Shulchan Arukh, Yoreh De'ah",0,79,0,0,0,0,"סימן עט - סימני בהמה וחיה טהורה, {{ובו ג' סעיפים}} 
",1,1
"Be'er Hetev on Shulchan Arukh, Yoreh De'ah",0,80,0,0,0,0,"סימן פ - דין חיה טהורה, {{ובו ו' סעיפים}} 
",1,1
"Be'er Hetev on Shulchan Arukh, Yoreh De'ah",0,81,0,0,0,0,"סימן פא - שכל היוצא מן הטמא, טמא, (ודברים היוצאים מן החי והם מתרים), {{ובו ט' סעיפים}}
",1,1
"Be'er Hetev on Shulchan Arukh, Yoreh De'ah",0,82,0,0,0,0,"סימן פב - סימני עוף טהור, {{ובו ה' סעיפים}} 
",1,1
"Be'er Hetev on Shulchan Arukh, Yoreh De'ah",0,83,0,0,0,0,"סימן פג - דין סימני דגים ודגים מלוחים, {{ובו י' סעיפים}} 
",1,1
"Be'er Hetev on Shulchan Arukh, Yoreh De'ah",0,84,0,0,0,0,"סימן פד - דין שרצים הנמצאים במים, בפרות, בקמח ובגבינה, {{ובו י''ז סעיפים}} 
",1,1
"Be'er Hetev on Shulchan Arukh, Yoreh De'ah",0,85,0,0,0,0,"סימן פה - סימני חגבים, {{ובו ג' סעיפים}} 
",1,1
"Be'er Hetev on Shulchan Arukh, Yoreh De'ah",0,86,0,0,0,0,"סימן פו - סימני ביצים ודיניהם, {{ובו י' סעיפים}} 
",1,1
"Be'er Hetev on Shulchan Arukh, Yoreh De'ah",0,87,0,0,0,0,"סימן פז - באיזו בשר נוהג דין בשר בחלב, והיאך נקרא בשול, {{ובו י''א סעיפים}} 
",1,1
"Be'er Hetev on Shulchan Arukh, Yoreh De'ah",0,88,0,0,0,0,"סימן פח - שלא להעלות בשר על השלחן כשאוכלין גבינה, {{ובו ב' סעיפים}} 
",1,1
"Be'er Hetev on Shulchan Arukh, Yoreh De'ah",0,89,0,0,0,0,"סימן פט - שלא לאכל גבינה אחר בשר, {{ובו ד' סעיפים}} 
",1,1
"Be'er Hetev on Shulchan Arukh, Yoreh De'ah",0,90,0,0,0,0,"סימן צ - דיני כחל, {{ובו ד' סעיפים}} 
",1,1
"Be'er Hetev on Shulchan Arukh, Yoreh De'ah",0,91,0,0,0,0,"סימן צא - דין בשר וחלב שנתערבו, {{ובו ח' סעיפים}} 
",1,1
"Be'er Hetev on Shulchan Arukh, Yoreh De'ah",0,92,0,0,0,0,"סימן צב - דיני אם נפל חלב לקדרה של בשר, {{ובו ט' סעיפים}} 
",1,1
"Be'er Hetev on Shulchan Arukh, Yoreh De'ah",0,93,0,0,0,0,"סימן צג - קדרה שבשל בה בשר לא יבשל בה חלב, {{ובו סעיף אחד }}
",1,1
"Be'er Hetev on Shulchan Arukh, Yoreh De'ah",0,94,0,0,0,0,"סימן צד - דין התוחב כף חולבת בקדרה של בשר, {{ובו ט' סעיפים}} 
",1,1
"Be'er Hetev on Shulchan Arukh, Yoreh De'ah",0,95,0,0,0,0,"סִימָן צה - דָּגִים וּבֵיצָה שֶׁנִּתְבַּשְּׁלוּ בִּקְדֵרָה שֶׁל בָּשָׂר אִם מֻתָּר לְאָכְלָן עם גְּבִינָה, {{וּבוֹ ז סְעִיפִים}} 
",1,1
"Be'er Hetev on Shulchan Arukh, Yoreh De'ah",0,96,0,0,0,0,"סימן צו - דין מאכל חריף שנחתך בסכין של בשר, {{ובו ה' סעיפים}} 
",1,1
"Be'er Hetev on Shulchan Arukh, Yoreh De'ah",0,97,0,0,0,0,"סימן צז - שלא ללוש עסה בחלב, {{ובו ג' סעיפים}} 
",1,1
"Be'er Hetev on Shulchan Arukh, Yoreh De'ah",0,98,0,0,0,0,"סימן צח - דין אסור שנתערב בהתר ואפן בטולו, {{ובו ט' סעיפים}} 
",1,1
"Be'er Hetev on Shulchan Arukh, Yoreh De'ah",0,99,0,0,0,0,"סימן צט - דין העצמות אם מצטרפין לבטל אסור, ושלא לבטל אסור לכתחלה, {{ובו ז' סעיפים}} 
",1,1
"Be'er Hetev on Shulchan Arukh, Yoreh De'ah",0,100,0,0,0,0,"סימן ק - בריה אפלו באלף לא בטיל, {{ובו ד' סעיפים}} 
",1,1
"Be'er Hetev on Shulchan Arukh, Yoreh De'ah",0,101,0,0,0,0,"סימן קא - דין חתיכה הראויה להתכבד, {{ובו ט' סעיפים}} 
",1,1
"Be'er Hetev on Shulchan Arukh, Yoreh De'ah",0,102,0,0,0,0,"סימן קב - דין דבר שיש לו מתירין, {{ובו ד' סעיפים}} 
",1,1
"Be'er Hetev on Shulchan Arukh, Yoreh De'ah",0,103,0,0,0,0,"סימן קג - דין נותן טעם לפגם, {{ובו ז' סעיפים}} 
",1,1
"Be'er Hetev on Shulchan Arukh, Yoreh De'ah",0,104,0,0,0,0,"סימן קד - דין עכבר שנמצא ביין או בשכר, {{ובו ג' סעיפים}} 
",1,1
"Be'er Hetev on Shulchan Arukh, Yoreh De'ah",0,105,0,0,0,0,"סימן קה - דין אסור שנפל לתוך התר, {{ובו י''ד סעיפים}} 
",1,1
"Be'er Hetev on Shulchan Arukh, Yoreh De'ah",0,106,0,0,0,0,"סימן קו - דין היאך מבטלין בששים, {{ובו ב' סעיפים}} 
",1,1
"Be'er Hetev on Shulchan Arukh, Yoreh De'ah",0,107,0,0,0,0,"סימן קז - דין המבשל ביצים, ודבר מאוס הנמצא בתבשיל, {{ובו ב' סעיפים}} 
",1,1
"Be'er Hetev on Shulchan Arukh, Yoreh De'ah",0,108,0,0,0,0,"סימן קח - שלא לאפות התר ואסור בתנור אחד, {{ובו ז' סעיפים}} 
",1,1
"Be'er Hetev on Shulchan Arukh, Yoreh De'ah",0,109,0,0,0,0,"סימן קט - דין יבש ביבש שנתערב, {{ובו ב' סעיפים}} 
",1,1
"Be'er Hetev on Shulchan Arukh, Yoreh De'ah",0,110,0,0,0,0,"סימן קי - דין ספק טרפות שארע בבשר, {{ובו י' סעיפים}} 
",1,1
"Be'er Hetev on Shulchan Arukh, Yoreh De'ah",0,111,0,0,0,0,"סימן קיא - דין כלים טריפות שנתערבו בכשרות, {{ובו ז' סעיפים}} 
",1,1
"Be'er Hetev on Shulchan Arukh, Yoreh De'ah",0,112,0,0,0,0,"סימן קיב - דיני פת של עובדי כוכבים, {{ובו ט''ז סעיפים}} 
",1,1
"Be'er Hetev on Shulchan Arukh, Yoreh De'ah",0,113,0,0,0,0,"סימן קיג - דיני בשולי עובדי כוכבים, {{ובו ט''ז סעיפים}} 
",1,1
"Be'er Hetev on Shulchan Arukh, Yoreh De'ah",0,114,0,0,0,0,"סימן קיד - דיני שכר ושאר משקין של עובד כוכבים, {{ובו י''ב סעיפים}} 
",1,1
"Be'er Hetev on Shulchan Arukh, Yoreh De'ah",0,115,0,0,0,0,"סימן קטו - דין חלב שחלבו עובד כוכבים ואין ישראל רואהו, וגבינה וחמאה, {{ובו ג' סעיפים}} 
",1,1
"Be'er Hetev on Shulchan Arukh, Yoreh De'ah",0,116,0,0,0,0,"סימן קטז - דברים האסורים משום גלוי, {{ובו ז' סעיפים}} 
",1,1
"Be'er Hetev on Shulchan Arukh, Yoreh De'ah",0,117,0,0,0,0,"סימן קיז - שלא לעשות סחורה מדבר אסור, {{ובו סעיף אחד}} 
",1,1
"Be'er Hetev on Shulchan Arukh, Yoreh De'ah",0,118,0,0,0,0,"סימן קיח - דין חתיכת בשר או דבר מאכל הנשלח על ידי עובד כוכבים, {{ובו י''ג סעיפים}} 
",1,1
"Be'er Hetev on Shulchan Arukh, Yoreh De'ah",0,119,0,0,0,0,"סימן קיט - החשוד לדבר אסור אין לסמך עליו בדברים הנאכלים, {{ובו כ' סעיפים}} 
",1,1
"Be'er Hetev on Shulchan Arukh, Yoreh De'ah",0,120,0,0,0,0,"סימן קכ - דיני טבילת הכלים, {{ובו ט''ז סעיפים}} 
",1,1
"Be'er Hetev on Shulchan Arukh, Yoreh De'ah",0,121,0,0,0,0,"סימן קכא - סדר הכשר כלים הנקנים מן העובד כוכבים, {{ובו ז' סעיפים}} 
",1,1
"Be'er Hetev on Shulchan Arukh, Yoreh De'ah",0,122,0,0,0,0,"סימן קכב - דין נותן טעם לפגם בכלים, {{ובו י''ב סעיפים}} 
",1,1
"Be'er Hetev on Shulchan Arukh, Yoreh De'ah",0,123,0,0,0,0,"סימן קכג - כמה דינין מיין נסך, {{(ואיזו יין נאסר משום יין נסך)}} , {{ובו כ''ו סעיפים}} 
",1,1
"Be'er Hetev on Shulchan Arukh, Yoreh De'ah",0,124,0,0,0,0,"סימן קכד - מי הוא העושה יין נסך, ודיני נגיעת הגוי בחבית, {{ובו כ''ז סעיפים}} 
",1,1
"Be'er Hetev on Shulchan Arukh, Yoreh De'ah",0,125,0,0,0,0,"סימן קכה - דין יין הבא מכח עובד כוכבים וכח כחו, {{ובו י''א סעיפים}} 
",1,1
"Be'er Hetev on Shulchan Arukh, Yoreh De'ah",0,126,0,0,0,0,"סימן קכו - דין יין שנתערב ביין נסך, ודין נצוק חבור, {{ובו ז' סעיפים}} 
",1,1
"Be'er Hetev on Shulchan Arukh, Yoreh De'ah",0,127,0,0,0,0,"סימן קכז - אם נאמן האדם לאסר יינו של חברו, {{ובו ד' סעיפים}} 
",1,1
"Be'er Hetev on Shulchan Arukh, Yoreh De'ah",0,128,0,0,0,0,"סימן קכח - דין מקום שיש בו יין ונתיחד עובד כוכבים שמה, {{ובו ה' סעיפים}} 
",1,1
"Be'er Hetev on Shulchan Arukh, Yoreh De'ah",0,129,0,0,0,0,"סִימָן קכט - דִּין הַמַנִּיחַ יַיִן בְּיַד עוֹבֵד כוֹכָבִים וְיִשְׂרָאֵל יוֹצֵא וְנִכְנָס {{(וכה''ג)}} , {{וּבוֹ כ' סְעִיפִים}} 
",1,1
"Be'er Hetev on Shulchan Arukh, Yoreh De'ah",0,130,0,0,0,0,"סימן קל - דין חתימת היין, {{ובו י' סעיפים}} 
",1,1
"Be'er Hetev on Shulchan Arukh, Yoreh De'ah",0,131,0,0,0,0,"סימן קלא - דין יין כשר שנעשה ברשות עובד כוכבים, {{ובו ב' סעיפים}} 
",1,1
"Be'er Hetev on Shulchan Arukh, Yoreh De'ah",0,132,0,0,0,0,"סימן קלב - שלא להנות מיין נסך, {{ובו ז' סעיפים}} 
",1,1
"Be'er Hetev on Shulchan Arukh, Yoreh De'ah",0,133,0,0,0,0,"סימן קלג - שלא להשתכר ביין נסך ולא לעשות ממנו סחורה, {{ובו ז' סעיפים}} 
",1,1
"Be'er Hetev on Shulchan Arukh, Yoreh De'ah",0,134,0,0,0,0,"סימן קלד - דין יין שנתנסך ונתערב, {{ובו י''ג סעיפים}} 
",1,1
"Be'er Hetev on Shulchan Arukh, Yoreh De'ah",0,135,0,0,0,0,"סימן קלה באיזו כלים יש לחוש משום נסוך, {{ובו ט''ז סעיפים}} 
",1,1
"Be'er Hetev on Shulchan Arukh, Yoreh De'ah",0,136,0,0,0,0,"סימן קלו - שהשולח כלי יין ביד עובד כוכבים צריך לחתמו, {{ובו סעיף אחד}} 
",1,1
"Be'er Hetev on Shulchan Arukh, Yoreh De'ah",0,137,0,0,0,0,"סימן קלז - דין יין כשר שהושם לתוך כלי שלא נכשר, {{ובו ו' סעיפים}} 
",1,1
"Be'er Hetev on Shulchan Arukh, Yoreh De'ah",0,138,0,0,0,0,"סימן קלח - דיני הכשר כלי היין, {{ובו י''א סעיפים}} 
",1,1
"Be'er Hetev on Shulchan Arukh, Yoreh De'ah",0,139,0,0,0,0,"סימן קלט - דיני אלילים ובטולם ומשמשיהם וכליהם, {{ובו ט''ו סעיפים}} 
",1,1
"Be'er Hetev on Shulchan Arukh, Yoreh De'ah",0,140,0,0,0,0,"סימן קמ - דין תקרבת עבודת כוכבים שנתערב, {{ובו סעיף אחד}} 
",1,1
"Be'er Hetev on Shulchan Arukh, Yoreh De'ah",0,141,0,0,0,0,"סימן קמא - דין הצלמים והצורות (של עבודת כוכבים) , {{ובו ח' סעיפים}} 
",1,1
"Be'er Hetev on Shulchan Arukh, Yoreh De'ah",0,142,0,0,0,0,"סימן קמב - שהאלילים ותשמישיהם אסורים בהנאה, {{ובו ט''ו סעיפים}} 
",1,1
"Be'er Hetev on Shulchan Arukh, Yoreh De'ah",0,143,0,0,0,0,"סִימָן קמג - שֶׁלֹא לִבְנוֹת בֵּיתוֹ סָמוּךְ לְבֵית עבוֹדַת כוֹכָבִים וּבְאֵיזֶה אֹפֶן מֻתָּר לֵהָנוֹת מֵעבוֹדַת כוֹכָבִים,   {{וּבוֹ ו' סְעִיפִים}} 
",1,1
"Be'er Hetev on Shulchan Arukh, Yoreh De'ah",0,144,0,0,0,0,"סימן קמד - דמי עבודת כוכבים מה דינם, {{ובו ב' סעיפים}} 
",1,1
"Be'er Hetev on Shulchan Arukh, Yoreh De'ah",0,145,0,0,0,0,"סימן קמה - איזו עבודת כוכבים של עובדי כוכבים המתרים בהנאה, {{ובו ט' סעיפים}} 
",1,1
"Be'er Hetev on Shulchan Arukh, Yoreh De'ah",0,146,0,0,0,0,"סימן קמו - איזו עבודת כוכבים יש לה בטול ואיזו אין לה בטול, {{ובו ט''ו סעיפים}} 
",1,1
"Be'er Hetev on Shulchan Arukh, Yoreh De'ah",0,147,0,0,0,0,"סִימָן קמז - שֶׁלֹא לְהַשְׁבִּיע בְּשֵׁם עבוֹדַת כוֹכָבִים (שֶׁל עוֹבְדֵי כּוֹכָבִים) , וְדִינֵי הַזְכָרַת שְׁמָה,   {{וּבוֹ ה' סְעִיפִים}} 
",1,1
"Be'er Hetev on Shulchan Arukh, Yoreh De'ah",0,148,0,0,0,0,"סימן קמח - דיני חגי העובדי כוכבים, {{ובו י''ב סעיפים}} 
",1,1
"Be'er Hetev on Shulchan Arukh, Yoreh De'ah",0,149,0,0,0,0,"סימן קמט - דיני יריד מעובדי כוכבים, {{ובו ה' סעיפים}} 
",1,1
"Be'er Hetev on Shulchan Arukh, Yoreh De'ah",0,150,0,0,0,0,"סימן קנ - להתרחק מדרך עבודת כוכבים ושלא לשחות בפניה, {{ובו ג' סעיפים}} 
",1,1
"Be'er Hetev on Shulchan Arukh, Yoreh De'ah",0,151,0,0,0,0,"סימן קנא - דברים המצרכים לעבודת כוכבים אסור לישראל למכרם, {{ובו י''ד סעיפים}} 
",1,1
"Be'er Hetev on Shulchan Arukh, Yoreh De'ah",0,152,0,0,0,0,"סימן קנב - שלא יאכל הישראל עם העובד כוכבים, אף על פי שאוכל משלו, {{ובו ב' סעיפים}} 
",1,1
"Be'er Hetev on Shulchan Arukh, Yoreh De'ah",0,153,0,0,0,0,"סימן קנג - דיני יחוד ישראל וישראלית עם העובד כוכבים, {{ובו ד' סעיפים}} 
",1,1
"Be'er Hetev on Shulchan Arukh, Yoreh De'ah",0,154,0,0,0,0,"סימן קנד - דיני מילדת עובדת כוכבים וישראלית, {{ובו ב' סעיפים}} 
",1,1
"Be'er Hetev on Shulchan Arukh, Yoreh De'ah",0,155,0,0,0,0,"סימן קנה - אם מתר להתרפאות מעובד כוכבים, {{ובו ג' סעיפים}} 
",1,1
"Be'er Hetev on Shulchan Arukh, Yoreh De'ah",0,156,0,0,0,0,"סימן קנו - אם מתר להסתפר מעובד כוכבים, {{ובו ג' סעיפים}} 
",1,1
"Be'er Hetev on Shulchan Arukh, Yoreh De'ah",0,157,0,0,0,0,"סימן קנז - על איזה עברות יהרג ואל יעבר, {{ובו ג' סעיפים}} 
",1,1
"Be'er Hetev on Shulchan Arukh, Yoreh De'ah",0,158,0,0,0,0,"סימן קנח - דין עובדי עבודת כוכבים להצילם מהמות, {{ובו ב' סעיפים}} 
",1,1
"Be'er Hetev on Shulchan Arukh, Yoreh De'ah",0,159,0,0,0,0,"סימן קנט - שמתר להלוות לעובד כוכבים ולמומר ברבית, {{ובו ג' סעיפים}} 
",1,1
"Be'er Hetev on Shulchan Arukh, Yoreh De'ah",0,160,0,0,0,0,"סימן קס - גדל אסור הרבית ועד היכן צריך לזהר ממנו, {{ובו כ''ג סעיפים}} 
",1,1
"Be'er Hetev on Shulchan Arukh, Yoreh De'ah",0,161,0,0,0,0,"סימן קסא - דין אבק רבית ואיזו נקרא רבית דאוריתא, {{ובו י''א סעיפים}} 
",1,1
"Be'er Hetev on Shulchan Arukh, Yoreh De'ah",0,162,0,0,0,0,"סימן קסב - שלא להלוות סאה בסאה, {{ובו ה' סעיפים}} 
",1,1
"Be'er Hetev on Shulchan Arukh, Yoreh De'ah",0,163,0,0,0,0,"סימן קסג - דין הפוסק חטין לחיבו כשער של עכשו, {{ובו ג' סעיפים}} 
",1,1
"Be'er Hetev on Shulchan Arukh, Yoreh De'ah",0,164,0,0,0,0,"סימן קסד - הממשכן שדה לא יחכירנו, {{ובו ד' סעיפים}} 
",1,1
"Be'er Hetev on Shulchan Arukh, Yoreh De'ah",0,165,0,0,0,0,"סימן קסה - דין המלוה על המטבע והוסיפו עליו, {{ובו סעיף אחד}} 
",1,1
"Be'er Hetev on Shulchan Arukh, Yoreh De'ah",0,166,0,0,0,0,"סימן קסו - המלוה לחברו לא יעשה מלאכה בעבדו ולא ידור בחצרו, {{ובו ג' סעיפים}} 
",1,1
"Be'er Hetev on Shulchan Arukh, Yoreh De'ah",0,167,0,0,0,0,"סימן קסז - באיזה אפן מתר להלוות מעות בתנאי שיתעסק בו לרוח, {{ובו סעיף אחד}} 
",1,1
"Be'er Hetev on Shulchan Arukh, Yoreh De'ah",0,168,0,0,0,0,"סימן קסחקסט - כמה דיני רבית הנעשות באמצעות העובד כוכבים, {{ובו כ''ז סעיפים}} 
",1,1
"Be'er Hetev on Shulchan Arukh, Yoreh De'ah",0,169,0,0,0,0,"סימן קסחקסט - כמה דיני רבית הנעשות באמצעות העובד כוכבים, {{ובו כ''ז סעיפים}} 
",1,1
"Be'er Hetev on Shulchan Arukh, Yoreh De'ah",0,170,0,0,0,0,"סִימָן קע - שֶׁלֹא יוּכַל יִשְׂרָאֵל לִהְיוֹת ערֵב לְיִשְׂרָאֵל שֶׁלָוָה מִן הָעוֹבֵד כוֹכָבִים בְּרִבִּית, {{וּבוֹ ב' סְעִיפִים}} 
",1,1
"Be'er Hetev on Shulchan Arukh, Yoreh De'ah",0,171,0,0,0,0,"סימן קעא - דין עובד כוכבים שהלוה ברבית ונתגיר, {{ובו סעיף אחד}} 
",1,1
"Be'er Hetev on Shulchan Arukh, Yoreh De'ah",0,172,0,0,0,0,"סימן קעב - דין הממשכן בית או שדה על מנת שיאכל פרות, {{ובו ו' סעיפים}} 
",1,1
"Be'er Hetev on Shulchan Arukh, Yoreh De'ah",0,173,0,0,0,0,"סימן קעג - הרבה פרטי דיני רבית, {{ובו י''ט סעיפים}} 
",1,1
"Be'er Hetev on Shulchan Arukh, Yoreh De'ah",0,174,0,0,0,0,"סימן קעד - דין המוכר לחברו על מנת להחזיר, {{ובו ח' סעיפים}} 
",1,1
"Be'er Hetev on Shulchan Arukh, Yoreh De'ah",0,175,0,0,0,0,"סימן קעה - דין הפוסק על הפרות כפי השער, {{ובו ח' סעיפים}} 
",1,1
"Be'er Hetev on Shulchan Arukh, Yoreh De'ah",0,176,0,0,0,0,"סימן קעו - איזה השכרה מתרת ואיזו אסורה, {{ובו ח' סעיפים}} 
",1,1
"Be'er Hetev on Shulchan Arukh, Yoreh De'ah",0,177,0,0,0,0,"סִימָן קעז - שֶׁלֹא לְקַבֵּל צֹאן בַּרְזֶל מִיִּשְׂרָאֵל, וְכַמָה דִּינֵי מַשָּׁא וּמַתָּן הָאֲסוּרִים מִשּׁוּם רִבִּית,   {{וּבוֹ מ' סְעִיפִים}} 
",1,1
"Be'er Hetev on Shulchan Arukh, Yoreh De'ah",0,178,0,0,0,0,"סימן קעח - שלא ללבש כמלבושי עובדי כוכבים, {{ובו ג' סעיפים}} 
",1,1
"Be'er Hetev on Shulchan Arukh, Yoreh De'ah",0,179,0,0,0,0,"סימן קעט - שלא לכשף, לעונן ולנחש, {{ובו י''ט סעיפים}} 
",1,1
"Be'er Hetev on Shulchan Arukh, Yoreh De'ah",0,180,0,0,0,0,"סימן קפ - אסור כתבת קעקע וקריחה על מת, {{ובו י''ב סעיפים}} 
",1,1
"Be'er Hetev on Shulchan Arukh, Yoreh De'ah",0,181,0,0,0,0,"סימן קפא - אסור גלוח הפאות, {{ובו י''ב סעיפים}} 
",1,1
"Be'er Hetev on Shulchan Arukh, Yoreh De'ah",0,182,0,0,0,0,"סִימָן קפב - דְּבָרִים הָאֲסוּרִים מִשּׁוּם לֹא יִלְבַּשׁ גֶּבֶר שִׂמְלַת אִשָּׁה {{(דְּבָרִים כב, ה)}} , {{וּבוֹ ו' סְעִיפִים}} 
",1,1
"Be'er Hetev on Shulchan Arukh, Yoreh De'ah",0,183,0,0,0,0,"סימן קפג - אשה שרואה טפת דם צריכה לישב ז' נקיים, {{ובו סעיף אחד}} 
",1,1
"Be'er Hetev on Shulchan Arukh, Yoreh De'ah",0,184,0,0,0,0,"סימן קפד - שצריך לפרש מהאשה עונה קדם לוסתה, {{ובו י''ב סעיפים}} 
",1,1
"Be'er Hetev on Shulchan Arukh, Yoreh De'ah",0,185,0,0,0,0,"סימן קפה - דין אשה שאמרה טמאה אני ואחר כך אמרה טהורה אני, {{ובו ד' סעיפים}} 
",1,1
"Be'er Hetev on Shulchan Arukh, Yoreh De'ah",0,186,0,0,0,0,"סימן קפו - דיני בדיקת אשה בין לפני תשמיש בין לאחר תשמיש, {{ובו ה' סעיפים}} 
",1,1
"Be'er Hetev on Shulchan Arukh, Yoreh De'ah",0,187,0,0,0,0,"סימן קפז - דיני אשה הרואה דם מחמת תשמיש, {{ובו י''ד סעיפים}} 
",1,1
"Be'er Hetev on Shulchan Arukh, Yoreh De'ah",0,188,0,0,0,0,"סימן קפח - דיני מראות הדם, {{ובו ו' סעיפים}} 
",1,1
"Be'er Hetev on Shulchan Arukh, Yoreh De'ah",0,189,0,0,0,0,"סימן קפט - דיני אשה שיש לה וסת קבוע ושאין לה וסת קבוע, {{ובו ל''ד סעיפים}} 
",1,1
"Be'er Hetev on Shulchan Arukh, Yoreh De'ah",0,190,0,0,0,0,"סימן קצ - דיני כתמים ובדיקת האשה, {{ובו נ''ד סעיפים}} 
",1,1
"Be'er Hetev on Shulchan Arukh, Yoreh De'ah",0,191,0,0,0,0,"סימן קצא - דין אשה שמצאה דם בהשתנה, {{ובו סעיף אחד}} 
",1,1
"Be'er Hetev on Shulchan Arukh, Yoreh De'ah",0,192,0,0,0,0,"סימן קצב - דיני כלה הנכנסת לחפה, {{ובו ה' סעיפים}} 
",1,1
"Be'er Hetev on Shulchan Arukh, Yoreh De'ah",0,193,0,0,0,0,"סימן קצג - דין דם בתולים, {{ובו סעיף אחד}} 
",1,1
"Be'er Hetev on Shulchan Arukh, Yoreh De'ah",0,194,0,0,0,0,"סימן קצד - דיני יולדת ומפלת, {{ובו י''ד סעיפים}} 
",1,1
"Be'er Hetev on Shulchan Arukh, Yoreh De'ah",0,195,0,0,0,0,"סימן קצה - דברים האסורים בזמן נדותה, {{ובו י''ז סעיפים}} 
",1,1
"Be'er Hetev on Shulchan Arukh, Yoreh De'ah",0,196,0,0,0,0,"סימן קצו - דיני לבישת הלבון ובדיקתה, {{ובו י''ג סעיפים}} 
",1,1
"Be'er Hetev on Shulchan Arukh, Yoreh De'ah",0,197,0,0,0,0,"סימן קצז - שלא תטבל האשה ביום, {{ובו ה' סעיפים}} 
",1,1
"Be'er Hetev on Shulchan Arukh, Yoreh De'ah",0,198,0,0,0,0,"סימן קצח - דיני טבילה וחציצתה, {{ובו מ''ח סעיפים}} 
",1,1
"Be'er Hetev on Shulchan Arukh, Yoreh De'ah",0,199,0,0,0,0,"סימן קצט - שצריכה האשה לבדק בית הסתרים ודיני חפיפה בשבת ובחל, {{ובו י''ג סעיפים}} 
",1,1
"Be'er Hetev on Shulchan Arukh, Yoreh De'ah",0,200,0,0,0,0,"סימן ר - אימתי תעשה ברכת הטבילה, {{ובו סעיף אחד}} 
",1,1
"Be'er Hetev on Shulchan Arukh, Yoreh De'ah",0,201,0,0,0,0,"סימן רא - דיני המקוה ומימיו, {{ובו ע''ה סעיפים}} 
",1,1
"Be'er Hetev on Shulchan Arukh, Yoreh De'ah",0,202,0,0,0,0,"סימן רב - דיני דברים החוצצים בטבילה, {{ובו ט' סעיפים}} 
",1,1
"Be'er Hetev on Shulchan Arukh, Yoreh De'ah",0,203,0,0,0,0,"סימן רג - איזה דברים משבחים ואיזה הם מגנים, {{ובו ז' סעיפים}} 
",1,1
"Be'er Hetev on Shulchan Arukh, Yoreh De'ah",0,204,0,0,0,0,"סימן רד - דין המתפיס בנדר, {{ובו ד' סעיפים}} 
",1,1
"Be'er Hetev on Shulchan Arukh, Yoreh De'ah",0,205,0,0,0,0,"סימן רה - דין האוסר דבר עליו באסור תורה, {{ובו ב' סעיפים}} 
",1,1
"Be'er Hetev on Shulchan Arukh, Yoreh De'ah",0,206,0,0,0,0,"סימן רו - דיני ידות הנדרים, {{ובו ה' סעיפים}} 
",1,1
"Be'er Hetev on Shulchan Arukh, Yoreh De'ah",0,207,0,0,0,0,"סימן רז - דין כנוי נדרים, {{ובו סעיף אחד}} 
",1,1
"Be'er Hetev on Shulchan Arukh, Yoreh De'ah",0,208,0,0,0,0,"סימן רח - דיני סתם נדרים והנודר בחרם, {{ובו ה' סעיפים}} 
",1,1
"Be'er Hetev on Shulchan Arukh, Yoreh De'ah",0,209,0,0,0,0,"סימן רט - השומע שחברו נודר ואמר אמן, {{ובו סעיף אחד}} 
",1,1
"Be'er Hetev on Shulchan Arukh, Yoreh De'ah",0,210,0,0,0,0,"סימן רי - שצריך לפרט הנדר בשפתיו, {{ובו ג' סעיפים}} 
",1,1
"Be'er Hetev on Shulchan Arukh, Yoreh De'ah",0,211,0,0,0,0,"סימן ריא - המתנה שנדריו לא יהיו נדרים, {{ובו ד' סעיפים}} 
",1,1
"Be'er Hetev on Shulchan Arukh, Yoreh De'ah",0,212,0,0,0,0,"סימן ריב - דין הנודר בתורה, {{ובו סעיף אחד}} 
",1,1
"Be'er Hetev on Shulchan Arukh, Yoreh De'ah",0,213,0,0,0,0,"סימן ריג - שאין הנדרים חלים על דבר שאין בו ממש, {{ובו ג' סעיפים}} 
",1,1
"Be'er Hetev on Shulchan Arukh, Yoreh De'ah",0,214,0,0,0,0,"סימן ריד - לעבר על מנהג צריך התרה, {{ובו ב' סעיפים}} 
",1,1
"Be'er Hetev on Shulchan Arukh, Yoreh De'ah",0,215,0,0,0,0,"סימן רטו - שהנדרים חלים על דבר מצוה, {{ובו ו' סעיפים}} 
",1,1
"Be'er Hetev on Shulchan Arukh, Yoreh De'ah",0,216,0,0,0,0,"סִימָן רטז - חִלוּק בֵּין הָאוֹמֵר פֵרוֹת אֵלוּ אוֹ לֹא אָמַר אֵלוּ, וְדִין הַנּוֹדֵר מֵהַמְבֻשָּׁל, (וְכֵיצַד הוֹלְכִין   בִּנְדָרִים אַחַר לְשׁוֹן תּוֹרָה), {{וּבוֹ י''ב סְעִיפִים}} 
",1,1
"Be'er Hetev on Shulchan Arukh, Yoreh De'ah",0,217,0,0,0,0,"סִימָן ריז - דִּין הַנּוֹדֵר מֵהַמְבֻשָּׁל, מֵהַמָלִיחַ, מִמַעשֵׂה קְדֵרָה, וְדוֹמֵיהֶם, וְכֵיצַד הוֹלְכִין   בִּנְדָרִים אַחַר לְשׁוֹן בְּנֵי אָדָם, {{וּבוֹ מ''ח סְעִיפִים}} 
",1,1
"Be'er Hetev on Shulchan Arukh, Yoreh De'ah",0,218,0,0,0,0,"סימן ריח - כיצד הולכין אחר כונת הנודר, {{ובו ו' סעיפים}} 
",1,1
"Be'er Hetev on Shulchan Arukh, Yoreh De'ah",0,219,0,0,0,0,"סימן ריט - הנודר בלא קביעות זמן, {{ובו ג' סעיפים}} 
",1,1
"Be'er Hetev on Shulchan Arukh, Yoreh De'ah",0,220,0,0,0,0,"סִימָן רכ - חִלוּק שֶׁבֵּין קוּנָם יַיִן לְהַיּוֹם אוֹ לַזְּמַן, וְדִין הַנּוֹדֵר על דָּבָר שֶׁאֵינוֹ קָבוּע, {{וּבוֹ כ''ג סְעִיפִים}} 
",1,1
"Be'er Hetev on Shulchan Arukh, Yoreh De'ah",0,221,0,0,0,0,"סימן רכא - דיני הנודר הנאה מחבירו, {{ובו י''ד סעיפים}} 
",1,1
"Be'er Hetev on Shulchan Arukh, Yoreh De'ah",0,222,0,0,0,0,"סימן רכב - מי שחתנו מדר הנאה ממנו ורוצה לתן מעות לבתו, {{ובו סעיף אחד}} 
",1,1
"Be'er Hetev on Shulchan Arukh, Yoreh De'ah",0,223,0,0,0,0,"סימן רכג - דין המדיר בנו לתלמוד תורה, {{ובו ד' סעיפים}} 
",1,1
"Be'er Hetev on Shulchan Arukh, Yoreh De'ah",0,224,0,0,0,0,"סימן רכד - מי שאמר נכסיך עלי חרם, {{ובו סעיף אחד}} 
",1,1
"Be'er Hetev on Shulchan Arukh, Yoreh De'ah",0,225,0,0,0,0,"סימן רכה - דין האוסר פרות פלוני על חברו, {{ובו סעיף אחד}} 
",1,1
"Be'er Hetev on Shulchan Arukh, Yoreh De'ah",0,226,0,0,0,0,"סימן רכו - שתפים שהדירו זה את זה, {{ובו ג' סעיפים}} 
",1,1
"Be'er Hetev on Shulchan Arukh, Yoreh De'ah",0,227,0,0,0,0,"סימן רכז - דין מי שאסר עצמו מכל ישראל, {{ובו ג' סעיפים}} 
",1,1
"Be'er Hetev on Shulchan Arukh, Yoreh De'ah",0,228,0,0,0,0,"סִימָן רכח - דִּינֵי הַתָּרַת נְדָרִים, וְהַהֶבְדֵּל שֶׁבֵּין פֶתַח לַחֲרָטָה, וְהֵיאָךְ נִקְרָא על דַּעת רַבִּים,   {{וּבוֹ נ''א סְעִיפִים}} 
",1,1
"Be'er Hetev on Shulchan Arukh, Yoreh De'ah",0,229,0,0,0,0,"סימן רכט - דין נדר שהתר מקצתו, או מי שנדר על דבר אחד שני פעמים, {{ובו ט' סעיפים}} 
",1,1
"Be'er Hetev on Shulchan Arukh, Yoreh De'ah",0,230,0,0,0,0,"סימן רל -  דין מתירין שבועות ונדרים אפלו נשבע בהזכרת השם, {{ובו סעיף אחד}} 
",1,1
"Be'er Hetev on Shulchan Arukh, Yoreh De'ah",0,231,0,0,0,0,"סימן רלא - הנודר על תנאי, או שתולה נדרו בדעת אחרים, {{ובו סעיף אחד}} 
",1,1
"Be'er Hetev on Shulchan Arukh, Yoreh De'ah",0,232,0,0,0,0,"סימן רלב - דין נדרי זרוזין והבאי ושגגות ואנסין, {{ובו כ' סעיפים}} 
",1,1
"Be'er Hetev on Shulchan Arukh, Yoreh De'ah",0,233,0,0,0,0,"סימן רלג - עונות נדרים לזכר ולנקבה, {{ובו סעיף אחד}} 
",1,1
"Be'er Hetev on Shulchan Arukh, Yoreh De'ah",0,234,0,0,0,0,"סימן רלד - מתי האב והבעל מפרין ומתי מפרין שניהם יחד, {{ובו ע''ב סעיפים}} 
",1,1
"Be'er Hetev on Shulchan Arukh, Yoreh De'ah",0,235,0,0,0,0,"סימן רלה - המדיר אשתו מתשמיש או שלא תלך לבית אביה, ודומיו, {{ובו ו' סעיפים}} 
",1,1
"Be'er Hetev on Shulchan Arukh, Yoreh De'ah",0,236,0,0,0,0,"סימן רלו - מה היא שבועת בטוי ושבועת שוא, {{ובו ו' סעיפים}} 
",1,1
"Be'er Hetev on Shulchan Arukh, Yoreh De'ah",0,237,0,0,0,0,"סימן רלז - הנשבע אם צריך לשבע בשם או בכנוי, {{ובו י''ב סעיפים}} 
",1,1
"Be'er Hetev on Shulchan Arukh, Yoreh De'ah",0,238,0,0,0,0,"סימן רלח - דין שבועה שלא אכל, סתם, או אם פרש, {{ובו כ''ג סעיפים}} 
",1,1
"Be'er Hetev on Shulchan Arukh, Yoreh De'ah",0,239,0,0,0,0,"סימן רלט - נשבע על דבר שאין בו ממש או לבטל המצוה, {{ובו י''ז סעיפים}} 
",1,1
"Be'er Hetev on Shulchan Arukh, Yoreh De'ah",0,240,0,0,0,0,"סימן רמ - איזהו כבוד ואיזה מורא ודיניהם, {{ובו כ''ה סעיפים}} 
",1,1
"Be'er Hetev on Shulchan Arukh, Yoreh De'ah",0,241,0,0,0,0,"סימן רמא - דיני מכה ומקלל אביו ואמו, {{ובו ט' סעיפים}} 
",1,1
"Be'er Hetev on Shulchan Arukh, Yoreh De'ah",0,242,0,0,0,0,"סימן רמב - שלא להורות בפני הרב, ודין רב שמחל על כבודו, {{ובו ל''ו סעיפים}} 
",1,1
"Be'er Hetev on Shulchan Arukh, Yoreh De'ah",0,243,0,0,0,0,"סימן רמג - תלמיד חכם היה פטור ממס, ומכירת סחורתו מקדמת, {{ובו ט' סעיפים}} 
",1,1
"Be'er Hetev on Shulchan Arukh, Yoreh De'ah",0,244,0,0,0,0,"סימן רמד - קימה והדור בפני חכם אפלו אינו רבו, {{ובו י''ח סעיפים}} 
",1,1
"Be'er Hetev on Shulchan Arukh, Yoreh De'ah",0,245,0,0,0,0,"סימן רמה - חיב כל אדם ללמד לבנו ולהעמיד תלמידים, {{ובו כ''ב סעיפים}} 
",1,1
"Be'er Hetev on Shulchan Arukh, Yoreh De'ah",0,246,0,0,0,0,"סימן רמו - שחיב כל אדם בתלמוד תורה, והיאך לומדים בשכר, {{ובו כ''ו סעיפים}} 
",1,1
"Be'er Hetev on Shulchan Arukh, Yoreh De'ah",0,247,0,0,0,0,"סימן רמז - גדל שכר צדקה, ואם כופין עליה, {{ובו ד' סעיפים}} 
",1,1
"Be'er Hetev on Shulchan Arukh, Yoreh De'ah",0,248,0,0,0,0,"סימן רמח - מי חיב בה ומי ראוי לקבלה, {{ובו ח' סעיפים}} 
",1,1
"Be'er Hetev on Shulchan Arukh, Yoreh De'ah",0,249,0,0,0,0,"סימן רמט - כמה חיב לתן וכיצד יתננה, {{ובו ט''ז סעיפים}} 
",1,1
"Be'er Hetev on Shulchan Arukh, Yoreh De'ah",0,250,0,0,0,0,"סימן רנ - כמה ראוי לתן לכל אחד ואחד, {{ובו ה' סעיפים}} 
",1,1
"Be'er Hetev on Shulchan Arukh, Yoreh De'ah",0,251,0,0,0,0,"סימן רנא - למי נותנין הצדקה ואיזה קודם לחברוב, {{ובו י''ד סעיפים}} 
",1,1
"Be'er Hetev on Shulchan Arukh, Yoreh De'ah",0,252,0,0,0,0,"סימן רנב - דין פדיון שבויים וכיצד פודין אותם, {{ובו י''ב סעיפים}} 
",1,1
"Be'er Hetev on Shulchan Arukh, Yoreh De'ah",0,253,0,0,0,0,"סימן רנג - מי הוא הראוי לטל צדקה, {{ובו י''ב סעיפים}} 
",1,1
"Be'er Hetev on Shulchan Arukh, Yoreh De'ah",0,254,0,0,0,0,"סימן רנד - שלא לקבל צדקה מן הגויים, {{ובו ב' סעיפים}} 
",1,1
"Be'er Hetev on Shulchan Arukh, Yoreh De'ah",0,255,0,0,0,0,"סימן רנה - להרחיק מקבלתה, {{ובו ב' סעיפים}} 
",1,1
"Be'er Hetev on Shulchan Arukh, Yoreh De'ah",0,256,0,0,0,0,"סימן רנו - קפה ותמחוי היאך נגבים ומתחלקים, {{ובו ו' סעיפים}} 
",1,1
"Be'er Hetev on Shulchan Arukh, Yoreh De'ah",0,257,0,0,0,0,"סימן רנז - סדר גבית הצדקה ושלא לאחרה, {{ובו י''א סעיפים}} 
",1,1
"Be'er Hetev on Shulchan Arukh, Yoreh De'ah",0,258,0,0,0,0,"סימן רנח דין המתפיס בצדקה, {{ובו י''ג סעיפים}} 
",1,1
"Be'er Hetev on Shulchan Arukh, Yoreh De'ah",0,259,0,0,0,0,"סִימָן רנט - הַנּוֹדֵר וְאֵינוֹ יוֹדֵע מַה נָּדַר וְדִין אֲמִירָה לְגָבוֹהַ, (וְדִין אִם מֻתָּר לְשַׁנּוֹת צְדָקָה, וְהַנְהָגַת   הַגַּבַּאי עִם הַצְּדָקָה, אוֹ הַמְמֻנֶּה עָלֶיהָ) , {{וּבוֹ ו' סְעִיפִים}} 
",1,1
"Be'er Hetev on Shulchan Arukh, Yoreh De'ah",0,260,0,0,0,0,"סימן רס - מצות עשה למול את בנו, {{ובו סעיף אחד}} 
",1,1
"Be'er Hetev on Shulchan Arukh, Yoreh De'ah",0,261,0,0,0,0,"סימן רסא - דין אם לא מל האב את בנו, ובו {{סעיף אחד}} 
",1,1
"Be'er Hetev on Shulchan Arukh, Yoreh De'ah",0,262,0,0,0,0,"סימן רסב - זמן מילה לבריא, לחולה, ולאנדרוגינוס, {{ובו ז' סעיפים}} 
",1,1
"Be'er Hetev on Shulchan Arukh, Yoreh De'ah",0,263,0,0,0,0,"סימן רסג - ילד שהוא אדם או ירק, ומי שבניו מתים מחמת מילה, {{ובו ה' סעיפים}} 
",1,1
"Be'er Hetev on Shulchan Arukh, Yoreh De'ah",0,264,0,0,0,0,"סימן רסד - מי ראוי למול, ובמה מלין, וכיצד מלין, {{ובו ו' סעיפים}} 
",1,1
"Be'er Hetev on Shulchan Arukh, Yoreh De'ah",0,265,0,0,0,0,"סימן רסה - סדר ברכת המילה ודין מילה ביום התענית, {{ובו י''ג סעיפים}} 
",1,1
"Be'er Hetev on Shulchan Arukh, Yoreh De'ah",0,266,0,0,0,0,"סימן רסו - איזה מילה דוחה שבת ויום טוב, {{ובו י''ד סעיפים}} 
",1,1
"Be'er Hetev on Shulchan Arukh, Yoreh De'ah",0,267,0,0,0,0,"סִימָן רסז - הַלוֹקֵחַ עבֶד כְנַענִי אָסוּר לְקַיְּמוֹ ערֵל, וּטְבִילָתוֹ וּבִרְכָתוֹ וּמִילָתוֹ וְכָל דִּינֵי עבֶד וְשִׁפְחָה,   {{וּבוֹ פ''ה סְעִיפִים}} 
",1,1
"Be'er Hetev on Shulchan Arukh, Yoreh De'ah",0,268,0,0,0,0,"סימן רסח - כיצד מגירין הגר והגירת, ודיני קדשת הגר, {{ובו י''ב סעיפים}} 
",1,1
"Be'er Hetev on Shulchan Arukh, Yoreh De'ah",0,269,0,0,0,0,"סימן רסט - אסור עריות בגרים, ודינן לענין עדות וחליצה, {{ובו י''א סעיפים}} 
",1,1
"Be'er Hetev on Shulchan Arukh, Yoreh De'ah",0,270,0,0,0,0,"סימן ער - שכר מצות כתיבת ספר תורה, {{ובו ב' סעיפים}} 
",1,1
"Be'er Hetev on Shulchan Arukh, Yoreh De'ah",0,271,0,0,0,0,"סימן רעא - העור שנכתבה עליו ושרטוטה, ודין הדיו, {{ובו ז' סעיפים}} 
",1,1
"Be'er Hetev on Shulchan Arukh, Yoreh De'ah",0,272,0,0,0,0,"סימן ערב - דין רחב הדפין, {{ובו ד' סעיפים}} 
",1,1
"Be'er Hetev on Shulchan Arukh, Yoreh De'ah",0,273,0,0,0,0,"סימן רעג - שעור הגליון, ורוח בין שיטה לשיטה ובין דף לדף, {{ובו ו' סעיפים}} 
",1,1
"Be'er Hetev on Shulchan Arukh, Yoreh De'ah",0,274,0,0,0,0,"סימן רעד - שצריך לכתב אותה לשמה, ודין תקון האותיות וזיונן, {{ובו ז' סעיפים}} 
",1,1
"Be'er Hetev on Shulchan Arukh, Yoreh De'ah",0,275,0,0,0,0,"סימן ערה - צורת פרשה פתוחה וסתומה וצורת השירה, {{ובו ו' סעיפים}} 
",1,1
"Be'er Hetev on Shulchan Arukh, Yoreh De'ah",0,276,0,0,0,0,"סימן רעו - דין תלית הדלוג, ודין הטועה בכתיבת השם, {{ובו י''ג סעיפים}} 
",1,1
"Be'er Hetev on Shulchan Arukh, Yoreh De'ah",0,277,0,0,0,0,"סימן רעז - שלא להפך היריעה על פניה, {{ובו סעיף אחד}} 
",1,1
"Be'er Hetev on Shulchan Arukh, Yoreh De'ah",0,278,0,0,0,0,"סימן רעח - דין תפירת ספר תורה, {{ובו ד' סעיפים}} 
",1,1
"Be'er Hetev on Shulchan Arukh, Yoreh De'ah",0,279,0,0,0,0,"סימן רעט - דיני הגהת ספר תורה ושלא ישהנו מטעה, {{ובו ה' סעיפים}} 
",1,1
"Be'er Hetev on Shulchan Arukh, Yoreh De'ah",0,280,0,0,0,0,"סימן רפ - נקרעה היריעה לאחר תפירתה, {{ובו ב' סעיפים}} 
",1,1
"Be'er Hetev on Shulchan Arukh, Yoreh De'ah",0,281,0,0,0,0,"סִימָן רפא - מִי כָשֵׁר לִכְתִיבַת סֵפֶר תּוֹרָה, וְאִם אָמַר הַסוֹפֵר שֶׁלֹא כָתַב הָאַזְכָרוֹת לִשְׁמָן,   {{וּבוֹ ה' סְעִיפִים}} 
",1,1
"Be'er Hetev on Shulchan Arukh, Yoreh De'ah",0,282,0,0,0,0,"סימן רפב - לנהג כבוד בספר תורה, ודין תשמישיה, {{ובו י''ט סעיפים}} 
",1,1
"Be'er Hetev on Shulchan Arukh, Yoreh De'ah",0,283,0,0,0,0,"סימן רפג - שיכול לדבק תורה נביאים וכתובים יחד, {{ובו ה' סעיפים}} 
",1,1
"Be'er Hetev on Shulchan Arukh, Yoreh De'ah",0,284,0,0,0,0,"סימן רפד - שלא לכתב בלא שרטוט, {{ובו ב' סעיפים}} 
",1,1
"Be'er Hetev on Shulchan Arukh, Yoreh De'ah",0,285,0,0,0,0,"סימן רפה - שכר מצות מזוזה, {{ובו ב' סעיפים}} 
",1,1
"Be'er Hetev on Shulchan Arukh, Yoreh De'ah",0,286,0,0,0,0,"סימן רפו - מקומות החיבים במזוזה, {{ובו כ''ג סעיפים}} 
",1,1
"Be'er Hetev on Shulchan Arukh, Yoreh De'ah",0,287,0,0,0,0,"סימן רפז - איזה פתח חיב במזוזה, {{ובו ב' סעיפים}} 
",1,1
"Be'er Hetev on Shulchan Arukh, Yoreh De'ah",0,288,0,0,0,0,"סימן רפח - במה והיאך נכתבת, {{ובו ט''ו סעיפים}} 
",1,1
"Be'er Hetev on Shulchan Arukh, Yoreh De'ah",0,289,0,0,0,0,"סימן רפט - מקום קביעותה וכיצד נקבעת וברכתה, {{ובו ו' סעיפים}} 
",1,1
"Be'er Hetev on Shulchan Arukh, Yoreh De'ah",0,290,0,0,0,0,"סימן רצ - שלא לכתב אותה על גליון ספר תורה, {{ובו סעיף אחד}} 
",1,1
"Be'er Hetev on Shulchan Arukh, Yoreh De'ah",0,291,0,0,0,0,"סימן רצא - מזוזה מתי נבדקת ומי חיב בה, {{ובו ג' סעיפים}} 
",1,1
"Be'er Hetev on Shulchan Arukh, Yoreh De'ah",0,292,0,0,0,0,"סימן רצב - כמה דינים משלוח הקן, {{ובו י''ג סעיפים}} 
",1,1
"Be'er Hetev on Shulchan Arukh, Yoreh De'ah",0,293,0,0,0,0,"סימן רצג - דיני חדש ומתי נוהג, {{ובו ה' סעיפים}} 
",1,1
"Be'er Hetev on Shulchan Arukh, Yoreh De'ah",0,294,0,0,0,0,"סימן רצד - דיני ערלה, באיזה מקום נוהגת ובשל מי, {{ובו כ''ח סעיפים}} 
",1,1
"Be'er Hetev on Shulchan Arukh, Yoreh De'ah",0,295,0,0,0,0,"סימן רצה - דיני הרכבת האילן, {{ובו ז' סעיפים}} 
",1,1
"Be'er Hetev on Shulchan Arukh, Yoreh De'ah",0,296,0,0,0,0,"סימן רצו - דיני כלאי הכרם וכלאי זרעים, {{ובו ס''ט סעיפים}} 
",1,1
"Be'er Hetev on Shulchan Arukh, Yoreh De'ah",0,297,0,0,0,0,"סימן רצז - דיני כלאי זרעים ופרטיהם, {{ובו מ' סעיפים}} 
",1,1
"Be'er Hetev on Shulchan Arukh, Yoreh De'ah",0,298,0,0,0,0,"סימן רחצ - דברים האסורים משום כלאי בגדים, {{ובו ב' סעיפים}} 
",1,1
"Be'er Hetev on Shulchan Arukh, Yoreh De'ah",0,299,0,0,0,0,"סימן רצט - באיזו מינים נוהג בהם כלאים, {{ובו ב' סעיפים}} 
",1,1
"Be'er Hetev on Shulchan Arukh, Yoreh De'ah",0,300,0,0,0,0,"סימן ש - איזו כלאים דאוריתא ואיזו דרבנן, {{ובו ז' סעיפים}} 
",1,1
"Be'er Hetev on Shulchan Arukh, Yoreh De'ah",0,301,0,0,0,0,"סימן שא - אם מתר להציע כלאים תחתיו, ודין מרדעת ותכריכים, {{ובו ט''ו סעיפים}} 
",1,1
"Be'er Hetev on Shulchan Arukh, Yoreh De'ah",0,302,0,0,0,0,"סימן שב - דין בגד שאבד בו כלאים, {{ובו ב' סעיפים}} 
",1,1
"Be'er Hetev on Shulchan Arukh, Yoreh De'ah",0,303,0,0,0,0,"סימן שג - שמתר לפשט כלאים מחברו אפלו בשוק, {{ובו ב' סעיפים}} 
",1,1
"Be'er Hetev on Shulchan Arukh, Yoreh De'ah",0,304,0,0,0,0,"סימן דש -  דין כלאי בגדים מתר לעשותן ולקימן, {{ובו סעיף אחד}} 
",1,1
"Be'er Hetev on Shulchan Arukh, Yoreh De'ah",0,305,0,0,0,0,"סימן שה - מי חיב בפדיון בכור, ומתי ראוי לפדיון, וכל דיניו, {{ובו ל''א סעיפים}} 
",1,1
"Be'er Hetev on Shulchan Arukh, Yoreh De'ah",0,306,0,0,0,0,"סימן שו - דין בכור בהמה טהורה באיזה זמן ובאיזה מקום נוהג, {{ובו י''ב סעיפים}} 
",1,1
"Be'er Hetev on Shulchan Arukh, Yoreh De'ah",0,307,0,0,0,0,"סִימָן שז - דִּין הַבְּכוֹר אַחַר שְׁחִיטָה, וְשֶׁאֵינוֹ יָכוֹל לְמָכְרוֹ וְלֹא לְשָׁחֲטוֹ עד שֶׁיִּפֹל בּוֹ מוּם,   {{וּבוֹ ג' סְעִיפִים}} 
",1,1
"Be'er Hetev on Shulchan Arukh, Yoreh De'ah",0,308,0,0,0,0,"סימן שח - אסור עבודת הבכור ואסור גזתו, {{ובו ה' סעיפים}} 
",1,1
"Be'er Hetev on Shulchan Arukh, Yoreh De'ah",0,309,0,0,0,0,"סימן שט - דיני בכור בזמן הזה, {{ובו ב' סעיפים}} 
",1,1
"Be'er Hetev on Shulchan Arukh, Yoreh De'ah",0,310,0,0,0,0,"סימן שי - דין בכור שנשחט שלא על פי חכם, {{ובו ג' סעיפים}} 
",1,1
"Be'er Hetev on Shulchan Arukh, Yoreh De'ah",0,311,0,0,0,0,"סימן שיא - דין החשוד למכר הבכור, {{ובו סעיף אחד}} 
",1,1
"Be'er Hetev on Shulchan Arukh, Yoreh De'ah",0,312,0,0,0,0,"סימן שיב - דין הנוטל שכר לראות בכור, {{ובו ג' סעיפים}} 
",1,1
"Be'er Hetev on Shulchan Arukh, Yoreh De'ah",0,313,0,0,0,0,"סימן שיג - שלא להטיל מום בבכור, {{ובו ז' סעיפים}} 
",1,1
"Be'er Hetev on Shulchan Arukh, Yoreh De'ah",0,314,0,0,0,0,"סימן שיד - מי נאמן על הטלת מום בבכור, {{ובו י''א סעיפים}} 
",1,1
"Be'er Hetev on Shulchan Arukh, Yoreh De'ah",0,315,0,0,0,0,"סימן שטו - דין ספק בכור ויוצא דפן וטמטום ואנדרוגינוס, {{ובו ז' סעיפים}} 
",1,1
"Be'er Hetev on Shulchan Arukh, Yoreh De'ah",0,316,0,0,0,0,"סימן שטז - דין הלוקח בהמה מן העובד כוכבים ואינו יודע אם בכרה, {{ובו ו' סעיפים}} 
",1,1
"Be'er Hetev on Shulchan Arukh, Yoreh De'ah",0,317,0,0,0,0,"סימן שיז - דין בכור שנתערב ומת אחד מהבהמות, {{ובו ג' סעיפים}} 
",1,1
"Be'er Hetev on Shulchan Arukh, Yoreh De'ah",0,318,0,0,0,0,"סימן שיח - כמה ספקות בדיני בכור בהמה, {{ובו ו' סעיפים}} 
",1,1
"Be'er Hetev on Shulchan Arukh, Yoreh De'ah",0,319,0,0,0,0,"סימן שיט - דין חתוך אבר הבכור ויתר דיני בכור, {{ובו ד' סעיפים}} 
",1,1
"Be'er Hetev on Shulchan Arukh, Yoreh De'ah",0,320,0,0,0,0,"סימן שכ - מי הם החיבים בבכור בהמה טהורה, ודיני שתפות עובד כוכבים, {{ובו ז' סעיפים}} 
",1,1
"Be'er Hetev on Shulchan Arukh, Yoreh De'ah",0,321,0,0,0,0,"סִימָן שכא - בְּכוֹר בְּהֵמָה טְמֵאָה בַּמֶה וּבְמִי וּבְאֵיזֶה מָקוֹם נוֹהֵג, וְכֵן פִדְיוֹנוֹ וַערִיפָתוֹ,   {{וּבוֹ כ''ג סְעִיפִים}} 
",1,1
"Be'er Hetev on Shulchan Arukh, Yoreh De'ah",0,322,0,0,0,0,"סימן שכב - הפרש חלה שיש בין חלת ארץ ישראל לחלת חוצה לארץ, {{ובו ה' סעיפים}} 
",1,1
"Be'er Hetev on Shulchan Arukh, Yoreh De'ah",0,323,0,0,0,0,"סימן שכג - חלה דרבנן היאך נתנת ונאכלת (ודין תערבתה בחלין), {{ובו סעיף אחד}} 
",1,1
"Be'er Hetev on Shulchan Arukh, Yoreh De'ah",0,324,0,0,0,0,"סִימָן שכד - שִׁעוּר חִיּוּב חַלָה וּמִינִים הַמִצְטָרְפִים, וְדִין פַת פָטוּר שֶׁנִּתְערֵב בַּחִיּוּב, {{וּבוֹ י''ד סְעִיפִים}} 
",1,1
"Be'er Hetev on Shulchan Arukh, Yoreh De'ah",0,325,0,0,0,0,"סימן שכה - דין ב' עסות שאין בהן כשעור, {{ובו ב' סעיפים}} 
",1,1
"Be'er Hetev on Shulchan Arukh, Yoreh De'ah",0,326,0,0,0,0,"סימן שכו - אחד שלש שתי עסות, ואין בשום אחד מהם כשעור, ונתערבו, {{ובו ה' סעיפים}} 
",1,1
"Be'er Hetev on Shulchan Arukh, Yoreh De'ah",0,327,0,0,0,0,"סימן שכז - מתי חל על העסה חיוב חלה, {{ובו ה' סעיפים}} 
",1,1
"Be'er Hetev on Shulchan Arukh, Yoreh De'ah",0,328,0,0,0,0,"סימן שכח - דין ברכת חלה ומי ראוי להפרישה, {{ובו ג' סעיפים}} 
",1,1
"Be'er Hetev on Shulchan Arukh, Yoreh De'ah",0,329,0,0,0,0,"סימן שכט - איזה פת חיב בחלה, {{ובו י' סעיפים}} 
",1,1
"Be'er Hetev on Shulchan Arukh, Yoreh De'ah",0,330,0,0,0,0,"סימן של - דין עסת עובד כוכבים ושתפין והפקר וכלבים, {{ובו ט' סעיפים}} 
",1,1
"Be'er Hetev on Shulchan Arukh, Yoreh De'ah",0,331,0,0,0,0,"סִימָן שלא - דִּין נְתִינָתָם בְּאֵיזֶה מָקוֹם, וְכֵיצַד הַכֹהֵן מְקַבְּלָם, וְאִם הֵם דְּאוֹרַיְתָא אוֹ דְּרַבָּנָן,   {{וּבוֹ קמ''ו סְעִיפִים}} 
",1,1
"Be'er Hetev on Shulchan Arukh, Yoreh De'ah",0,332,0,0,0,0,"סימן שלב - דין מתנות עניים, {{ובו סעיף אחד}} 
",1,1
"Be'er Hetev on Shulchan Arukh, Yoreh De'ah",0,333,0,0,0,0,"סימן שלג - דיני ראשית הגז, {{ובו י''ד סעיפים}} 
",1,1
"Be'er Hetev on Shulchan Arukh, Yoreh De'ah",0,334,0,0,0,0,"סִימָן שלד - הֵיאָךְ הָיוּ נוֹהֲגִין עם הַמְנֻדֶּה אוֹ הַמֻחְרָם, וְעל מַה מְנַדִּין, וְדִין הַתָּרָתוֹ,   {{וּבוֹ מ''ח סְעִיפִים}} 
",1,1
"Be'er Hetev on Shulchan Arukh, Yoreh De'ah",0,335,0,0,0,0,"סימן שלה - מתי מבקרין החולה, ואיזה חולים מבקרין, וכיצד מתפללין עליו, {{ובו י' סעיפים}} 
",1,1
"Be'er Hetev on Shulchan Arukh, Yoreh De'ah",0,336,0,0,0,0,"סימן שלו - דיני הרופא, {{ובו ג' סעיפים}} 
",1,1
"Be'er Hetev on Shulchan Arukh, Yoreh De'ah",0,337,0,0,0,0,"סימן שלז - חולה שמת לו מת, {{ובו סעיף אחד}} 
",1,1
"Be'er Hetev on Shulchan Arukh, Yoreh De'ah",0,338,0,0,0,0,"סימן שלח - ודוי החולה וכיצד אומרים לו, {{ובו ב' סעיפים}} 
",1,1
"Be'er Hetev on Shulchan Arukh, Yoreh De'ah",0,339,0,0,0,0,"סימן שלט - דיני הגוסס ואמירת צדוק הדין, ומה הם הסימנים היפים למת, {{ובו ה' סעיפים}} 
",1,1
"Be'er Hetev on Shulchan Arukh, Yoreh De'ah",0,340,0,0,0,0,"סימן שמ - ענין הקריעה, שעורה ומקומה, ועל מי קורעין ובאיזה זמן קורעין, {{ובו ל''ט סעיפים}} 
",1,1
"Be'er Hetev on Shulchan Arukh, Yoreh De'ah",0,341,0,0,0,0,"סימן שמא - מי שמתו מטל לפניו בשבת או ביום טוב, ודיני האונן, {{ובו ו' סעיפים}} 
",1,1
"Be'er Hetev on Shulchan Arukh, Yoreh De'ah",0,342,0,0,0,0,"סימן שמב - מי שהכין צרכי חפתו ומת לו מת שחיב עליו אבלות, {{ובו סעיף אחד}} 
",1,1
"Be'er Hetev on Shulchan Arukh, Yoreh De'ah",0,343,0,0,0,0,"סימן שמג - מצות הלוית המת, {{ובו ב' סעיפים}} 
",1,1
"Be'er Hetev on Shulchan Arukh, Yoreh De'ah",0,344,0,0,0,0,"סימן שדמ - חיוב ההספד וגדל שכרו, וכיצד ועל מי מספידין, {{ובו כ' סעיפים}} 
",1,1
"Be'er Hetev on Shulchan Arukh, Yoreh De'ah",0,345,0,0,0,0,"סִימָן שמה - דִּין הַמְאַבֵּד עצְמוֹ לָדַעת, וּמְנֻדֶּה, וַהֲרוּגֵי בֵּית דִּין, וְהַפוֹרְשִׁין מִן הַצִבּוּר,   {{וּבוֹ ח' סְעִיפִים}} 
",1,1
"Be'er Hetev on Shulchan Arukh, Yoreh De'ah",0,346,0,0,0,0,"סימן שמו - מי שקרובו צלוב בעיר לא ידור בה, {{ובו סעיף אחד}} 
",1,1
"Be'er Hetev on Shulchan Arukh, Yoreh De'ah",0,347,0,0,0,0,"סימן שמז - שלא לעורר על מתו שלשים יום לפני הרגל, {{ובו ג' סעיפים}} 
",1,1
"Be'er Hetev on Shulchan Arukh, Yoreh De'ah",0,348,0,0,0,0,"סימן שמח - דין שרפה על המת, והאומר: אל תקברוני, {{ובו ג' סעיפים}} 
",1,1
"Be'er Hetev on Shulchan Arukh, Yoreh De'ah",0,349,0,0,0,0,"סימן שמט - אסור הנאה במת ובתכריכיו, {{ובו ד' סעיפים}} 
",1,1
"Be'er Hetev on Shulchan Arukh, Yoreh De'ah",0,350,0,0,0,0,"סימן שנ - דברים העשויים למת ואין בו משום דרכי האמורי, {{ובו סעיף אחד}} 
",1,1
"Be'er Hetev on Shulchan Arukh, Yoreh De'ah",0,351,0,0,0,0,"סימן שנא - דין כלאים וציצית למת, {{ובו ב' סעיפים}} 
",1,1
"Be'er Hetev on Shulchan Arukh, Yoreh De'ah",0,352,0,0,0,0,"סימן שנב - באיזו בגדים קוברין, ואין האיש מלביש את האשה, {{ובו ד' סעיפים}} 
",1,1
"Be'er Hetev on Shulchan Arukh, Yoreh De'ah",0,353,0,0,0,0,"סימן שנג - היאך מוציאין מת גדול או קטן, ובאיזו מטה, {{ובו ז' סעיפים}} 
",1,1
"Be'er Hetev on Shulchan Arukh, Yoreh De'ah",0,354,0,0,0,0,"סימן שנד - עיר שיש בה שני מתים, איזה קדם, {{ובו סעיף אחד}} 
",1,1
"Be'er Hetev on Shulchan Arukh, Yoreh De'ah",0,355,0,0,0,0,"סימן שנה - דברים שמשנים באשה יותר מבאיש, {{ובו סעיף אחד}} 
",1,1
"Be'er Hetev on Shulchan Arukh, Yoreh De'ah",0,356,0,0,0,0,"סימן שנו - גבו לצרך המת והותירו, {{ובו סעיף אחד}} 
",1,1
"Be'er Hetev on Shulchan Arukh, Yoreh De'ah",0,357,0,0,0,0,"סימן שנז - אסור הלנת המת, ומתי מתר להלינו, {{ובו ב' סעיפים}} 
",1,1
"Be'er Hetev on Shulchan Arukh, Yoreh De'ah",0,358,0,0,0,0,"סימן שנח - נושאי המטה פטורים מקריאת שמע ומתפלה, {{ובו ג' סעיפים}} 
",1,1
"Be'er Hetev on Shulchan Arukh, Yoreh De'ah",0,359,0,0,0,0,"סימן שנט - מקום יציאת המת והאבלים, {{ובו ב' סעיפים}} 
",1,1
"Be'er Hetev on Shulchan Arukh, Yoreh De'ah",0,360,0,0,0,0,"סימן שס - מת וכלה ומילה, איזה קודם, {{ובו סעיף אחד}} 
",1,1
"Be'er Hetev on Shulchan Arukh, Yoreh De'ah",0,361,0,0,0,0,"סימן שסא - הלוית המת ובטול תלמוד תורה להלויתו, {{ובו ה' סעיפים}} 
",1,1
"Be'er Hetev on Shulchan Arukh, Yoreh De'ah",0,362,0,0,0,0,"סימן שסב - לקבר בקרקע, ואם קוברים שני מתים יחד, {{ובו ו' סעיפים}} 
",1,1
"Be'er Hetev on Shulchan Arukh, Yoreh De'ah",0,363,0,0,0,0,"סימן שסג - אסור פנוי המת והעצמות ממקומן, {{ובו ז' סעיפים}} 
",1,1
"Be'er Hetev on Shulchan Arukh, Yoreh De'ah",0,364,0,0,0,0,"סימן שסד - אסור הנאה של קבר והאבן והבנין, {{ובו ז' סעיפים}} 
",1,1
"Be'er Hetev on Shulchan Arukh, Yoreh De'ah",0,365,0,0,0,0,"סימן שסה - החופר קבר פטור מקריאת שמע, וכמה מרחיקין הקברות מהעיר, {{ובו ב' סעיפים}} 
",1,1
"Be'er Hetev on Shulchan Arukh, Yoreh De'ah",0,366,0,0,0,0,"סימן שסו - דין המוכר קבר, ואשה שירשה קבר ממשפחתה, {{ובו ד' סעיפים}} 
",1,1
"Be'er Hetev on Shulchan Arukh, Yoreh De'ah",0,367,0,0,0,0,"סִימָן שסז - קוֹבְרִים מֵתֵי עוֹבְדֵי כוֹכָבִים, וְשֶׁלֹא יְהַלֵךְ בְּבֵית הַקְבָרוֹת בִּתְפִלִין וְצִיצִית,   {{וּבוֹ ו' סְעִיפִים}} 
",1,1
"Be'er Hetev on Shulchan Arukh, Yoreh De'ah",0,368,0,0,0,0,"סימן שסח - שלא לנהג קלות ראש בבית הקברות, {{ובו ג' סעיפים}} 
",1,1
"Be'er Hetev on Shulchan Arukh, Yoreh De'ah",0,369,0,0,0,0,"סימן שסט - על איזה טמאה הכהן מזהר, {{ובו סעיף אחד}} 
",1,1
"Be'er Hetev on Shulchan Arukh, Yoreh De'ah",0,370,0,0,0,0,"סימן שע - מי הוא החשוב כמת אף על פי שעודנו חי, {{ובו סעיף אחד}} 
",1,1
"Be'er Hetev on Shulchan Arukh, Yoreh De'ah",0,371,0,0,0,0,"סימן שעא - דין אהל היאך מביא הטמאה, {{ובו ו' סעיפים}} 
",1,1
"Be'er Hetev on Shulchan Arukh, Yoreh De'ah",0,372,0,0,0,0,"סימן שעב - התר טמאה במקום מצוה, ודין קברי עובדי כוכבים, {{ובו ב' סעיפים}} 
",1,1
"Be'er Hetev on Shulchan Arukh, Yoreh De'ah",0,373,0,0,0,0,"סימן שעג - איזה כהן מזהר על הטמאה, ולאיזה מתים מטמא, ועד מתי מטמא, {{ובו ט' סעיפים}} 
",1,1
"Be'er Hetev on Shulchan Arukh, Yoreh De'ah",0,374,0,0,0,0,"סימן שעד - טמאת כהן למת מצוה, לנשיא ולרבו, ועל איזה מת מתאבלין, {{ובו י''א סעיפים}} 
",1,1
"Be'er Hetev on Shulchan Arukh, Yoreh De'ah",0,375,0,0,0,0,"סימן שעה - אימתי מתחיל האבלות, ולמי שמפנין מקבר לקבר, {{ובו י''א סעיפים}} 
",1,1
"Be'er Hetev on Shulchan Arukh, Yoreh De'ah",0,376,0,0,0,0,"סימן שעו - מנהג המנחמין, ודין מת שאין לו מנחמים, {{ובו ד' סעיפים}} 
",1,1
"Be'er Hetev on Shulchan Arukh, Yoreh De'ah",0,377,0,0,0,0,"סימן שעז - דין עבדים ושפחות ומנודה שיש להם אבילות, {{ובו ג' סעיפים}} 
",1,1
"Be'er Hetev on Shulchan Arukh, Yoreh De'ah",0,378,0,0,0,0,"סימן שעח - דיני סעדת הבראה לאיש ולאשה, {{ובו י''ג סעיפים}} 
",1,1
"Be'er Hetev on Shulchan Arukh, Yoreh De'ah",0,379,0,0,0,0,"סימן שעט - דין ברכת המזון בבית האבל, {{ובו ה' סעיפים}} 
",1,1
"Be'er Hetev on Shulchan Arukh, Yoreh De'ah",0,380,0,0,0,0,"סימן שפ - דברים שהאבל אסור בהם, {{ובו כ''ה סעיפים}} 
",1,1
"Be'er Hetev on Shulchan Arukh, Yoreh De'ah",0,381,0,0,0,0,"סימן שפא - אסור רחיצה וסיכה לאבל, {{ובו ו' סעיפים}} 
",1,1
"Be'er Hetev on Shulchan Arukh, Yoreh De'ah",0,382,0,0,0,0,"סימן שפב - אסור נעילת הסנדל לאבל, {{ובו ה' סעיפים}} 
",1,1
"Be'er Hetev on Shulchan Arukh, Yoreh De'ah",0,383,0,0,0,0,"סימן שפג - אסור תשמיש המטה לאבל, {{ובו ב' סעיפים }} 
",1,1
"Be'er Hetev on Shulchan Arukh, Yoreh De'ah",0,384,0,0,0,0,"סימן שפד - האבל אסור בתלמוד תורה, {{ובו ה' סעיפים}} 
",1,1
"Be'er Hetev on Shulchan Arukh, Yoreh De'ah",0,385,0,0,0,0,"סימן שפה - דין שאלת שלום באבל, {{ובו ג' סעיפים }} 
",1,1
"Be'er Hetev on Shulchan Arukh, Yoreh De'ah",0,386,0,0,0,0,"סימן שפו - עטיפת הראש באבל, {{ובו סעיף אחד}} 
",1,1
"Be'er Hetev on Shulchan Arukh, Yoreh De'ah",0,387,0,0,0,0,"סימן שפז - דיני כפית המטה, {{ובו ב' סעיפים }} 
",1,1
"Be'er Hetev on Shulchan Arukh, Yoreh De'ah",0,388,0,0,0,0,"סימן שפח - אבל ביום ראשון אסור להניח תפלין, {{ובו ב' סעיפים }} 
",1,1
"Be'er Hetev on Shulchan Arukh, Yoreh De'ah",0,389,0,0,0,0,"סימן שפט - אבל אסור בכביסת כסותו ודין גהוץ, {{ובו ה' סעיפים }} 
",1,1
"Be'er Hetev on Shulchan Arukh, Yoreh De'ah",0,390,0,0,0,0,"סימן שצ - דיני גלוח וסריקה באבל, {{ובו ז' סעיפים }} 
",1,1
"Be'er Hetev on Shulchan Arukh, Yoreh De'ah",0,391,0,0,0,0,"סימן שצא - אבל אסור בכל מיני שמחה, {{ובו ג' סעיפים }} 
",1,1
"Be'er Hetev on Shulchan Arukh, Yoreh De'ah",0,392,0,0,0,0,"סימן שצב - אבל אסור כל ל' יום לשא אשה, {{ובו ג' סעיפים }} 
",1,1
"Be'er Hetev on Shulchan Arukh, Yoreh De'ah",0,393,0,0,0,0,"סימן שצג - מתי האבל יכול לצאת מביתו, {{ובו ד' סעיפים }} 
",1,1
"Be'er Hetev on Shulchan Arukh, Yoreh De'ah",0,394,0,0,0,0,"סימן שצד - שלא להתקשות על המת יותר מדאי, {{ובו ו' סעיפים }} 
",1,1
"Be'er Hetev on Shulchan Arukh, Yoreh De'ah",0,395,0,0,0,0,"סימן שצה - מקצת יום השבעה והשלשים ככלו, {{ובו ג' סעיפים }} 
",1,1
"Be'er Hetev on Shulchan Arukh, Yoreh De'ah",0,396,0,0,0,0,"סימן שצו - דין אבל שלא נהג אבלותו כל שבעה, {{ובו ג' סעיפים }} 
",1,1
"Be'er Hetev on Shulchan Arukh, Yoreh De'ah",0,397,0,0,0,0,"סימן שצז - דיני עדות לנהג אבלות על פיהם, {{ובו ב' סעיפים }} 
",1,1
"Be'er Hetev on Shulchan Arukh, Yoreh De'ah",0,398,0,0,0,0,"סימן שצח - אבלות יום ראשון דאוריתא, {{ובו סעיף אחד}} 
",1,1
"Be'er Hetev on Shulchan Arukh, Yoreh De'ah",0,399,0,0,0,0,"סימן שצט - דיני אבלות ברגל בראש השנה ויום טוב שני ש גליות, {{ובו י''ד סעיפים }} 
",1,1
"Be'er Hetev on Shulchan Arukh, Yoreh De'ah",0,400,0,0,0,0,"סימן ת - דיני אבלות בשבת, {{ובו ב' סעיפים }} 
",1,1
"Be'er Hetev on Shulchan Arukh, Yoreh De'ah",0,401,0,0,0,0,"סימן תא - דברים הנוהגים בחל המועד, {{ובו ז' סעיפים }} 
",1,1
"Be'er Hetev on Shulchan Arukh, Yoreh De'ah",0,402,0,0,0,0,"סימן תב - דין שמועה קרובה ורחוקה, {{ובו י''ב סעיפים }} 
",1,1
"Be'er Hetev on Shulchan Arukh, Yoreh De'ah",0,403,0,0,0,0,"סימן תג - דיני המלקט עצמות, {{ובו י' סעיפים }} 
",1,1
