"Mishneh Torah, Abbreviations,.1","The letters G H S stand for Greek, Hebrew, and Syriac."
"Mishneh Torah, Abbreviations,.2","H is used of Ecclesiasticus only, and M for the margin of H."
"Mishneh Torah, Abbreviations,.3",G in Ecclesiasticus is in general Fritzsche's text.
"Mishneh Torah, Abbreviations,.4",E refers to Edersheim on Ecclus. in the <i>Speaker's Commentary.</i>
"Mishneh Torah, Abbreviations,.5","A note of interrogation in brackets (?) means that the sense is doubtful, or that a conjectural reading of H has been adopted."
"Mishneh Torah, Abbreviations,.6",29 A wise heart will understand parables of the wise;
"Mishneh Torah, Abbreviations,.7",And the ear that hearkeneth to wisdom shall rejoice.
"Mishneh Torah, Abbreviations,.8",30 Waters quench flaming fire;
"Mishneh Torah, Abbreviations,.9",So righteousness maketh atonement for sin.
"Mishneh Torah, Abbreviations,.10","31 Whoso doeth good, it shall meet him in his ways (?);"
"Mishneh Torah, Abbreviations,.11",And in the time that he tottereth he shall find a stay.
"Mishneh Torah, Abbreviations,.12","<b>4.</b> 1 My son, mock not at the life of the poor (<i>or</i> of affliction);"
"Mishneh Torah, Abbreviations,.13",And make not the soul of him that is poor and bitter of soul (H) to pine.
"Mishneh Torah, Abbreviations,.14",2 Vex not the spirit (?) of the soul that lacketh;
"Mishneh Torah, Abbreviations,.15",And hide not thyself from one that is crushed (?) in soul.
"Mishneh Torah, Abbreviations,.16",3<sup>a</sup> Trouble not the bowels of him that is humbled;
"Mishneh Torah, Abbreviations,.17",And pain not the inward part of the poor.
"Mishneh Torah, Abbreviations,.18",3<sup>b</sup> Withhold not a gift from thy needy;
"Mishneh Torah, Abbreviations,.19",4<sup>a</sup> And thou shalt not despise the supplications of the miserable;
"Mishneh Torah, Abbreviations,.20",5<sup>b</sup> And thou shalt not give him place to curse thee.
"Mishneh Torah, Abbreviations,.21",6 He that is bitter of spirit crieth in the anguish of his soul;
"Mishneh Torah, Abbreviations,.22",And his Rock (H) shall hear the voice of his cry.
"Mishneh Torah, Abbreviations,.23",7 Make thyself (?) beloved of the congregation;
"Mishneh Torah, Abbreviations,.24",And to a potentate moreover bow the head.
"Mishneh Torah, Abbreviations,.25",8 Incline thine ear to the poor;
"Mishneh Torah, Abbreviations,.26",And answer him Peace with meekness.
"Mishneh Torah, Abbreviations,.27",9 Save the oppressed from his oppressors;
"Mishneh Torah, Abbreviations,.28",And let not thy spirit loathe right judgement.
"Mishneh Torah, Abbreviations,.29",10<sup>a</sup> Be as a father to orphans;
"Mishneh Torah, Abbreviations,.30",And instead of a husband to widows.
"Mishneh Torah, Abbreviations,.31",10<sup>c</sup> And God shall call thee Son; <r1>Fol. A 1 verso</r1>
"Mishneh Torah, Abbreviations,.32","And shall be gracious to thee, and deliver thee from the pit."
"Mishneh Torah, Abbreviations,.33",11 Wisdom teacheth (H) her sons;
"Mishneh Torah, Abbreviations,.34",And testifieth (H) to all that attend to her.
"Mishneh Torah, Abbreviations,.35",12 They that love her love life;
"Mishneh Torah, Abbreviations,.36",And they that seek her shall obtain favour from the Lord.
"Mishneh Torah, Abbreviations,.37",13 And they that retain her shall find honour from the Lord;
"Mishneh Torah, Abbreviations,.38",And shall have grace shewed them by the blessing of the Lord.
"Mishneh Torah, Abbreviations,.39",14 Ministers of holiness are her ministers;
"Mishneh Torah, Abbreviations,.40",And God loveth them that love her (?).
"Mishneh Torah, Abbreviations,.41",16 For he that despiseth his father doeth presumptuously;
"Mishneh Torah, Abbreviations,.42",And he that curseth his mother angereth his Creator.
"Mishneh Torah, Abbreviations,.43","17 My son, in thy wealth walk in meekness (H S);"
"Mishneh Torah, Abbreviations,.44",And thou shalt be more beloved than he that giveth gifts.
"Mishneh Torah, Abbreviations,.45",18 Minish thy soul from all the great things of the world;
"Mishneh Torah, Abbreviations,.46",And before God thou shalt find mercy.
"Mishneh Torah, Abbreviations,.47",20<sup>a</sup> For great is the mercy of God;
"Mishneh Torah, Abbreviations,.48",19<sup>b</sup> And he revealeth his secret to the meek.
"Mishneh Torah, Abbreviations,.49",21 Search not the things that are too wonderful for thee;
"Mishneh Torah, Abbreviations,.50",And seek not that which is hid from thee.
"Mishneh Torah, Abbreviations,.51","22 What thou art permitted, think thereupon;"
"Mishneh Torah, Abbreviations,.52",But thou hast no business with the secret things.
"Mishneh Torah, Abbreviations,.53",23 And intrude not into that which is beyond thee;
"Mishneh Torah, Abbreviations,.54",For thou hast been shewed that which is too great for thee.
"Mishneh Torah, Abbreviations,.55",24 For many are the conceits of the sons of men;
"Mishneh Torah, Abbreviations,.56",And the imaginations of thoughts (H) that make them to err.
"Mishneh Torah, Abbreviations,.57",26 A hard heart shall fare ill at the last;
"Mishneh Torah, Abbreviations,.58",But he that loveth good things will guide himself therein.
"Mishneh Torah, Abbreviations,.59",27 Many are the sorrows of a hard heart;
"Mishneh Torah, Abbreviations,.60",And he that is confident addeth iniquity to iniquity.
"Mishneh Torah, Abbreviations,.61",25 Without the apple of the eye light faileth;
"Mishneh Torah, Abbreviations,.62",And without knowledge wisdom faileth.
"Mishneh Torah, Abbreviations,.63",28 Haste not to heal the stroke of the scorner;
"Mishneh Torah, Abbreviations,.64",For there is no healing it: for he is a plant of evil planting.
"Mishneh Torah, Abbreviations,.65",28 Unto death contend (?) for justice;
"Mishneh Torah, Abbreviations,.66",And the Lord shall fight for thee.
"Mishneh Torah, Abbreviations,.67",28<sup>(1)</sup> Be not called a double dealer;
"Mishneh Torah, Abbreviations,.68",And slander not with (?) thy tongue.
"Mishneh Torah, Abbreviations,.69",29 Be not boastful with thy tongue;
"Mishneh Torah, Abbreviations,.70",And slack and negligent (?) in thy business.
"Mishneh Torah, Abbreviations,.71",30 Be not as a dog (G lion) in thine house;
"Mishneh Torah, Abbreviations,.72",And strange and fearful in thy business.
"Mishneh Torah, Abbreviations,.73",31 Let not thine hand be opened to receive;
"Mishneh Torah, Abbreviations,.74",And clenched in the midst of giving.
"Mishneh Torah, Abbreviations,.75",<b>5.</b> 1 Stay not upon thy strength (<i>or</i> wealth);
"Mishneh Torah, Abbreviations,.76","And say not, It is in the power of my hand."
"Mishneh Torah, Abbreviations,.77",1<sup>(2)</sup> Stay not upon thy force;
"Mishneh Torah, Abbreviations,.78",To go after the desire of thy soul.
"Mishneh Torah, Abbreviations,.79",2 Go not after thy heart and thine eyes;
"Mishneh Torah, Abbreviations,.80",To walk in the pleasures of wickedness.
"Mishneh Torah, Abbreviations,.81","3 Say not, Who can withstand my (G S) strength?"
"Mishneh Torah, Abbreviations,.82",For the Lord avengeth (H seeketh) them that are persecuted.
"Mishneh Torah, Abbreviations,.83","4 Say not, I have sinned, and who (?) shall do aught unto me,"
"Mishneh Torah, Abbreviations,.84",For God is slow to anger?
"Mishneh Torah, Abbreviations,.85","4<sup>(1)</sup> Say not, The Lord is merciful;"
"Mishneh Torah, Abbreviations,.86",And he will blot out all mine iniquities.
"Mishneh Torah, Abbreviations,.87",5 Trust not to forgiveness;
"Mishneh Torah, Abbreviations,.88",To add iniquity to iniquity.
"Mishneh Torah, Abbreviations,.89","6<sup>a</sup> Nor say, His mercy is great:"
"Mishneh Torah, Abbreviations,.90",He will forgive the multitude of mine iniquities.
"Mishneh Torah, Abbreviations,.91",6<sup>c</sup> For mercy and anger are with him;
"Mishneh Torah, Abbreviations,.92",And his displeasure shall rest upon (?) the wicked.
"Mishneh Torah, Abbreviations,.93",7<sup>a</sup> Make no tarrying to turn unto him;
"Mishneh Torah, Abbreviations,.94",And put not off (?) from day to day.
"Mishneh Torah, Abbreviations,.95",7<sup>c</sup> For suddenly shall his indignation go forth;
"Mishneh Torah, Abbreviations,.96",And in the day of vengeance thou shalt perish.
"Mishneh Torah, Abbreviations,.97",8 Trust not on riches of falsehood;
"Mishneh Torah, Abbreviations,.98",For they shall not profit in the day of wrath.
"Mishneh Torah, Abbreviations,.99","9 Be not winnowing with every wind,"
"Mishneh Torah, Abbreviations,.100",And turning the way of the stream (H).
"Mishneh Torah, Abbreviations,.101",10 Be assured in thine own mind;
"Mishneh Torah, Abbreviations,.102",And let thy word be one. <r1>Fol. A 2 recto</r1>
"Mishneh Torah, Abbreviations,.103",11 Be swift to give ear;
"Mishneh Torah, Abbreviations,.104",And with patience of spirit return answer.
"Mishneh Torah, Abbreviations,.105",15 He that heareth me shall judge truth (G nations);
"Mishneh Torah, Abbreviations,.106",And he that giveth ear to me shall dwell in my chamber within.
"Mishneh Torah, Abbreviations,.107","17<sup>a</sup> For I will go with him, making myself strange;"
"Mishneh Torah, Abbreviations,.108",17<sup>c</sup> And at the first I (H he) will try him with temptations.
"Mishneh Torah, Abbreviations,.109",17<sup>d</sup> And what time his heart is filled with me;
"Mishneh Torah, Abbreviations,.110","18 I will turn and direct him,"
"Mishneh Torah, Abbreviations,.111",And reveal unto him of my secrets.
"Mishneh Torah, Abbreviations,.112","19 If he turn away and decline from me (?),"
"Mishneh Torah, Abbreviations,.113",I will train him with fetters (<i>or</i> restraints).
"Mishneh Torah, Abbreviations,.114","19<sup>(1)</sup> If he turn away from after me,"
"Mishneh Torah, Abbreviations,.115","I will cast him off, and deliver him to the spoilers."
"Mishneh Torah, Abbreviations,.116","20 My son, observe season and time (?);"
"Mishneh Torah, Abbreviations,.117","And fear evil, and be not shamefaced unto thyself."
"Mishneh Torah, Abbreviations,.118",21 For there is a shame (?) that ladeth with iniquity;
"Mishneh Torah, Abbreviations,.119",And there is a shame that is honour and grace.
"Mishneh Torah, Abbreviations,.120",22 Have not respect of thine own person;
"Mishneh Torah, Abbreviations,.121",And stumble (H) not at thine offences.
"Mishneh Torah, Abbreviations,.122",23 Withhold not a word (<i>or</i> to speak) in season (?);
"Mishneh Torah, Abbreviations,.123",Nor ever conceal thy wisdom.
"Mishneh Torah, Abbreviations,.124",24 For by speech wisdom is made known;
"Mishneh Torah, Abbreviations,.125",And understanding by the answer of the tongue.
"Mishneh Torah, Abbreviations,.126",25<sup>a</sup> Gainsay not the truth (H God);
"Mishneh Torah, Abbreviations,.127",And submit thyself unto God.
"Mishneh Torah, Abbreviations,.128",26 Be not ashamed to turn from iniquity;
"Mishneh Torah, Abbreviations,.129",And stand not against a stream.
"Mishneh Torah, Abbreviations,.130",27 Lay not thyself down for a fool to tread upon;
"Mishneh Torah, Abbreviations,.131",And be not contrary before rulers.
"Mishneh Torah, Abbreviations,.132",27<sup>(1)</sup> Sit not with one that judgeth unrighteously;
"Mishneh Torah, Abbreviations,.133",For according to his pleasure (?) thou shalt judge with him.
"Mishneh Torah, Abbreviations,.134",8 For there is a friend that is for a season;
"Mishneh Torah, Abbreviations,.135",And that will not (?) continue in the day of affliction.
"Mishneh Torah, Abbreviations,.136",9 There is a friend that turneth to an enemy;
"Mishneh Torah, Abbreviations,.137",And he will make bare the strife to thy reproach.
"Mishneh Torah, Abbreviations,.138",10 There is a friend that is a companion at the table;
"Mishneh Torah, Abbreviations,.139",But he will not be found in the day of adversity.
"Mishneh Torah, Abbreviations,.140",11 In thy prosperity he is as thou art;
"Mishneh Torah, Abbreviations,.141",And in thine adversity he will remove away from thee.
"Mishneh Torah, Abbreviations,.142","12 If evil overtake thee, he will turn against thee;"
"Mishneh Torah, Abbreviations,.143",And will hide himself from thy face.
"Mishneh Torah, Abbreviations,.144",13 Separate thyself from thine enemies;
"Mishneh Torah, Abbreviations,.145",And beware of thy friends.
"Mishneh Torah, Abbreviations,.146",14 A faithful friend is a firm friend;
"Mishneh Torah, Abbreviations,.147",And he that findeth him hath found a treasure.
"Mishneh Torah, Abbreviations,.148",15 There is no exchange for a faithful friend;
"Mishneh Torah, Abbreviations,.149",Nor price that can be weighed for his goodness.
"Mishneh Torah, Abbreviations,.150",16 A faithful friend is a balm (G S) of life;
"Mishneh Torah, Abbreviations,.151",He that feareth God shall obtain it.
"Mishneh Torah, Abbreviations,.152","17<sup>b</sup> For as he is, so is his neighbour;"
"Mishneh Torah, Abbreviations,.153","17<sup>b(1)</sup> And as his name, so are his works."
"Mishneh Torah, Abbreviations,.154",19<sup>a</sup> As one that plougheth and as one that reapeth approach unto her;
"Mishneh Torah, Abbreviations,.155",And wait for the abundance of her increase.
"Mishneh Torah, Abbreviations,.156",19<sup>c</sup> For in the tillage of her thou shalt toil a little;
"Mishneh Torah, Abbreviations,.157",And on the morrow (H) thou shalt eat her fruit.
"Mishneh Torah, Abbreviations,.158",20 Rough is she to the fool;
"Mishneh Torah, Abbreviations,.159",And he that is void of understanding cannot bear her.
"Mishneh Torah, Abbreviations,.160",21 As a burdensome weight shall she be upon him;
"Mishneh Torah, Abbreviations,.161",And he will not tarry to cast her away.
"Mishneh Torah, Abbreviations,.162",22 For discipline is according to its (?) name;
"Mishneh Torah, Abbreviations,.163",And to the more part she is not plain (<i>or</i> right).
"Mishneh Torah, Abbreviations,.164","12 If it be in thee, answer thy neighbour;"
"Mishneh Torah, Abbreviations,.165","And if not, be thy hand upon thy mouth."
"Mishneh Torah, Abbreviations,.166",13 Honour and disgrace are in the hand (?) of talk;
"Mishneh Torah, Abbreviations,.167",And the tongue of a man is his fall.
"Mishneh Torah, Abbreviations,.168",14<sup>a</sup> Be not called a double dealer;
"Mishneh Torah, Abbreviations,.169",And with thy tongue slander not a neighbour.
"Mishneh Torah, Abbreviations,.170",14<sup>c</sup> For for the thief was created shame;
"Mishneh Torah, Abbreviations,.171",And sore reproach for (G S) the double dealer.
"Mishneh Torah, Abbreviations,.172",15 Little or much do not corruptly (H);
"Mishneh Torah, Abbreviations,.173",<b>6</b>. 1<sup>a</sup> And instead of a friend become not an enemy.
"Mishneh Torah, Abbreviations,.174",1<sup>b</sup> Reproach shall inherit (H) an evil name and disgrace:
"Mishneh Torah, Abbreviations,.175",So an evil man that is a double dealer.
"Mishneh Torah, Abbreviations,.176",2 Fall not into the hand of thine appetite;
"Mishneh Torah, Abbreviations,.177",That it should consume thy strength like an ox (?).
"Mishneh Torah, Abbreviations,.178",3 It shall eat thy leaves and uproot thy fruit;
"Mishneh Torah, Abbreviations,.179",And leave thee like a dry tree.
"Mishneh Torah, Abbreviations,.180",4 For fierce appetite corrupteth them that have it;
"Mishneh Torah, Abbreviations,.181",And the joy of an enemy overtaketh (H) them.
"Mishneh Torah, Abbreviations,.182",5 Many a friend doth a sweet palate make;
"Mishneh Torah, Abbreviations,.183",And gracious lips that greet (?) with peace.
"Mishneh Torah, Abbreviations,.184",6 Be they that are at peace with thee many;
"Mishneh Torah, Abbreviations,.185",But he that hath thy secret one of a thousand.
"Mishneh Torah, Abbreviations,.186",7 Hast thou gotten a friend? get him in trial (?);
"Mishneh Torah, Abbreviations,.187",And be not in haste to trust on him.
"Mishneh Torah, Abbreviations,.188",4 Seek not of God dominion;
"Mishneh Torah, Abbreviations,.189",Nor likewise of a king a seat of honour.
"Mishneh Torah, Abbreviations,.190",5 Justify not thyself before God (H a king);
"Mishneh Torah, Abbreviations,.191",And before a king profess not understanding.
"Mishneh Torah, Abbreviations,.192",6<sup>a</sup> Seek not to be a ruler;
"Mishneh Torah, Abbreviations,.193",If thou hast not ability to quell pride.
"Mishneh Torah, Abbreviations,.194",6<sup>c</sup> Lest thou fear the person of the noble;
"Mishneh Torah, Abbreviations,.195",And suffer lucre to corrupt thine integrity (?).
"Mishneh Torah, Abbreviations,.196",7 Condemn not thyself in the congregation at the gate (?);
"Mishneh Torah, Abbreviations,.197",And cast not thyself down in the assembly.
"Mishneh Torah, Abbreviations,.198",8 Conspire not to commit a second sin;
"Mishneh Torah, Abbreviations,.199",For in one thou shalt not be unpunished.
"Mishneh Torah, Abbreviations,.200",15 Loathe not appointed service of laborious work;
"Mishneh Torah, Abbreviations,.201",For it hath been apportioned of God (?).
"Mishneh Torah, Abbreviations,.202",10 Be not impatient (H short) in prayer;
"Mishneh Torah, Abbreviations,.203",And in almsgiving hesitate not (?).
"Mishneh Torah, Abbreviations,.204",11 Despise not a man that is in bitterness of spirit;
"Mishneh Torah, Abbreviations,.205",Remember that there is one that lifteth up and casteth down.
"Mishneh Torah, Abbreviations,.206",12 Devise not injury against a brother;
"Mishneh Torah, Abbreviations,.207",And likewise neither against a companion nor a neighbour.
"Mishneh Torah, Abbreviations,.208",13 Love not to make any manner of (?) lie;
"Mishneh Torah, Abbreviations,.209",For the consequence (H hope) thereof shall not be pleasant.
"Mishneh Torah, Abbreviations,.210",14 Prate (?) not (<i>or</i> Be not familiar) in a congregation of princes;
"Mishneh Torah, Abbreviations,.211",And repeat (?) not a word in prayer.
"Mishneh Torah, Abbreviations,.212",16 Esteem not thyself among the men of thy (?) people;
"Mishneh Torah, Abbreviations,.213",Remember that wrath will not tarry (?).
"Mishneh Torah, Abbreviations,.214",22<sup>(1)</sup> A potter's vessel is for the furnace to bake (?);
"Mishneh Torah, Abbreviations,.215","And like unto it, a man is according to his thought."
"Mishneh Torah, Abbreviations,.216",22<sup>(2)</sup> Upon the bough (?) of a tree will be its fruit;
"Mishneh Torah, Abbreviations,.217",So the thought of a man is according to his mind (?).
"Mishneh Torah, Abbreviations,.218","25 Incline thy shoulder, and carry her;"
"Mishneh Torah, Abbreviations,.219",And loathe not her cords (?).
"Mishneh Torah, Abbreviations,.220","27 Search and examine, seek and find;"
"Mishneh Torah, Abbreviations,.221","And hold her fast, and let her not go."
"Mishneh Torah, Abbreviations,.222",28 For afterward thou shalt find her rest;
"Mishneh Torah, Abbreviations,.223",And she (?) shall turn to a delight unto thee.
"Mishneh Torah, Abbreviations,.224",29 And her net shall be to thee a strong defence;
"Mishneh Torah, Abbreviations,.225",And her cordage robes of fine gold.
"Mishneh Torah, Abbreviations,.226",30 Her yoke (G Upon her) is an ornament (G) of gold;
"Mishneh Torah, Abbreviations,.227",And her bands are thread of purple.
"Mishneh Torah, Abbreviations,.228",<l1>Fol. A 2 verso</l1> 31 Thou shalt put her on as robes of honour;
"Mishneh Torah, Abbreviations,.229",And crown thyself with her as a crown of beauty.
"Mishneh Torah, Abbreviations,.230","32 If thou be desirous, my son, thou mayest become wise;"
"Mishneh Torah, Abbreviations,.231","And if thou apply thy heart, thou shalt be prudent."
"Mishneh Torah, Abbreviations,.232",33 If thou art wishful to hear (H);
"Mishneh Torah, Abbreviations,.233","And incline thine ear (H), thou shalt be instructed."
"Mishneh Torah, Abbreviations,.234",35 Be desirous to hear all discourse;
"Mishneh Torah, Abbreviations,.235",And let no proverb of understanding escape thee.
"Mishneh Torah, Abbreviations,.236","36 See who (?) hath understanding, and seek him early;"
"Mishneh Torah, Abbreviations,.237",And let thy foot wear my (H) threshold.
"Mishneh Torah, Abbreviations,.238",37<sup>a</sup> And let thy mind be upon the fear of the Most High;
"Mishneh Torah, Abbreviations,.239",And meditate (?) in his commandments continually.
"Mishneh Torah, Abbreviations,.240",37<sup>c</sup> And he shall make thy heart discerning (H);
"Mishneh Torah, Abbreviations,.241",And make thee wise according as thou desirest.
"Mishneh Torah, Abbreviations,.242","<b>7.</b> 1 Do not evil to thyself, and evil shall not (?) overtake thee;"
"Mishneh Torah, Abbreviations,.243","2 Keep far from iniquity, and it shall turn aside from thee."
"Mishneh Torah, Abbreviations,.244",3 Sow not upon the furrows of unrighteousness (?);
"Mishneh Torah, Abbreviations,.245",Lest thou reap it sevenfold.
"Mishneh Torah, Abbreviations,.246",<b>11.</b> 34<sup>b</sup> And estrange thee to them that are dear to thee. <r1>Fol. A 3 recto</r1>
"Mishneh Torah, Abbreviations,.247","<b>12.</b> 2 Do good to the righteous, and find recompense;"
"Mishneh Torah, Abbreviations,.248","If not from him, from the Lord."
"Mishneh Torah, Abbreviations,.249",3 No good cometh of bestowing upon (?) him that is wicked;
"Mishneh Torah, Abbreviations,.250",And (?) that hath not done righteousness.
"Mishneh Torah, Abbreviations,.251",5<sup>d</sup> A double portion of evil shalt thou obtain in time of need
"Mishneh Torah, Abbreviations,.252",By all the good thou shalt have brought him.
"Mishneh Torah, Abbreviations,.253",5<sup>b</sup> Weapons of war (H S) give not to him;
"Mishneh Torah, Abbreviations,.254",Wherefore should he fight with them against thee?
"Mishneh Torah, Abbreviations,.255",6 For God also hateth them that are evil;
"Mishneh Torah, Abbreviations,.256",And to the wicked he will repay vengeance.
"Mishneh Torah, Abbreviations,.257","7 Give to the good, and withhold from the evil;"
"Mishneh Torah, Abbreviations,.258","4 Honour the humble, and give not to the proud."
"Mishneh Torah, Abbreviations,.259",8 A friend will not be known in prosperity;
"Mishneh Torah, Abbreviations,.260",And an enemy will not be hid in adversity.
"Mishneh Torah, Abbreviations,.261",9 In a man's prosperity even an enemy is a friend;
"Mishneh Torah, Abbreviations,.262",And in his adversity even a friend separateth himself.
"Mishneh Torah, Abbreviations,.263",10 Never trust an enemy;
"Mishneh Torah, Abbreviations,.264",For like as brass his wickedness cankereth.
"Mishneh Torah, Abbreviations,.265","11<sup>a</sup> And even though he hearken to thee, and go crouching;"
"Mishneh Torah, Abbreviations,.266",Give thy heart to fear him.
"Mishneh Torah, Abbreviations,.267",11<sup>c</sup> Be to him as one that revealeth a mystery (H S);
"Mishneh Torah, Abbreviations,.268",And he shall not find opportunity to harm thee.
"Mishneh Torah, Abbreviations,.269",And know thou the end of jealousy (H S).
"Mishneh Torah, Abbreviations,.270",17 Abase pride very exceedingly;
"Mishneh Torah, Abbreviations,.271",For the hope of man is the worm (H S).
"Mishneh Torah, Abbreviations,.272","17<sup>(1)</sup> Be not in haste to say, A breach (?) <i>is upon me</i>;"
"Mishneh Torah, Abbreviations,.273","Commit thyself unto God, and delight in his way."
"Mishneh Torah, Abbreviations,.274",18 Exchange not a friend at a price;
"Mishneh Torah, Abbreviations,.275",Neither a brother that is attached (<i>or</i> doubted) for gold of Ophir.
"Mishneh Torah, Abbreviations,.276",19 Despise (<i>or</i> Reject) not a wise wife;
"Mishneh Torah, Abbreviations,.277",Seeing she is well-favoured above rubies.
"Mishneh Torah, Abbreviations,.278",20 Evil entreat not a servant that laboureth truly (?);
"Mishneh Torah, Abbreviations,.279",Nor a hireling that giveth his soul (?).
"Mishneh Torah, Abbreviations,.280",21 Love a wise servant as thyself:
"Mishneh Torah, Abbreviations,.281",Withhold not liberty from him.
"Mishneh Torah, Abbreviations,.282",22 Hast thou a beast? see that thine eye be upon it (?);
"Mishneh Torah, Abbreviations,.283","And if it be trusty (?), keep it."
"Mishneh Torah, Abbreviations,.284",23 Hast thou sons? instruct them;
"Mishneh Torah, Abbreviations,.285",And marry wives to them in their youth.
"Mishneh Torah, Abbreviations,.286",24 Hast thou daughters? guard their flesh;
"Mishneh Torah, Abbreviations,.287",And make not thy face bright unto them.
"Mishneh Torah, Abbreviations,.288","25 Give away a daughter, and away with a trouble (?);"
"Mishneh Torah, Abbreviations,.289",But join her to a man of understanding.
"Mishneh Torah, Abbreviations,.290",26 Hast thou a wife? abominate (H) her not;
"Mishneh Torah, Abbreviations,.291",Hast thou one that is hated? trust her not.
"Mishneh Torah, Abbreviations,.292",29 With all thy heart fear . . . . . . . . . .
"Mishneh Torah, Abbreviations,.293",*******
"Mishneh Torah, Abbreviations,.294",2<sup>c(1)</sup> What fellowship shall the rich have with the poor?
"Mishneh Torah, Abbreviations,.295","3 The rich doeth a wrong, and he boasteth himself of it (?):"
"Mishneh Torah, Abbreviations,.296","The poor is wronged, and he must entreat withal (?)."
"Mishneh Torah, Abbreviations,.297","4 If thou be right for him, he will make thee serve him;"
"Mishneh Torah, Abbreviations,.298","And if thou be brought low, he will be sparing of thee."
"Mishneh Torah, Abbreviations,.299","5 If thou have substance (?), he will speak thee fair;"
"Mishneh Torah, Abbreviations,.300","And he will impoverish thee, and will not be sorry."
"Mishneh Torah, Abbreviations,.301",6 Hath he need of thee? then he will toy with thee (?);
"Mishneh Torah, Abbreviations,.302","And he will smile upon thee, and encourage thee."
"Mishneh Torah, Abbreviations,.303",7 So long as it profiteth he will cajole thee. <r1>Fol. A 3 verso</r1>
"Mishneh Torah, Abbreviations,.304",Twice or thrice he will shew thee reverence (?);
"Mishneh Torah, Abbreviations,.305",And then he will look at thee and pass thee by (?);
"Mishneh Torah, Abbreviations,.306",And will wag his head at thee.
"Mishneh Torah, Abbreviations,.307",8 Take heed that thou be not urgent (?) overmuch;
"Mishneh Torah, Abbreviations,.308",And be not like to them that lack intelligence.
"Mishneh Torah, Abbreviations,.309",9 Doth a noble draw near? be thou distant;
"Mishneh Torah, Abbreviations,.310",And so much the more he will approach thee.
"Mishneh Torah, Abbreviations,.311","10 Come not near, lest thou be put far off;"
"Mishneh Torah, Abbreviations,.312","And stand not far off, lest thou be forgotten (G)."
"Mishneh Torah, Abbreviations,.313",11 Make not bold to be free (?) with him;
"Mishneh Torah, Abbreviations,.314",And mistrust thou his much talk.
"Mishneh Torah, Abbreviations,.315",11<sup>c</sup> For with his much talk maketh he trial of thee;
"Mishneh Torah, Abbreviations,.316","And he will smile upon thee, and search thee out."
"Mishneh Torah, Abbreviations,.317",12 He that is cruel will speak peace (?) and spare not;
"Mishneh Torah, Abbreviations,.318",While he plotteth a plot against the life of many.
"Mishneh Torah, Abbreviations,.319",13 Take heed and beware;
"Mishneh Torah, Abbreviations,.320",And go not with men of violence.
"Mishneh Torah, Abbreviations,.321",12<sup>a</sup> Make him not to stand beside thee:
"Mishneh Torah, Abbreviations,.322","Wherefore should he thrust thee away, and stand in thy place?"
"Mishneh Torah, Abbreviations,.323",12<sup>c</sup> Set him not on thy right hand:
"Mishneh Torah, Abbreviations,.324",Wherefore should he seek thy seat?
"Mishneh Torah, Abbreviations,.325",12<sup>e</sup> And afterwards thou shalt attain unto my words;
"Mishneh Torah, Abbreviations,.326",And shalt lament at my lament.
"Mishneh Torah, Abbreviations,.327",13 Who will pity (?) a charmer that is stung;
"Mishneh Torah, Abbreviations,.328",Or anyone that cometh nigh to a ravenous beast?
"Mishneh Torah, Abbreviations,.329","14 So is he that joineth himself to an impious man (G S),"
"Mishneh Torah, Abbreviations,.330",And walloweth in his iniquities.
"Mishneh Torah, Abbreviations,.331","14<sup>(1)</sup> He shall not escape, until a fire be kindled in him."
"Mishneh Torah, Abbreviations,.332","14<sup>(2)</sup> When he cometh with thee, he will not bewray himself unto thee;"
"Mishneh Torah, Abbreviations,.333","And if thou fall, thou shalt not be able (S) to deliver thyself (?)."
"Mishneh Torah, Abbreviations,.334","15 So long as thou standest (?), he will not shew himself;"
"Mishneh Torah, Abbreviations,.335","And if thou (G) totter, he will not bear up."
"Mishneh Torah, Abbreviations,.336","16<sup>a</sup> With his lips will an adversary speak sweetly (G),"
"Mishneh Torah, Abbreviations,.337",While he deviseth deep pitfalls in his heart.
"Mishneh Torah, Abbreviations,.338",16<sup>c</sup> And even though an enemy weep with his eyes;
"Mishneh Torah, Abbreviations,.339","When he hath found a season, he will not be satiated with blood."
"Mishneh Torah, Abbreviations,.340","17 If mischief hath befallen thee, he is found there;"
"Mishneh Torah, Abbreviations,.341","As a man that would help, he will seek reward (<i>or</i> to supplant)."
"Mishneh Torah, Abbreviations,.342","18 He will shake his head, and wave his hand;"
"Mishneh Torah, Abbreviations,.343",And with much whispering (?) he will change his countenance.
"Mishneh Torah, Abbreviations,.344","<b>13.</b> 1 Whoso toucheth pitch, it shall cleave to his hand (?);"
"Mishneh Torah, Abbreviations,.345",And he that hath fellowship with a scorner will learn his way.
"Mishneh Torah, Abbreviations,.346",2<sup>a</sup> What is too heavy for thee wherefore shouldest thou lift?
"Mishneh Torah, Abbreviations,.347",And wherefore have fellowship with one that is richer than thou?
"Mishneh Torah, Abbreviations,.348","2<sup>c</sup> What fellowship shall earthen pot have with kettle,"
"Mishneh Torah, Abbreviations,.349","When if this smite that, it is dashed in pieces?"
"Mishneh Torah, Abbreviations,.350",2 Happy is the man whose soul hath not reproached (H failed) him;
"Mishneh Torah, Abbreviations,.351",And whose expectation hath not ceased.
"Mishneh Torah, Abbreviations,.352",3 Wealth is not comely for a little heart;
"Mishneh Torah, Abbreviations,.353",And fine gold is not comely for one whose eye is evil.
"Mishneh Torah, Abbreviations,.354",4 He that stinteth (?) himself gathereth for another;
"Mishneh Torah, Abbreviations,.355",And a stranger shall revel (?) in his goods.
"Mishneh Torah, Abbreviations,.356","5 He that is evil to himself, to whom will he be good?"
"Mishneh Torah, Abbreviations,.357",And he will not enjoy (?) his own goods.
"Mishneh Torah, Abbreviations,.358",6 There is none more evil than he that is evil to himself;
"Mishneh Torah, Abbreviations,.359",And he hath with him the recompense of his wickedness.
"Mishneh Torah, Abbreviations,.360",9 In the eye of a fool (S) his portion is small;
"Mishneh Torah, Abbreviations,.361",But he that taketh his neighbour's portion wasteth his own (?).
"Mishneh Torah, Abbreviations,.362",10 The eye of him that hath an evil eye (?) is grudging (G) of bread;
"Mishneh Torah, Abbreviations,.363",And there is famine at his table.
"Mishneh Torah, Abbreviations,.364",10<sup>(1)</sup> An evil (S) eye lavishing bread
"Mishneh Torah, Abbreviations,.365",Is as a fountain dried up that should well with water (?).
"Mishneh Torah, Abbreviations,.366","11 My son, if thou hast wherewithal, minister (S) to thine own self;"
"Mishneh Torah, Abbreviations,.367","And if thou hast, do good unto thyself;"
"Mishneh Torah, Abbreviations,.368","And according to the power of ∥ thy hand, make thyself fat. <r1>Fol. A 4 recto</r1>"
"Mishneh Torah, Abbreviations,.369",12 Remember that there is no luxury in Sheol;
"Mishneh Torah, Abbreviations,.370",And death doth not tarry;
"Mishneh Torah, Abbreviations,.371",And the decree of Sheol (?) hath not been declared to thee.
"Mishneh Torah, Abbreviations,.372",15 All flesh loveth its kind;
"Mishneh Torah, Abbreviations,.373",And every man him that is like unto him.
"Mishneh Torah, Abbreviations,.374",16 The kind of all flesh consorteth therewith;
"Mishneh Torah, Abbreviations,.375",And a man will have fellowship with his kind.
"Mishneh Torah, Abbreviations,.376",17 What fellowship shall wolf have with lamb?
"Mishneh Torah, Abbreviations,.377",Such is the wicked to the righteous;
"Mishneh Torah, Abbreviations,.378",17<sup>(1)</sup> And so is the rich unto a man that is destitute.
"Mishneh Torah, Abbreviations,.379",18 How should there be (?) peace between hyena and dog?
"Mishneh Torah, Abbreviations,.380",How should there be peace between rich and poor?
"Mishneh Torah, Abbreviations,.381",19 Wild asses of the wilderness are food for the lion:
"Mishneh Torah, Abbreviations,.382",So the poor are the prey of the rich.
"Mishneh Torah, Abbreviations,.383",20 Lowliness is the abomination of pride;
"Mishneh Torah, Abbreviations,.384",And the needy is the abomination of the rich.
"Mishneh Torah, Abbreviations,.385",21 A rich man when he is shaken is held up (?) of a friend;
"Mishneh Torah, Abbreviations,.386",But the poor when he is shaken is thrust from evil to evil (?).
"Mishneh Torah, Abbreviations,.387","22<sup>a</sup> The rich speaketh, and his helpers are many;"
"Mishneh Torah, Abbreviations,.388",And his unseemly words are overlaid (?).
"Mishneh Torah, Abbreviations,.389","22<sup>c</sup> A poor man speaketh (G S), and they hoot at him (?);"
"Mishneh Torah, Abbreviations,.390","Though he be wise that speaketh, there is no place for him."
"Mishneh Torah, Abbreviations,.391","23<sup>a</sup> When the rich speaketh, all keep silence;"
"Mishneh Torah, Abbreviations,.392",And (?) they extol his wisdom to the clouds.
"Mishneh Torah, Abbreviations,.393","23<sup>c</sup> When the poor speaketh, Who is this? say they;"
"Mishneh Torah, Abbreviations,.394","And if he stumble, they will help to overthrow him."
"Mishneh Torah, Abbreviations,.395","24 Good is wealth, if it be without iniquity;"
"Mishneh Torah, Abbreviations,.396",And evil is poverty in the mouth of arrogancy.
"Mishneh Torah, Abbreviations,.397",25 The heart of a man changeth his countenance;
"Mishneh Torah, Abbreviations,.398",Whether for good or for evil.
"Mishneh Torah, Abbreviations,.399",26 A token of a merry heart is a bright countenance;
"Mishneh Torah, Abbreviations,.400",And study and meditation is wearisome thought (?).
"Mishneh Torah, Abbreviations,.401",<b>14.</b> 1 Happy is the man whom his own mouth hath not troubled;
"Mishneh Torah, Abbreviations,.402",And whose heart hath not condemned him (?).
"Mishneh Torah, Abbreviations,.403",24 He that encampeth about her house;
"Mishneh Torah, Abbreviations,.404",And driveth his pegs (?) into her wall.
"Mishneh Torah, Abbreviations,.405",25 And he pitcheth his tent by her side;
"Mishneh Torah, Abbreviations,.406",And dwelleth in good neighbourhood.
"Mishneh Torah, Abbreviations,.407",26 And he will set his nest on her bough;
"Mishneh Torah, Abbreviations,.408",And will lodge in her branches.
"Mishneh Torah, Abbreviations,.409",27 And he sheltereth in her shade from the heat;
"Mishneh Torah, Abbreviations,.410",And will dwell in her habitations.
"Mishneh Torah, Abbreviations,.411",<b>15</b>. 1 For he that feareth the Lord shall do this;
"Mishneh Torah, Abbreviations,.412",And he that layeth hold on the law shall attain unto her (?).
"Mishneh Torah, Abbreviations,.413",2 And she shall meet him as mother;
"Mishneh Torah, Abbreviations,.414",And receive him as wife of youth.
"Mishneh Torah, Abbreviations,.415",3 And she shall feed him with bread of wisdom;
"Mishneh Torah, Abbreviations,.416",And give him water of understanding to drink.
"Mishneh Torah, Abbreviations,.417","4 And he shall be stayed upon her, and shall not be moved;"
"Mishneh Torah, Abbreviations,.418","And in her shall he trust, and he shall not be confounded."
"Mishneh Torah, Abbreviations,.419",5 And she shall exalt him above his neighbour;
"Mishneh Torah, Abbreviations,.420",And in the midst of the congregation shall she open his mouth.
"Mishneh Torah, Abbreviations,.421",6 He shall find joy and gladness;
"Mishneh Torah, Abbreviations,.422",And she shall cause him to inherit an everlasting name.
"Mishneh Torah, Abbreviations,.423",7 Men of naught shall not attain unto her;
"Mishneh Torah, Abbreviations,.424",And men of arrogancy shall not see her (H S).
"Mishneh Torah, Abbreviations,.425",8 Far is she from scorners;
"Mishneh Torah, Abbreviations,.426",And liars shall not remember her.
"Mishneh Torah, Abbreviations,.427",9 Praise is not comely (G S) in the mouth of the wicked;
"Mishneh Torah, Abbreviations,.428",For it was not apportioned him of God.
"Mishneh Torah, Abbreviations,.429",10 By the mouth of the wise shall praise be spoken;
"Mishneh Torah, Abbreviations,.430",And he that mastereth her (H S) shall learn it.
"Mishneh Torah, Abbreviations,.431","11 Say not, My transgression was of God;"
"Mishneh Torah, Abbreviations,.432",For that which he hateth he made not (H S).
"Mishneh Torah, Abbreviations,.433",13 Do good to a friend before thou die;
"Mishneh Torah, Abbreviations,.434",And as thy hand attaineth (?) give unto him.
"Mishneh Torah, Abbreviations,.435",14 Refuse not the day's good cheer.
"Mishneh Torah, Abbreviations,.436",But encroach not upon a brother's portion (?);
"Mishneh Torah, Abbreviations,.437",And covet not the desirable things of a neighbour.
"Mishneh Torah, Abbreviations,.438",15 Shalt thou not leave thy riches to another;
"Mishneh Torah, Abbreviations,.439",And thy labour to them that cast lots?
"Mishneh Torah, Abbreviations,.440","16 Give to a brother (H), and let thy soul fare delicately;"
"Mishneh Torah, Abbreviations,.441",For there is no seeking of luxury in Sheol.
"Mishneh Torah, Abbreviations,.442",16<sup>(1)</sup> And whatsoever thing is seemly to do;
"Mishneh Torah, Abbreviations,.443",Do it before (?) God.
"Mishneh Torah, Abbreviations,.444",17 All flesh waxeth old as a garment;
"Mishneh Torah, Abbreviations,.445","And the everlasting decree is, They shall surely perish."
"Mishneh Torah, Abbreviations,.446","18<sup>a</sup> As leaves grow upon a green tree,"
"Mishneh Torah, Abbreviations,.447","Whereof one withereth, and another springeth up;"
"Mishneh Torah, Abbreviations,.448","18<sup>c</sup> So of the generations of flesh and blood,"
"Mishneh Torah, Abbreviations,.449","One perisheth, and another ripeneth (M)."
"Mishneh Torah, Abbreviations,.450",19 All his works shall surely rot;
"Mishneh Torah, Abbreviations,.451",And his handywork shall draw after him.
"Mishneh Torah, Abbreviations,.452",20 Happy is the man that shall meditate in wisdom;
"Mishneh Torah, Abbreviations,.453",And shall have respect to understanding.
"Mishneh Torah, Abbreviations,.454",21 That setteth his heart upon her ways;
"Mishneh Torah, Abbreviations,.455",And considereth her paths (S).
"Mishneh Torah, Abbreviations,.456",22 Going forth after her in search of her;
"Mishneh Torah, Abbreviations,.457",And spying all her entries.
"Mishneh Torah, Abbreviations,.458",23 That prieth through her window;
"Mishneh Torah, Abbreviations,.459",And will hearken at her doors.
"Mishneh Torah, Abbreviations,.460",5 Many things like these hath mine eye seen;
"Mishneh Torah, Abbreviations,.461",And mighty things like these (H) hath mine ear heard.
"Mishneh Torah, Abbreviations,.462",6 In the congregation of the wicked a fire burneth;
"Mishneh Torah, Abbreviations,.463",And in an ungodly nation wrath is kindled.
"Mishneh Torah, Abbreviations,.464","7 Seeing that he forgave not the princes of old time,"
"Mishneh Torah, Abbreviations,.465",Who ruled (?) the world by their power.
"Mishneh Torah, Abbreviations,.466","8 And he spared not them that sojourned with Lot (?),"
"Mishneh Torah, Abbreviations,.467",Who transgressed in their pride.
"Mishneh Torah, Abbreviations,.468","9 And he spared not the people of perdition,"
"Mishneh Torah, Abbreviations,.469",That were dispossessed (?) in their iniquity.
"Mishneh Torah, Abbreviations,.470","10 So were the six hundred thousand footmen,"
"Mishneh Torah, Abbreviations,.471",That were taken away in the arrogancy of their heart.
"Mishneh Torah, Abbreviations,.472",11<sup>a</sup> And if even one stiffen (<i>or</i> harden) his neck;
"Mishneh Torah, Abbreviations,.473",It were a marvel should he be unpunished.
"Mishneh Torah, Abbreviations,.474",11<sup>c</sup> For mercy and wrath are with him;
"Mishneh Torah, Abbreviations,.475",And he forgiveth and pardoneth;
"Mishneh Torah, Abbreviations,.476",But upon the wicked his indignation shall rest (?).
"Mishneh Torah, Abbreviations,.477","12 According to the greatness of his mercy, so is his correction;"
"Mishneh Torah, Abbreviations,.478",He will judge each according to his doings.
"Mishneh Torah, Abbreviations,.479",13 He will not (M) let the wrong-doer escape with plunder;
"Mishneh Torah, Abbreviations,.480",Neither will he frustrate the desire of the righteous for ever.
"Mishneh Torah, Abbreviations,.481","14 Whosoever doeth righteousness, there is a reward for him;"
"Mishneh Torah, Abbreviations,.482",And according to his works shall every man go forth (H) before him.
"Mishneh Torah, Abbreviations,.483","15 The Lord hardened the heart of Pharaoh, who knew him not:"
"Mishneh Torah, Abbreviations,.484",16 Whose works are manifest under heaven;
"Mishneh Torah, Abbreviations,.485",His mercies are seen of all his creatures;
"Mishneh Torah, Abbreviations,.486",And his light and his darkness (?) hath he apportioned to the sons of men.
"Mishneh Torah, Abbreviations,.487","17<sup>a</sup> Say not, I am hidden from God;"
"Mishneh Torah, Abbreviations,.488",And who shall remember me on high?
"Mishneh Torah, Abbreviations,.489",17<sup>c</sup> In the mass of people I shall not be known;
"Mishneh Torah, Abbreviations,.490",And what is my soul at the end of the spirits of all the sons of men?
"Mishneh Torah, Abbreviations,.491","12 Lest thou say, He it was that made me stumble;"
"Mishneh Torah, Abbreviations,.492",For there is no need of men of violence.
"Mishneh Torah, Abbreviations,.493",13 Wickedness and an abomination the Lord hateth;
"Mishneh Torah, Abbreviations,.494",And will not let it befal them that fear him.
"Mishneh Torah, Abbreviations,.495",14 For (?) God created man from the beginning;
"Mishneh Torah, Abbreviations,.496",And put him into the hand of him that would spoil him;
"Mishneh Torah, Abbreviations,.497",And gave him into the hand of his inclination.
"Mishneh Torah, Abbreviations,.498","15 If thou choose, thou mayest keep the commandment;"
"Mishneh Torah, Abbreviations,.499",And it is understanding (H) to do his will.
"Mishneh Torah, Abbreviations,.500","15<sup>(1)</sup> If thou trust in him, thou shalt even live."
"Mishneh Torah, Abbreviations,.501",16 Fire and water are poured out before thee:
"Mishneh Torah, Abbreviations,.502",Upon whichsoever thou choosest stretch forth thy hands.
"Mishneh Torah, Abbreviations,.503",17 Death and life are before a man:
"Mishneh Torah, Abbreviations,.504",That which he shall choose shall be given him.
"Mishneh Torah, Abbreviations,.505",18 The wisdom of the Lord aboundeth:
"Mishneh Torah, Abbreviations,.506","He is mighty in power, and beholdeth all."
"Mishneh Torah, Abbreviations,.507",19 The eyes of God see his works;
"Mishneh Torah, Abbreviations,.508",And he will take knowledge of (?) all a man's doing.
"Mishneh Torah, Abbreviations,.509",20 He commanded not a man to sin;
"Mishneh Torah, Abbreviations,.510",Neither did he make men of falsehood to dream.
"Mishneh Torah, Abbreviations,.511",20<sup>(1)</sup> And he hath no mercy on him that worketh vanity;
"Mishneh Torah, Abbreviations,.512",And on him that discloseth a secret.
"Mishneh Torah, Abbreviations,.513",<b>16.</b> 1 Desire not the shapeliness of vain youths;
"Mishneh Torah, Abbreviations,.514",And rejoice not in sons of wickedness.
"Mishneh Torah, Abbreviations,.515","2 Yea, and if they increase, delight (?) not in them;"
"Mishneh Torah, Abbreviations,.516",If the fear of the Lord be not with them.
"Mishneh Torah, Abbreviations,.517","3<sup>a</sup> Trust not in their life, and rely not on their issues (?);"
"Mishneh Torah, Abbreviations,.518",3<sup>a(1)</sup> For they shall not have a good end.
"Mishneh Torah, Abbreviations,.519",3<sup>c</sup> For better is one that doeth acceptably than a thousand;
"Mishneh Torah, Abbreviations,.520",And he that dieth childless than he that hath many sons of wickedness (?) ;
"Mishneh Torah, Abbreviations,.521",And than an ungodly posterity.
"Mishneh Torah, Abbreviations,.522",4 Of one that (?) feareth the Lord shall a city be peopled;
"Mishneh Torah, Abbreviations,.523",And by a family of transgressors it shall be made desolate.
"Mishneh Torah, Abbreviations,.524",And bear not with his mischiefs.
"Mishneh Torah, Abbreviations,.525",11<sup>(1)</sup> Beat his shoulder while it is yet tender (?);
"Mishneh Torah, Abbreviations,.526",Bruise (?) his loins while he is yet a youth.
"Mishneh Torah, Abbreviations,.527",12<sup>a</sup> Bow down his head in his youth;
"Mishneh Torah, Abbreviations,.528",And smite through his loins when he is a little one.
"Mishneh Torah, Abbreviations,.529","12<sup>c</sup> Wherefore should he harden himself (M), and rebel against thee;"
"Mishneh Torah, Abbreviations,.530",That thou shouldest have (?) faintness of spirit because of him?
"Mishneh Torah, Abbreviations,.531","13 Chastise (<i>or</i> Train) thy son, and make his yoke heavy;"
"Mishneh Torah, Abbreviations,.532",Lest in his folly he lift himself up (M) against thee.
"Mishneh Torah, Abbreviations,.533","14 Better is one that is poor, and healthy in his body;"
"Mishneh Torah, Abbreviations,.534",Than a rich man that is plagued in his flesh.
"Mishneh Torah, Abbreviations,.535",15 Health of flesh (?) have I desired more than fine gold;
"Mishneh Torah, Abbreviations,.536",And a joyful spirit more than rubies.
"Mishneh Torah, Abbreviations,.537",16 There is no wealth above wealth of sound flesh (?);
"Mishneh Torah, Abbreviations,.538",And no good above goodness of heart.
"Mishneh Torah, Abbreviations,.539",17 Better is to die than a life of vanity;
"Mishneh Torah, Abbreviations,.540",And eternal rest than continual pain.
"Mishneh Torah, Abbreviations,.541",17<sup>(1)</sup> Better is to die than life that is evil;
"Mishneh Torah, Abbreviations,.542",And to go down to Sheol than lasting pain.
"Mishneh Torah, Abbreviations,.543",18 Goodness poured upon a mouth that is closed
"Mishneh Torah, Abbreviations,.544",Is as an offering laid before a gravestone (?).
"Mishneh Torah, Abbreviations,.545","19 What can it profit idols of the nations,"
"Mishneh Torah, Abbreviations,.546","Which eat not, neither do they smell?"
"Mishneh Torah, Abbreviations,.547","So whoso hath wealth,"
"Mishneh Torah, Abbreviations,.548",And enjoyeth not of his substance (?).
"Mishneh Torah, Abbreviations,.549",20<sup>a</sup> With his eye     .     .     .     .     .
"Mishneh Torah, Abbreviations,.550","18 Behold, the heaven, and the heaven of heavens,"
"Mishneh Torah, Abbreviations,.551","And the deep, and the earth;"
"Mishneh Torah, Abbreviations,.552","When he descendeth upon them, they tremble (?),"
"Mishneh Torah, Abbreviations,.553","At his visitation (?), and when he rageth."
"Mishneh Torah, Abbreviations,.554","19 The roots also of the mountains and the foundations of the world,"
"Mishneh Torah, Abbreviations,.555","When he looketh upon them, quake exceedingly."
"Mishneh Torah, Abbreviations,.556",20 Surely upon me he will not set his heart;
"Mishneh Torah, Abbreviations,.557",And my ways who will consider?
"Mishneh Torah, Abbreviations,.558","20<sup>(1)</sup> If I have sinned, no eye shall see me;"
"Mishneh Torah, Abbreviations,.559","Or if I deal falsely in any secret place (?), who shall know?"
"Mishneh Torah, Abbreviations,.560",22 Work of right who shall declare unto him?
"Mishneh Torah, Abbreviations,.561","And of what is there hope, that I should be righteous (?)…?"
"Mishneh Torah, Abbreviations,.562",23 They that want understanding will think such things;
"Mishneh Torah, Abbreviations,.563",And a perverse man (?) will imagine this.
"Mishneh Torah, Abbreviations,.564","24 Hearken unto me, and receive my proverbs (?);"
"Mishneh Torah, Abbreviations,.565",And set your heart upon my words.
"Mishneh Torah, Abbreviations,.566",25 I will pour forth my spirit by weight;
"Mishneh Torah, Abbreviations,.567",And with carefulness will I declare my opinion.
"Mishneh Torah, Abbreviations,.568",26 When God created his works from the beginning;
"Mishneh Torah, Abbreviations,.569",According to their parts (H life) ….
"Mishneh Torah, Abbreviations,.570",**;*;*;*;*
"Mishneh Torah, Abbreviations,.571",2 Care for sustenance breaketh off slumber;
"Mishneh Torah, Abbreviations,.572",And sore sickness (M) dissipateth slumber.
"Mishneh Torah, Abbreviations,.573",2<sup>(1)</sup> Reproach putteth to flight a faithful friend;
"Mishneh Torah, Abbreviations,.574",But he that hideth a secret is beloved (?) as one's soul.
"Mishneh Torah, Abbreviations,.575",3 The labour (M) of the rich is to gather (G S) wealth;
"Mishneh Torah, Abbreviations,.576","And if he rest, it is to take pleasure."
"Mishneh Torah, Abbreviations,.577",4 The poor toileth for the lack of his house;
"Mishneh Torah, Abbreviations,.578","And if he rest, he becometh needy."
"Mishneh Torah, Abbreviations,.579",4<sup>(1)</sup> The labour of the poor is for the lack of his means (?);
"Mishneh Torah, Abbreviations,.580","And if he rest, it is to his lamentation (<i>or</i> he is distressed)."
"Mishneh Torah, Abbreviations,.581",5 He that pursueth after gold shall not be innocent;
"Mishneh Torah, Abbreviations,.582",And he that loveth hire shall err thereby.
"Mishneh Torah, Abbreviations,.583",6 Many are there that have been given in pledge (?) to gold;
"Mishneh Torah, Abbreviations,.584",And that trusted (?) on rubies.
"Mishneh Torah, Abbreviations,.585",6<sup>(1)</sup> And they found not how to escape from evil;
"Mishneh Torah, Abbreviations,.586",Neither to save themselves in the day of wrath.
"Mishneh Torah, Abbreviations,.587",7 For it is a stumblingblock to the fool;
"Mishneh Torah, Abbreviations,.588",And whoso is simple is enticed thereby.
"Mishneh Torah, Abbreviations,.589",8 Blessed is the man (H) that hath been found perfect;
"Mishneh Torah, Abbreviations,.590",And that hath not gone aside after mammon.
"Mishneh Torah, Abbreviations,.591",9 Who is he? and we will call him blessed:
"Mishneh Torah, Abbreviations,.592",For he hath done wonderously among his people.
"Mishneh Torah, Abbreviations,.593",10<sup>a</sup> Who is he? that we may cleave (H) unto him;
"Mishneh Torah, Abbreviations,.594","And he shall have peace, and he shall have glory."
"Mishneh Torah, Abbreviations,.595","10<sup>(1)</sup> For when as the peace of his life multiplieth,"
"Mishneh Torah, Abbreviations,.596",I will be a glory unto thee (?).
"Mishneh Torah, Abbreviations,.597",20<sup>b</sup> As an eunuch (?) embraceth a maiden and groaneth.
"Mishneh Torah, Abbreviations,.598",20<sup>b(1)</sup> So is he that doeth judgement with violence (?).
"Mishneh Torah, Abbreviations,.599",20<sup>b(2)</sup> So is an eunuch (?) that lieth with a virgin.
"Mishneh Torah, Abbreviations,.600",And the Lord requireth at his hand.
"Mishneh Torah, Abbreviations,.601",21 Give not thy soul to sorrow;
"Mishneh Torah, Abbreviations,.602",And stumble not by thine iniquity (M counsel).
"Mishneh Torah, Abbreviations,.603","22 Joy of heart, that is the life of a man;"
"Mishneh Torah, Abbreviations,.604",And a man's cheerfulness lengthens his days (G).
"Mishneh Torah, Abbreviations,.605","23<sup>a</sup> Rejoice thy soul, and make thine heart joyful (?);"
"Mishneh Torah, Abbreviations,.606",And put vexation far from thee:
"Mishneh Torah, Abbreviations,.607",23<sup>b</sup> For sorrow hath slain many;
"Mishneh Torah, Abbreviations,.608",And there is no profit in vexation.
"Mishneh Torah, Abbreviations,.609",24 Envy and sorrow (G wrath) shorten days;
"Mishneh Torah, Abbreviations,.610",And care maketh old untimely.
"Mishneh Torah, Abbreviations,.611",<l1>Fol. B 1 verso</l1> 25 The sleep of a good heart is instead of dainties;
"Mishneh Torah, Abbreviations,.612",And his food is agreeable unto him.
"Mishneh Torah, Abbreviations,.613",<b>31.</b> 1 The wakefulness (M) of the rich wasteth his flesh;
"Mishneh Torah, Abbreviations,.614",His care (M) dissipateth slumber.
"Mishneh Torah, Abbreviations,.615","4<sup>(1)</sup> As a seal upon a purse of gold,"
"Mishneh Torah, Abbreviations,.616",Is a hymn to God at a banquet of wine.
"Mishneh Torah, Abbreviations,.617","5 As a boss (?) of ruby on a circlet (M) of gold,"
"Mishneh Torah, Abbreviations,.618",Is a concert of music (?) at a banquet of wine.
"Mishneh Torah, Abbreviations,.619",5<sup>(1)</sup> As a collar of gold wherein are emerald and sapphire;
"Mishneh Torah, Abbreviations,.620",So are fine words comely at a banquet of wine.
"Mishneh Torah, Abbreviations,.621","6 As settings of fine gold and a seal of carbuncle,"
"Mishneh Torah, Abbreviations,.622",Is the voice of music with the pleasance of mead.
"Mishneh Torah, Abbreviations,.623","7 Speak, O young man, if thou be wanted;"
"Mishneh Torah, Abbreviations,.624",With compulsion if one ask thee twice or thrice.
"Mishneh Torah, Abbreviations,.625","8 Restrain speaking, and diminish it exceedingly;"
"Mishneh Torah, Abbreviations,.626",And be like to one that knoweth and holdeth his tongue.
"Mishneh Torah, Abbreviations,.627",9 Among elders set not thyself up;
"Mishneh Torah, Abbreviations,.628",And press not (?) much on princes.
"Mishneh Torah, Abbreviations,.629",9<sup>(1)</sup> Before hail (H) speedeth (?) lightning;
"Mishneh Torah, Abbreviations,.630",And before one that is downcast speedeth favour.
"Mishneh Torah, Abbreviations,.631",10 Before hail (H) speedeth (?) lightning;
"Mishneh Torah, Abbreviations,.632",And before one that is shamefast favour.
"Mishneh Torah, Abbreviations,.633",11 At the appointed time tarry not;
"Mishneh Torah, Abbreviations,.634",Get thee home and do pleasure (?).
"Mishneh Torah, Abbreviations,.635",11<sup>(1)</sup> At table time multiply not words;
"Mishneh Torah, Abbreviations,.636",Even though a thing hath come into thy mind.
"Mishneh Torah, Abbreviations,.637","12 ..in thy heart (?), and do pleasure;"
"Mishneh Torah, Abbreviations,.638","In the fear of God, and not with lack of understanding (H all)."
"Mishneh Torah, Abbreviations,.639","10<sup>(2)</sup> Who hath blessed it (?), and made his life perfect?"
"Mishneh Torah, Abbreviations,.640",I will be a glory unto thee (?).
"Mishneh Torah, Abbreviations,.641","10<sup>c</sup> Who was able to stray, and strayed not?"
"Mishneh Torah, Abbreviations,.642","And to do evil to a neighbour, and would not?"
"Mishneh Torah, Abbreviations,.643",11 Therefore his good is sure;
"Mishneh Torah, Abbreviations,.644",And the congregation shall declare his praise.
"Mishneh Torah, Abbreviations,.645",*******
"Mishneh Torah, Abbreviations,.646",<l1>Fol. B 2 recto</l1> <b>32.</b> 1<sup>bc</sup> Be to them as one of them;
"Mishneh Torah, Abbreviations,.647","Take thought for them, and afterward be seated:"
"Mishneh Torah, Abbreviations,.648","2<sup>bc</sup> Supply their want, and afterward recline."
"Mishneh Torah, Abbreviations,.649",That thou mayest rejoice in their honour;
"Mishneh Torah, Abbreviations,.650",And receive favour at the table (?).
"Mishneh Torah, Abbreviations,.651","3 Speak, O elder, for it pertaineth to thee;"
"Mishneh Torah, Abbreviations,.652","And be carefully wise (?), and hinder not song."
"Mishneh Torah, Abbreviations,.653",4 In a place for wine pour not forth talk;
"Mishneh Torah, Abbreviations,.654",And in a place for music (?) pour not forth talk:
"Mishneh Torah, Abbreviations,.655",And wherefore shouldest thou be always (S) wise?
"Mishneh Torah, Abbreviations,.656",24 He that observeth the law keepeth his soul;
"Mishneh Torah, Abbreviations,.657",And he that trusteth in the Lord shall not be ashamed.
"Mishneh Torah, Abbreviations,.658",<b>33.</b> 1 Evil shall not befall him that feareth the Lord;
"Mishneh Torah, Abbreviations,.659",But in temptation even again he shall be delivered (?).
"Mishneh Torah, Abbreviations,.660",2 He that hateth the law shall not be wise;
"Mishneh Torah, Abbreviations,.661",And he is moved as…tossed with tempest (?).
"Mishneh Torah, Abbreviations,.662",3 A man of discernment discerneth a matter;
"Mishneh Torah, Abbreviations,.663",And his law.......
"Mishneh Torah, Abbreviations,.664",*******
"Mishneh Torah, Abbreviations,.665",<b>35.</b> 9 In all thy works (H) shew a bright countenance; <r1>Fol. B 3 recto</r1>
"Mishneh Torah, Abbreviations,.666",And dedicate thy tithe with gladness.
"Mishneh Torah, Abbreviations,.667",10 Give to God (?) according as he hath given to thee;
"Mishneh Torah, Abbreviations,.668","With goodness of eye, and as thy hand hath found (?)."
"Mishneh Torah, Abbreviations,.669",11 For he is a God that recompenseth;
"Mishneh Torah, Abbreviations,.670",And sevenfold will he return unto thee.
"Mishneh Torah, Abbreviations,.671",He that giveth to the poor lendeth to the Lord;
"Mishneh Torah, Abbreviations,.672",And who is a rewarder but he (M S)?
"Mishneh Torah, Abbreviations,.673","12<sup>a</sup> Bribe (S Hesitate) not, for he will not receive;"
"Mishneh Torah, Abbreviations,.674",And trust not upon a sacrifice of oppression.
"Mishneh Torah, Abbreviations,.675",12<sup>c</sup> For he is a God of judgement;
"Mishneh Torah, Abbreviations,.676",And with him is no respect of persons.
"Mishneh Torah, Abbreviations,.677",13 He will not shew favour toward the poor;
"Mishneh Torah, Abbreviations,.678",And he will hear the supplication of the afflicted.
"Mishneh Torah, Abbreviations,.679",14 He will not reject the cry of the fatherless;
"Mishneh Torah, Abbreviations,.680","And of the widow, when she maketh much complaint (H)."
"Mishneh Torah, Abbreviations,.681",15 Do not tears run down the cheek?
"Mishneh Torah, Abbreviations,.682",Doth she not sigh because of her miseries?
"Mishneh Torah, Abbreviations,.683",16 Bitterness that is well-pleasing (H) is her lamentation (?):
"Mishneh Torah, Abbreviations,.684",Her (G His) cry hasteth to the clouds.
"Mishneh Torah, Abbreviations,.685",17<sup>a</sup> The crying of the poor passeth through thick clouds (M);
"Mishneh Torah, Abbreviations,.686",And resteth not until it come nigh.
"Mishneh Torah, Abbreviations,.687",17<sup>c</sup> It will not remove till God shall visit;
"Mishneh Torah, Abbreviations,.688",And till he that judgeth righteously shall do judgement.
"Mishneh Torah, Abbreviations,.689","18<sup>a</sup> Yea, and God will not tarry;"
"Mishneh Torah, Abbreviations,.690",And as a mighty man he will not refrain himself:
"Mishneh Torah, Abbreviations,.691",13 And for all these things (?) bless thy Maker;
"Mishneh Torah, Abbreviations,.692",Which satisfieth thee with his goodness.
"Mishneh Torah, Abbreviations,.693",13<sup>(1)</sup> He that seeketh God may expect favour (?);
"Mishneh Torah, Abbreviations,.694",And he that is a madman shall be snared thereby (?).
"Mishneh Torah, Abbreviations,.695",<l1>Fol. B 2 verso</l1> 14 He that seeketh God will receive discipline;
"Mishneh Torah, Abbreviations,.696",And he that seeketh him diligently shall obtain an answer.
"Mishneh Torah, Abbreviations,.697",14<sup>(1)</sup> He that seeketh things pleasing to God shall receive instruction;
"Mishneh Torah, Abbreviations,.698",And he will answer him in his prayer.
"Mishneh Torah, Abbreviations,.699",15 He that seeketh the law shall obtain her;
"Mishneh Torah, Abbreviations,.700",And he that is a madman shall be snared thereby.
"Mishneh Torah, Abbreviations,.701",16 He that feareth the Lord shall discern judgement;
"Mishneh Torah, Abbreviations,.702",And shall bring forth counsels from twilight (H).
"Mishneh Torah, Abbreviations,.703",16<sup>(1)</sup> They that fear the Lord shall discern his judgement;
"Mishneh Torah, Abbreviations,.704",And they shall bring forth much wisdom (M) from their heart.
"Mishneh Torah, Abbreviations,.705",17 A man of violence (M) will wrest reproofs;
"Mishneh Torah, Abbreviations,.706",And will draw the law (?) after his need.
"Mishneh Torah, Abbreviations,.707",17<sup>(1)</sup> A wise man will not conceal wisdom (M);
"Mishneh Torah, Abbreviations,.708",And a scorner will not keep his tongue.
"Mishneh Torah, Abbreviations,.709",18<sup>a</sup> A wise man will not take a bribe (H):
"Mishneh Torah, Abbreviations,.710",One that is proud and a scorner will not keep the law.
"Mishneh Torah, Abbreviations,.711",19 Without counsel do not anything;
"Mishneh Torah, Abbreviations,.712",And after thy doings vex not thyself.
"Mishneh Torah, Abbreviations,.713",20 Go not in a way set with snares;
"Mishneh Torah, Abbreviations,.714",And stumble not at an offence twice.
"Mishneh Torah, Abbreviations,.715",21 Trust not in the way of the spoiler (?);
"Mishneh Torah, Abbreviations,.716",22 And be watchful of thy latter end.
"Mishneh Torah, Abbreviations,.717",22<sup>(1)</sup> Trust not in the way of the wicked;
"Mishneh Torah, Abbreviations,.718",And be ware in thy paths.
"Mishneh Torah, Abbreviations,.719",22<sup>(2)</sup> In all thy ways keep thy soul;
"Mishneh Torah, Abbreviations,.720",For whoso doeth these things keepeth a commandment.
"Mishneh Torah, Abbreviations,.721",23 In all thy doings keep thy soul;
"Mishneh Torah, Abbreviations,.722",For he that doeth this keepeth a commandment.
"Mishneh Torah, Abbreviations,.723",13 Have mercy upon thy holy city;
"Mishneh Torah, Abbreviations,.724","Jerusalem, the place of thy dwelling."
"Mishneh Torah, Abbreviations,.725",14 Fill Sion with thy majesty;
"Mishneh Torah, Abbreviations,.726",And thy temple from thy glory. 
"Mishneh Torah, Abbreviations,.727",15 Give testimony to the firstling of thy works;
"Mishneh Torah, Abbreviations,.728",And establish the vision spoken in thy name.
"Mishneh Torah, Abbreviations,.729",16 Give their reward to them that wait for thee;
"Mishneh Torah, Abbreviations,.730",And let thy prophets be true.
"Mishneh Torah, Abbreviations,.731",17<sup>a</sup> Hear the prayer of thy servants;
"Mishneh Torah, Abbreviations,.732",According to thy good pleasure (?) unto thy people.
"Mishneh Torah, Abbreviations,.733","17<sup>c</sup> And let all the ends of the earth know (H),"
"Mishneh Torah, Abbreviations,.734",That thou art our God for ever (?).
"Mishneh Torah, Abbreviations,.735",18 The throat eateth every meat;
"Mishneh Torah, Abbreviations,.736",Yet is one meat more pleasant than another (M).
"Mishneh Torah, Abbreviations,.737",21 A woman will receive every man (?);
"Mishneh Torah, Abbreviations,.738",Yet is one woman beautiful (M).
"Mishneh Torah, Abbreviations,.739",*******
"Mishneh Torah, Abbreviations,.740","<b>37.</b> 27 My son, prove thy soul in thy life (M in wine); <r1>Fol. B 4 recta</r1>"
"Mishneh Torah, Abbreviations,.741",And see thou give it not that which is bad for it.
"Mishneh Torah, Abbreviations,.742",28 For not all is good for all:
"Mishneh Torah, Abbreviations,.743",Not every soul chooseth every sort.
"Mishneh Torah, Abbreviations,.744",29 Be not insatiable (G) for every luxury;
"Mishneh Torah, Abbreviations,.745",And be not effuse on all dainties.
"Mishneh Torah, Abbreviations,.746",30 For in much luxury (M food) nesteth sickness;
"Mishneh Torah, Abbreviations,.747",And he that surfeiteth shall come nigh to loathing.
"Mishneh Torah, Abbreviations,.748",31 By intemperance many perish utterly (?);
"Mishneh Torah, Abbreviations,.749",But he that taketh heed shall add to life.
"Mishneh Torah, Abbreviations,.750",<b>38.</b> I Honour a physician before need of him (H):
"Mishneh Torah, Abbreviations,.751",Him also hath God apportioned.
"Mishneh Torah, Abbreviations,.752",18<sup>c</sup> Till he smite the loins of the unmerciful;
"Mishneh Torah, Abbreviations,.753",And repay vengeance to the heathen:
"Mishneh Torah, Abbreviations,.754",18<sup>e</sup> Till he dispossess the sceptre of pride;
"Mishneh Torah, Abbreviations,.755",And quite cut down the rod of the wicked:
"Mishneh Torah, Abbreviations,.756",19<sup>a</sup> Till he render to a man his due;
"Mishneh Torah, Abbreviations,.757",And a man's recompense according to his devising:
"Mishneh Torah, Abbreviations,.758",19<sup>c</sup> Till he plead (?) the cause of his people;
"Mishneh Torah, Abbreviations,.759",And make them joyful (M) with his salvation.
"Mishneh Torah, Abbreviations,.760",20 Mercy from the Lord in time (?) of affliction
"Mishneh Torah, Abbreviations,.761",Is as cloud (?) of rains in season of drought.
"Mishneh Torah, Abbreviations,.762",20<sup>(1)</sup>.........
"Mishneh Torah, Abbreviations,.763","<l1>Fol. B 3 verso</l1> <b>36</b>. 1<sup>a</sup> Save us, O God of all;"
"Mishneh Torah, Abbreviations,.764",2 And exalt thy fear over all the nations.
"Mishneh Torah, Abbreviations,.765",3 Shake thy hand (M) over the strange people;
"Mishneh Torah, Abbreviations,.766",And let them see thy mighty acts.
"Mishneh Torah, Abbreviations,.767",4 As thou hast been sanctified in their eyes over us;
"Mishneh Torah, Abbreviations,.768",So in our eyes get thee honour over them.
"Mishneh Torah, Abbreviations,.769","5 And let them know as we have known,"
"Mishneh Torah, Abbreviations,.770",That there is no God but thou.
"Mishneh Torah, Abbreviations,.771","6 Renew signs, and repeat wonders;"
"Mishneh Torah, Abbreviations,.772","Glorify thy hand, and strengthen arm and right hand."
"Mishneh Torah, Abbreviations,.773","7 Wake up indignation, and pour out wrath;"
"Mishneh Torah, Abbreviations,.774","And subdue the foe, and drive away (?) the enemy."
"Mishneh Torah, Abbreviations,.775","8<sup>a</sup> Hasten the end, and visit (H) the appointed time (?);"
"Mishneh Torah, Abbreviations,.776","8<sup>(1)</sup> For who shall say unto thee, What doest thou?"
"Mishneh Torah, Abbreviations,.777",10 Make an end of the head of the princes of Moab (H);
"Mishneh Torah, Abbreviations,.778","That saith, There is none but me."
"Mishneh Torah, Abbreviations,.779",11 Gather all the tribes of Jacob;
"Mishneh Torah, Abbreviations,.780",And let them inherit as in the days of old.
"Mishneh Torah, Abbreviations,.781",12 Have mercy upon the people that is called by thy name;
"Mishneh Torah, Abbreviations,.782","Israel, whom thou didst surname Firstborn."
"Mishneh Torah, Abbreviations,.783","16<sup>c</sup> According to the manner of each, bury his (M their) flesh;"
"Mishneh Torah, Abbreviations,.784",And hide not thyself when they die (?).
"Mishneh Torah, Abbreviations,.785","17<sup>a</sup> Weep bitterly, and make grievous wailing;"
"Mishneh Torah, Abbreviations,.786",And appoint mourning accordingly (?):
"Mishneh Torah, Abbreviations,.787",17<sup>c</sup> A day or two because of hearsay (?);
"Mishneh Torah, Abbreviations,.788",And be comforted for the sake of health (?).
"Mishneh Torah, Abbreviations,.789",18 Out of sorrow (?) cometh harm;
"Mishneh Torah, Abbreviations,.790",So the sad of heart buildeth up trouble (?).
"Mishneh Torah, Abbreviations,.791",20 Set not the heart upon him (M) any more;
"Mishneh Torah, Abbreviations,.792","Dismiss his remembrance, and remember the end."
"Mishneh Torah, Abbreviations,.793","22 Remember his sentence, for it is thy sentence;"
"Mishneh Torah, Abbreviations,.794","His yesterday, and thine to day."
"Mishneh Torah, Abbreviations,.795","21 Remember him not, for there is no hope for him;"
"Mishneh Torah, Abbreviations,.796",What shalt thou profit him (?)? and thou shalt hurt thyself.
"Mishneh Torah, Abbreviations,.797","23 When the dead is at rest, let his remembrance rest;"
"Mishneh Torah, Abbreviations,.798",And be comforted when his soul departeth.
"Mishneh Torah, Abbreviations,.799",24 The wisdom of the scribe increaseth wisdom (H);
"Mishneh Torah, Abbreviations,.800",And he that hath little business shall become wise.
"Mishneh Torah, Abbreviations,.801","25<sup>a</sup> How shall he get wisdom that holdeth the plough (<i>or</i> goad),"
"Mishneh Torah, Abbreviations,.802",And glorieth in the stimulant (?) spear?
"Mishneh Torah, Abbreviations,.803","25<sup>c</sup> He is busied with oxen, and leadeth about cattle (?);"
"Mishneh Torah, Abbreviations,.804",And his discourses are with bullocks.
"Mishneh Torah, Abbreviations,.805",26 And his wakefulness is to victual (?) the stall:
"Mishneh Torah, Abbreviations,.806",He setteth his heart to plough furrows.
"Mishneh Torah, Abbreviations,.807",27 Likewise the artificer.....
"Mishneh Torah, Abbreviations,.808",Which by night is busied (M)...
"Mishneh Torah, Abbreviations,.809",*******
"Mishneh Torah, Abbreviations,.810",<b>49.</b> 12 And they erected the holy temple; <r1>Fol. B 5 recto</r1>
"Mishneh Torah, Abbreviations,.811",Which was prepared for everlasting glory.
"Mishneh Torah, Abbreviations,.812","13<sup>a</sup> Nehemiah, glorious is his memory;"
"Mishneh Torah, Abbreviations,.813",Who raised up our ruins:
"Mishneh Torah, Abbreviations,.814",13<sup>c</sup> And healed our breaches;
"Mishneh Torah, Abbreviations,.815",And set up gates and bars.
"Mishneh Torah, Abbreviations,.816",2 From God a physician getteth wisdom;
"Mishneh Torah, Abbreviations,.817",And from a king he shall receive gifts.
"Mishneh Torah, Abbreviations,.818",3 The skill of a physician shall lift up his head;
"Mishneh Torah, Abbreviations,.819",And he shall stand before nobles.
"Mishneh Torah, Abbreviations,.820",4 God bringeth out medicines from the earth;
"Mishneh Torah, Abbreviations,.821",And let a prudent man not refuse them.
"Mishneh Torah, Abbreviations,.822","5 Was not water made sweet with wood,"
"Mishneh Torah, Abbreviations,.823",For to acquaint every man with his (M their) power?
"Mishneh Torah, Abbreviations,.824",6 And he gave man understanding;
"Mishneh Torah, Abbreviations,.825",To glory in his (M their) might.
"Mishneh Torah, Abbreviations,.826",7<sup>a</sup> By them doth the physician assuage pain;
"Mishneh Torah, Abbreviations,.827",8<sup>a</sup> And likewise the apothecary maketh a confection:
"Mishneh Torah, Abbreviations,.828",8<sup>b</sup> That his work may not fail (?);
"Mishneh Torah, Abbreviations,.829",Nor health from among the sons of men (M his earth).
"Mishneh Torah, Abbreviations,.830","9 My son, in sickness be not negligent (?):"
"Mishneh Torah, Abbreviations,.831","Pray unto God, for he will heal."
"Mishneh Torah, Abbreviations,.832","10 Flee from iniquity, and from respect of persons;"
"Mishneh Torah, Abbreviations,.833",And from all transgressions cleanse thy heart.
"Mishneh Torah, Abbreviations,.834",11 Offer a sweet savour (?) as a memorial;
"Mishneh Torah, Abbreviations,.835",And fatness estimated according to thy substance (?).
"Mishneh Torah, Abbreviations,.836",12 And to the physician also give (?) a place;
"Mishneh Torah, Abbreviations,.837","And he shall not remove, for there is need of him likewise."
"Mishneh Torah, Abbreviations,.838",<l1>Fol. B 4 verso</l1> 13 For there is a time when in his hand is good success (?):
"Mishneh Torah, Abbreviations,.839","14<sup>a</sup> For he too will supplicate unto God,"
"Mishneh Torah, Abbreviations,.840","14<sup>b</sup> That he will prosper (H) to him the treatment (<i>or</i> draught),"
"Mishneh Torah, Abbreviations,.841","And the healing, for the sake of his (?) living."
"Mishneh Torah, Abbreviations,.842",15 He that sinneth against his Maker
"Mishneh Torah, Abbreviations,.843",Will behave himself proudly (H) against a physician.
"Mishneh Torah, Abbreviations,.844","16<sup>a</sup> My son, let tears fall over the dead:"
"Mishneh Torah, Abbreviations,.845","Be in bitterness, and wail with lamentation."
"Mishneh Torah, Abbreviations,.846",7 And as the sun dawning upon (?) the temple of the King;
"Mishneh Torah, Abbreviations,.847",And as rainbow seen in the cloud.
"Mishneh Torah, Abbreviations,.848",8<sup>a</sup> As budding branch (?) in the days of the solemn feast;
"Mishneh Torah, Abbreviations,.849",And as the lotus by the watercourses.
"Mishneh Torah, Abbreviations,.850",8<sup>c</sup> As flower of Lebanon in the days of summer;
"Mishneh Torah, Abbreviations,.851",9<sup>bc</sup> And as fire of incense upon the meal-offering:
"Mishneh Torah, Abbreviations,.852","In (<i>or</i> As) a gold plated vessel, and a chalice (<i>or</i> weighty),"
"Mishneh Torah, Abbreviations,.853",That is set with pleasant stones.
"Mishneh Torah, Abbreviations,.854",10 As a green olive full of berries;
"Mishneh Torah, Abbreviations,.855",And as a wild olive tree with branches full of sap.
"Mishneh Torah, Abbreviations,.856",11<sup>a</sup> When he put on robes of honour; <r1>Fol. B 5 verso</r1>
"Mishneh Torah, Abbreviations,.857",And clothed himself with robes of beauty.
"Mishneh Torah, Abbreviations,.858",14 Few have been created upon the earth like Enoch (?);
"Mishneh Torah, Abbreviations,.859",And he also was taken within (?).
"Mishneh Torah, Abbreviations,.860",15 Like Joseph was ever a man born?
"Mishneh Torah, Abbreviations,.861",And also his body was visited.
"Mishneh Torah, Abbreviations,.862",16 And Shem and Seth and Enosh were visited (H);
"Mishneh Torah, Abbreviations,.863",And above every living thing was the glory of Adam.
"Mishneh Torah, Abbreviations,.864","<b>50.</b> 1<sup>a</sup> Great one of his brethren, and glory of his people,"
"Mishneh Torah, Abbreviations,.865","Was Simon, son of Johanan (H), the priest;"
"Mishneh Torah, Abbreviations,.866",1<sup>bc</sup> In whose generation the house was repaired (?);
"Mishneh Torah, Abbreviations,.867",And in whose days the temple was fortified.
"Mishneh Torah, Abbreviations,.868",3 In whose generation a cistern was digged (H);
"Mishneh Torah, Abbreviations,.869",A pit (<i>or</i> store) like the sea (?) in its abundance.
"Mishneh Torah, Abbreviations,.870",2 In whose days a wall was built;
"Mishneh Torah, Abbreviations,.871",A bulwark of refuge (?) in the temple of the King.
"Mishneh Torah, Abbreviations,.872",4 Who took thought for his people against the spoiler;
"Mishneh Torah, Abbreviations,.873",And fortified his city against the besieger.
"Mishneh Torah, Abbreviations,.874",5 How glorious was he when he looked forth from the tent;
"Mishneh Torah, Abbreviations,.875",And when he went out from the house of the veil!
"Mishneh Torah, Abbreviations,.876",6 As the morning star from amid thick clouds;
"Mishneh Torah, Abbreviations,.877",And as the full moon in the days of (?) the solemn feast.
"Mishneh Torah, Abbreviations,.878",24 May his mercy stand fast with Simon;
"Mishneh Torah, Abbreviations,.879","And may he confirm to him the covenant of Phinehas,"
"Mishneh Torah, Abbreviations,.880","24<sup>(1)</sup> Which he executed (?) unto him and unto his seed,"
"Mishneh Torah, Abbreviations,.881",As the days of heaven.
"Mishneh Torah, Abbreviations,.882",25 Two nations my soul abhorreth;
"Mishneh Torah, Abbreviations,.883",And the third is no people:
"Mishneh Torah, Abbreviations,.884",26 The inhabitants of Seir and Philistia;
"Mishneh Torah, Abbreviations,.885",And the foolish nation that dwelleth in Sichem.
"Mishneh Torah, Abbreviations,.886",27<sup>a</sup> The instruction of understanding and proverbs fitly spoken (?)
"Mishneh Torah, Abbreviations,.887","Of Simon, son of Jesus, son of Eleazar, son of Sira."
"Mishneh Torah, Abbreviations,.888",27<sup>c</sup> Whose heart prophesied as with a harp (?);
"Mishneh Torah, Abbreviations,.889",And who poured forth understanding.
"Mishneh Torah, Abbreviations,.890",28 Happy is the man that meditateth on these;
"Mishneh Torah, Abbreviations,.891",And he that layeth them to his heart shall be wise.
"Mishneh Torah, Abbreviations,.892",29<sup>b</sup> For the fear of the Lord is life.
"Mishneh Torah, Abbreviations,.893","<b>51.</b> 1<sup>b</sup> I will praise thee, O God of my salvation;"
"Mishneh Torah, Abbreviations,.894","1<sup>a</sup> I will give thanks unto thee (?), my God, my Father;"
"Mishneh Torah, Abbreviations,.895","1<sup>c</sup> I will declare thy name, O stronghold of my life."
"Mishneh Torah, Abbreviations,.896",2<sup>a</sup> For thou hast redeemed my soul from death.
"Mishneh Torah, Abbreviations,.897",2<sup>b</sup> Thou hast kept back my flesh from corruption;
"Mishneh Torah, Abbreviations,.898",2<sup>b(1)</sup> And hast delivered my foot from the hand of Sheol.
"Mishneh Torah, Abbreviations,.899",2<sup>c</sup> Thou hast delivered me from the evil report of the people;
"Mishneh Torah, Abbreviations,.900","From the scourge of (?) the tongue, and from the lip of them that go aside to lies."
"Mishneh Torah, Abbreviations,.901",2<sup>e</sup> Thou wast with me against them that rose up against me;
"Mishneh Torah, Abbreviations,.902",3<sup>a</sup> Thou hast holpen me according to thy great mercy:
"Mishneh Torah, Abbreviations,.903",3<sup>b</sup> Out of the snare of them that watched for my halting (?);
"Mishneh Torah, Abbreviations,.904",And from the hand of them that sought my life.
"Mishneh Torah, Abbreviations,.905",3<sup>d</sup> From many troubles thou hast saved me;
"Mishneh Torah, Abbreviations,.906",4<sup>a</sup> And from chokings of flaming fire..
"Mishneh Torah, Abbreviations,.907",4<sup>b</sup> From flames of a fire not blown (?);
"Mishneh Torah, Abbreviations,.908",5<sup>a</sup> From the womb of the deep....
"Mishneh Torah, Abbreviations,.909","5<sup>d</sup> From cunning lips, and weavers of lies;"
"Mishneh Torah, Abbreviations,.910",11<sup>c</sup> When he ascended the altar of majesty;
"Mishneh Torah, Abbreviations,.911",And made glorious the precinct of the sanctuary.
"Mishneh Torah, Abbreviations,.912",12<sup>a</sup> When he received the pieces out of the hand of his brethren;
"Mishneh Torah, Abbreviations,.913",While himself standing by the altar-fires:
"Mishneh Torah, Abbreviations,.914","12<sup>c</sup> Round him a crown of sons,"
"Mishneh Torah, Abbreviations,.915",Like cedar plants in Lebanon.
"Mishneh Torah, Abbreviations,.916",12<sup>e</sup> And they compassed him about like willows of the brook:
"Mishneh Torah, Abbreviations,.917",13<sup>a</sup> All the sons of Aaron in their glory:
"Mishneh Torah, Abbreviations,.918","13<sup>bc</sup> With the fire-offerings of the Lord in their hand,"
"Mishneh Torah, Abbreviations,.919",Before all the congregation of Israel.
"Mishneh Torah, Abbreviations,.920","14 Until he finished serving the altar,"
"Mishneh Torah, Abbreviations,.921",And arranging the fires of the Most High.
"Mishneh Torah, Abbreviations,.922","16<sup>a</sup> Then sounded the sons of Aaron, the priests,"
"Mishneh Torah, Abbreviations,.923",With trumpets of turnery.
"Mishneh Torah, Abbreviations,.924","16<sup>c</sup> And they sounded, and made their glorious voice heard;"
"Mishneh Torah, Abbreviations,.925",To bring to remembrance (?) before the Most High.
"Mishneh Torah, Abbreviations,.926","17<sup>a</sup> All flesh together hasted,"
"Mishneh Torah, Abbreviations,.927",And fell down upon their faces to the earth:
"Mishneh Torah, Abbreviations,.928",17<sup>c</sup> To worship before the Most High;
"Mishneh Torah, Abbreviations,.929",Before the Holy One of Israel.
"Mishneh Torah, Abbreviations,.930",18 And the choir uttered its voice;
"Mishneh Torah, Abbreviations,.931",And over the multitude they made sweet melody (?).
"Mishneh Torah, Abbreviations,.932","19<sup>a</sup> And all the people of the land chanted,"
"Mishneh Torah, Abbreviations,.933",In prayer before the Merciful.
"Mishneh Torah, Abbreviations,.934",19<sup>c</sup> Until he finished serving the altar;
"Mishneh Torah, Abbreviations,.935",And had brought its customary offerings unto it.
"Mishneh Torah, Abbreviations,.936","20<sup>a</sup> Then he came down, and lifted up his hands"
"Mishneh Torah, Abbreviations,.937",Over all the congregation of Israel.
"Mishneh Torah, Abbreviations,.938",20<sup>c</sup> And the blessing of the Lord was on his lips;
"Mishneh Torah, Abbreviations,.939",And in the name of the Lord he gloried.
"Mishneh Torah, Abbreviations,.940","21 And they bowed down again a second time,"
"Mishneh Torah, Abbreviations,.941","The people all of them, before him."
"Mishneh Torah, Abbreviations,.942","22<sup>a</sup> Now bless ye the Lord, the God of Israel,"
"Mishneh Torah, Abbreviations,.943",Which doeth wonderously in the land.
"Mishneh Torah, Abbreviations,.944",<l1>Fol. B 6 recto</l1> 22<sup>c</sup> That bringeth up man from the womb;
"Mishneh Torah, Abbreviations,.945",And maketh him according to his will.
"Mishneh Torah, Abbreviations,.946",23 May he give you wisdom of heart;
"Mishneh Torah, Abbreviations,.947",And may there be (?) peace among you.
"Mishneh Torah, Abbreviations,.948",(8) O give thanks unto him that maketh the horn of the house of David to bud;
"Mishneh Torah, Abbreviations,.949",For his mercy endureth for ever.
"Mishneh Torah, Abbreviations,.950",12<sup>c(9)</sup> O give thanks unto him that chose the sons of Zadok to be priests; <r1>Fol. B 7 recto</r1>
"Mishneh Torah, Abbreviations,.951",For his mercy endureth for ever.
"Mishneh Torah, Abbreviations,.952",<sup>(10)</sup> O give thanks unto the Shield of Abraham;
"Mishneh Torah, Abbreviations,.953",For his mercy endureth for ever.
"Mishneh Torah, Abbreviations,.954",<sup>(11)</sup> O give thanks unto the Rock of Isaac;
"Mishneh Torah, Abbreviations,.955",For his mercy endureth for ever.
"Mishneh Torah, Abbreviations,.956",<sup>(12)</sup> O give thanks unto the Mighty One of Jacob;
"Mishneh Torah, Abbreviations,.957",For his mercy endureth for ever.
"Mishneh Torah, Abbreviations,.958",<sup>(13)</sup> O give thanks unto him that chose Zion;
"Mishneh Torah, Abbreviations,.959",For his mercy endureth for ever.
"Mishneh Torah, Abbreviations,.960",<sup>(14)</sup> O give thanks unto the King of the kings of kings;
"Mishneh Torah, Abbreviations,.961",For his mercy endureth for ever.
"Mishneh Torah, Abbreviations,.962",<sup>(15)</sup> And he will lift up the horn of his people:
"Mishneh Torah, Abbreviations,.963",A praise for all his saints;
"Mishneh Torah, Abbreviations,.964","Even for the children of Israel, a people near unto him."
"Mishneh Torah, Abbreviations,.965",Praise ye the Lord.
"Mishneh Torah, Abbreviations,.966",13 I was a youth;
"Mishneh Torah, Abbreviations,.967","And I delighted in her, and sought her."
"Mishneh Torah, Abbreviations,.968",13<sup>(1)</sup> My foot trod in her truth;
"Mishneh Torah, Abbreviations,.969","O my Lord, from my youth I learned wisdom."
"Mishneh Torah, Abbreviations,.970",5<sup>b</sup> And the arrows of a deceitful tongue.
"Mishneh Torah, Abbreviations,.971",<l1>Fol. B 6 verso</l1> 6 And my soul drew near unto death;
"Mishneh Torah, Abbreviations,.972",And my life to Sheol beneath.
"Mishneh Torah, Abbreviations,.973","7<sup>c</sup> And I turned around, and there was none that helped me;"
"Mishneh Torah, Abbreviations,.974","And I looked for one that would succour, and there was none."
"Mishneh Torah, Abbreviations,.975",8<sup>a</sup> And I remembered the mercies of the Lord;
"Mishneh Torah, Abbreviations,.976",And his lovingkindnesses which are from everlasting.
"Mishneh Torah, Abbreviations,.977",8<sup>c</sup> He that delivereth them that trust in him;
"Mishneh Torah, Abbreviations,.978",And redeemeth them from all evil.
"Mishneh Torah, Abbreviations,.979",9 And I lifted up my voice from the earth;
"Mishneh Torah, Abbreviations,.980",And from the gates of Sheol I cried.
"Mishneh Torah, Abbreviations,.981","10<sup>a</sup> And I exalted the Lord, <i>saying</i>, Thou art my Father;"
"Mishneh Torah, Abbreviations,.982",10<sup>a(1)</sup> For thou art the mighty one of my salvation.
"Mishneh Torah, Abbreviations,.983",10<sup>b</sup> Leave me not in the day of trouble;
"Mishneh Torah, Abbreviations,.984",In the day of wasteness and desolation.
"Mishneh Torah, Abbreviations,.985",11<sup>a</sup> I will praise thy name continually;
"Mishneh Torah, Abbreviations,.986",And I will remember thee with prayer.
"Mishneh Torah, Abbreviations,.987",11<sup>c</sup> Then the Lord heard my voice;
"Mishneh Torah, Abbreviations,.988",11<sup>c(1)</sup> And gave ear unto my supplication.
"Mishneh Torah, Abbreviations,.989",12<sup>a</sup> And he ransomed me from all evil;
"Mishneh Torah, Abbreviations,.990",And freed me in the day of trouble.
"Mishneh Torah, Abbreviations,.991","12<sup>c</sup> Therefore I gave thanks, and I will sing praise;"
"Mishneh Torah, Abbreviations,.992",And I will bless the name of the Lord.
"Mishneh Torah, Abbreviations,.993","12<sup>c(1)</sup> O give thanks unto the Lord, for he is good;"
"Mishneh Torah, Abbreviations,.994",For his mercy endureth for ever.
"Mishneh Torah, Abbreviations,.995",<sup>(2)</sup> O give thanks unto the God of praises;
"Mishneh Torah, Abbreviations,.996",For his mercy endureth for ever.
"Mishneh Torah, Abbreviations,.997",<sup>(3)</sup> O give thanks unto him that keepeth Israel;
"Mishneh Torah, Abbreviations,.998",For his mercy endureth for ever.
"Mishneh Torah, Abbreviations,.999",<sup>(4)</sup> O give thanks unto him that formeth all;
"Mishneh Torah, Abbreviations,.1000",For his mercy endureth for ever.
"Mishneh Torah, Abbreviations,.1001",<sup>(5)</sup> O give thanks unto him that redeemeth Israel;
"Mishneh Torah, Abbreviations,.1002",For his mercy endureth for ever.
"Mishneh Torah, Abbreviations,.1003",<sup>(6)</sup> O give thanks unto him that gathereth the outcasts of Israel;
"Mishneh Torah, Abbreviations,.1004",For his mercy endureth for ever.
"Mishneh Torah, Abbreviations,.1005",<sup>(7)</sup> O give thanks unto him that buildeth his city and his sanctuary;
"Mishneh Torah, Abbreviations,.1006",For his mercy endureth for ever.
"Mishneh Torah, Abbreviations,.1007","28 Hear, ye many (?), my teaching in my youth;"
"Mishneh Torah, Abbreviations,.1008",And ye shall get silver and gold by me.
"Mishneh Torah, Abbreviations,.1009",29 My soul shall rejoice in my age (<i>or</i> his praise);
"Mishneh Torah, Abbreviations,.1010",And ye shall not be ashamed of my song.
"Mishneh Torah, Abbreviations,.1011",30 Work your works in righteousness;
"Mishneh Torah, Abbreviations,.1012",And he shall give you your reward in his season.
"Mishneh Torah, Abbreviations,.1013",30<sup>(1)</sup> Blessed is the Lord for ever;
"Mishneh Torah, Abbreviations,.1014",And praised be his name to generation and generation.
"Mishneh Torah, Abbreviations,.1015","30<sup>(2)</sup> Hitherto are the words of Simon, son of Jesus, who is called Ben Sira."
"Mishneh Torah, Abbreviations,.1016","30<sup>(3)</sup> The Wisdom of Simon, son of Jesus, son of Eleazar, son of Sira."
"Mishneh Torah, Abbreviations,.1017",30<sup>(4)</sup> Be the name of the Lord blessed henceforth and for ever.
"Mishneh Torah, Abbreviations,.1018",14<sup>a</sup> And I prayed a prayer in my youth;
"Mishneh Torah, Abbreviations,.1019",16<sup>b</sup> And I found knowledge abundantly.
"Mishneh Torah, Abbreviations,.1020",17 Her yoke (?) was a glory to me;
"Mishneh Torah, Abbreviations,.1021",And to my teacher will I give thanks.
"Mishneh Torah, Abbreviations,.1022",18 I thought to benefit;
"Mishneh Torah, Abbreviations,.1023",And I would not turn when I found it (?).
"Mishneh Torah, Abbreviations,.1024",18<sup>b(1)</sup> My soul longed for her;
"Mishneh Torah, Abbreviations,.1025",And I would not turn my face from her.
"Mishneh Torah, Abbreviations,.1026",20<sup>a</sup> I gave my soul after her;
"Mishneh Torah, Abbreviations,.1027",20<sup>a(1)</sup> And for ever and ever I will not swerve…
"Mishneh Torah, Abbreviations,.1028",20<sup>a(2)</sup> My hand opened her gates;
"Mishneh Torah, Abbreviations,.1029","And I looked for her (?), and beheld her (S);"
"Mishneh Torah, Abbreviations,.1030",20<sup>bcd</sup> And in pureness I found her.
"Mishneh Torah, Abbreviations,.1031",And I gat me (?) understanding from her beginning;
"Mishneh Torah, Abbreviations,.1032",Therefore........
"Mishneh Torah, Abbreviations,.1033","<l1>Fol. B 7 verso</l1> 21 My inward parts were hot (?) as an oven for her, to behold her;"
"Mishneh Torah, Abbreviations,.1034",Therefore I possessed her as a good possession.
"Mishneh Torah, Abbreviations,.1035",22 The Lord gave me the reward of my lips;
"Mishneh Torah, Abbreviations,.1036",And with my tongue will I give him thanks.
"Mishneh Torah, Abbreviations,.1037","23 Turn unto me, O foolish ones;"
"Mishneh Torah, Abbreviations,.1038",And lodge in my house of learning.
"Mishneh Torah, Abbreviations,.1039","24 How long shall ye lack these things,"
"Mishneh Torah, Abbreviations,.1040",And your soul be very thirsty?
"Mishneh Torah, Abbreviations,.1041","25 I opened my mouth and spake of her,"
"Mishneh Torah, Abbreviations,.1042",Get ye wisdom in possession without money.
"Mishneh Torah, Abbreviations,.1043",26<sup>a</sup> And (?) bring your necks into her yoke;
"Mishneh Torah, Abbreviations,.1044",And let your soul take up her burden.
"Mishneh Torah, Abbreviations,.1045",26<sup>c</sup> She is nigh to them that seek her;
"Mishneh Torah, Abbreviations,.1046",And he that giveth his soul findeth her.
"Mishneh Torah, Abbreviations,.1047",27 See with your eyes that I was a little one;
"Mishneh Torah, Abbreviations,.1048",And I laboured (G S) in her and found her.
"Mishneh Torah, The Wisdom of Ben Sira,.1",<b>3.</b> 6 . . . . . . . . that honoureth his mother. <r1>Fol. A 1 recto</r1>
"Mishneh Torah, The Wisdom of Ben Sira,.2","8 My son, in word and in deed honour thy father;"
"Mishneh Torah, The Wisdom of Ben Sira,.3",That all blessings may overtake thee.
"Mishneh Torah, The Wisdom of Ben Sira,.4",9 The blessing of a father settleth the root;
"Mishneh Torah, The Wisdom of Ben Sira,.5",But the curse of a mother plucketh up the plant.
"Mishneh Torah, The Wisdom of Ben Sira,.6",10 Take not honour to thyself by the shame of thy father;
"Mishneh Torah, The Wisdom of Ben Sira,.7",For it is no honour unto thee.
"Mishneh Torah, The Wisdom of Ben Sira,.8",11 The honour of his father is a man's honour;
"Mishneh Torah, The Wisdom of Ben Sira,.9",And he that curseth his mother doth greatly sin.
"Mishneh Torah, The Wisdom of Ben Sira,.10","12 My son, be stedfast in honouring thy father;"
"Mishneh Torah, The Wisdom of Ben Sira,.11",And forsake him not all the days of thy life.
"Mishneh Torah, The Wisdom of Ben Sira,.12","13 Yea, and though his mind fail, bear with (<i>or</i> help) him;"
"Mishneh Torah, The Wisdom of Ben Sira,.13",And dishonour him not all the days of his life (H).
"Mishneh Torah, The Wisdom of Ben Sira,.14",14 Benefaction to a father shall not be blotted out;
"Mishneh Torah, The Wisdom of Ben Sira,.15",But it shall be planted instead of sin.
"Mishneh Torah, The Wisdom of Ben Sira,.16","15 In the day of affliction it shall be remembered unto thee,"
"Mishneh Torah, The Wisdom of Ben Sira,.17","As heat upon hoar frost, to do away thine iniquities."
