Ref,DH
Yad Ramah on Bava Batra 2a:1,השותפין שרצו לעשות מחיצה בחצר בונין 
Yad Ramah on Bava Batra 2a:4,מקום שנהגו לבנות גויל גזית כפסים 
Yad Ramah on Bava Batra 2a:7,לפיכך אם נפל הכותל המקום והאבנים 
Yad Ramah on Bava Batra 2a:12,וכן בגינה מקום שנהגו לגדור מחייבין 
Yad Ramah on Bava Batra 2a:13,ואם עשו מדעת שניהם בונין את 
Yad Ramah on Bava Batra 2a:14,גמרא והא דתנן שותפין שרצו לעשות 
Yad Ramah on Bava Batra 2b:4,באמצע פשיטא. אי אמרת בשלמא מאי 
Yad Ramah on Bava Batra 2b:6,תו והיזק ראיה לאו שמיה היזק 
Yad Ramah on Bava Batra 2b:8,"ת""ש כותל חצר שנפל מחייבין אותו "
Yad Ramah on Bava Batra 2b:9,"ת""ש אין חולקין את החצר עד "
Yad Ramah on Bava Batra 2b:10,"ת""ש החלונות מלמעלן ומלמטן ומכנגדן ד""א "
Yad Ramah on Bava Batra 3a:1,ואיכא דאמרי סברוה מאי מחיצה פלגותא. 
Yad Ramah on Bava Batra 3a:5,מיהא שמעינן דלא מהני קנין אלא 
Yad Ramah on Bava Batra 3a:8,והא דתנן מקום שנהגו לבנות גויל 
Yad Ramah on Bava Batra 3a:9,"אמר אביי ש""מ דלביני אראכי טפח "
Yad Ramah on Bava Batra 3a:10,והא דתנן בגזית זה נותן טפחיים 
Yad Ramah on Bava Batra 3b:1,"ובמקדש שני מ""ט לא עביד אמה "
Yad Ramah on Bava Batra 3b:2,איבעיא להו הן וסידן או הן 
Yad Ramah on Bava Batra 3b:3,"ת""ש הקורה שאמרו רחבה כדי לקבל "
Yad Ramah on Bava Batra 3b:4,אמר רב חסדא לא לסתור איניש 
Yad Ramah on Bava Batra 3b:6,הורדוס עבדא דבית חשמונאי הוה נתן 
Yad Ramah on Bava Batra 4a:1,אמר מאן דריש מקרב אחיך תשים 
Yad Ramah on Bava Batra 4a:2,אמר ליה אי הוה ידענא דהוה 
Yad Ramah on Bava Batra 4a:3,והא דתנן בונין כותל כמנהג המדינה 
Yad Ramah on Bava Batra 4a:4,לפיכך אם נפל הכותל המקום והאבנים 
Yad Ramah on Bava Batra 4a:5,והא דתנן וכן בגינה מקום שנהגו 
Yad Ramah on Bava Batra 4b:1,הרי אמרו אבל אם רצה כונס 
Yad Ramah on Bava Batra 4b:3,הוינא מאי ניהו חזית דעביד ליה. 
Yad Ramah on Bava Batra 4b:4,והא דתנן אם עשו מדעת שניהם 
Yad Ramah on Bava Batra 4b:6,ברם צריך את למידע דכי מהנייא 
Yad Ramah on Bava Batra 4b:13,המקיף את חבירו משלש רוחותיו גדר 
Yad Ramah on Bava Batra 4b:23,והא דתנן המקיף את חבירו משלש 
Yad Ramah on Bava Batra 5a:3,רוניא זבין ארעא אמצרא דרבינא סבר 
Yad Ramah on Bava Batra 5a:4,כותל חצר שנפל מחייבין אותו לבנותו 
Yad Ramah on Bava Batra 5b:1,אמר ריש לקיש הקובע זמן לחבירו 
Yad Ramah on Bava Batra 5b:2,תנן כותל חצר שנפל מחייבין אותו 
Yad Ramah on Bava Batra 5b:3,"ת""ש מארבע אמות ולמעלה אין מחייבין "
Yad Ramah on Bava Batra 5b:4,רב פפא ורב הונא בריה דרב 
Yad Ramah on Bava Batra 5b:9,איבעייא להו תבעו לאחר זמנו ואמר 
Yad Ramah on Bava Batra 6a:1,"ת""ש בחזקת שנתן עד שיביא ראיה "
Yad Ramah on Bava Batra 6a:2,"ת""ש בחזקת שלא נתן עד שיביא "
Yad Ramah on Bava Batra 6a:3,אמר ליה רב אחא (טבא) [סבא] 
Yad Ramah on Bava Batra 6a:4,"הרי אמרו מד""א ולמעלה אין מחייבין "
Yad Ramah on Bava Batra 6a:5,אמר רב נחמן בי כורי לא 
Yad Ramah on Bava Batra 6a:6,אמר רב נחמן אחזיק להורדי אחזיק 
Yad Ramah on Bava Batra 6b:1,אמר רב נחמן אמר רבה בר 
Yad Ramah on Bava Batra 6b:2,אמר רבינא האי כשורא דמטללתא עד 
Yad Ramah on Bava Batra 6b:7,אמר אביי שני בתים בשני צידי 
Yad Ramah on Bava Batra 6b:11,אמר מר זה עושה מעקה לחצי 
Yad Ramah on Bava Batra 6b:12,אמר רב נחמן אמר שמואל גג 
Yad Ramah on Bava Batra 6b:15,איתמר שתי חצרות זו למעלה מזו 
Yad Ramah on Bava Batra 6b:17,תניא כותיה דרב חסדא שתי חצרות 
Yad Ramah on Bava Batra 7a:1,הנהו בי תרי דהוו להו דירי 
Yad Ramah on Bava Batra 7a:2,ההוא גברא דהוה קא באני אשיתא 
Yad Ramah on Bava Batra 7a:3,הנהו בי תרי אחי דפליגו חד 
Yad Ramah on Bava Batra 7a:4,אמר ליה רבינא לרב אשי מאי 
Yad Ramah on Bava Batra 7a:5,מכלל דהכא גבי האי מעשה דהנהו 
Yad Ramah on Bava Batra 7b:1,ולימא ליה עד האידנא אספלידא והשתא 
Yad Ramah on Bava Batra 7b:2,דאמר רב נחמן אמר שמואל האחין 
Yad Ramah on Bava Batra 7b:8,ההוא שטרא דיתמי דנפק תברא עליה 
Yad Ramah on Bava Batra 7b:9,כופין אותו לבנות בית שער ודלת 
Yad Ramah on Bava Batra 7b:10,כמה יהא בעיר ויהא כאנשי העיר 
Yad Ramah on Bava Batra 7b:11,הרי אמרו כופין אותו לבנות בית 
Yad Ramah on Bava Batra 7b:12,"תניא רשב""ג אומר לא כל החצרות "
Yad Ramah on Bava Batra 7b:13,"תוספתא (בבא מציעא פי""א) מי שיש "
Yad Ramah on Bava Batra 7b:14,"תניא רשב""ג אומר לא כל העיירות "
Yad Ramah on Bava Batra 8a:1,רבי יהודה נשיאה רמא בנינא דשורא 
Yad Ramah on Bava Batra 8a:3,רב פפא רמא דכריא חדתא איתמי. 
Yad Ramah on Bava Batra 8a:4,אמר רב יהודה הכל לאגלי גפא. 
Yad Ramah on Bava Batra 8a:5,רבי פתח אוצרות בשני בצורת ואמר 
Yad Ramah on Bava Batra 8a:6,ההוא דמי כלילא דשדו אטבריא אתו 
Yad Ramah on Bava Batra 8a:8,הרי אמרו כמה יהא בעיר ויהא 
Yad Ramah on Bava Batra 8a:9,תניא המודר הנאה מבני העיר כל 
Yad Ramah on Bava Batra 8a:10,ולכל מילי מי בעינן שנים עשר 
Yad Ramah on Bava Batra 8a:11,"וא""ר אסי אמר רבי יוחנן הכל "
Yad Ramah on Bava Batra 8a:12,ואמר רב פפא לשורא ולפרשא ולטורזינא 
Yad Ramah on Bava Batra 8a:13,רבה רמא צדקה איתמי דבי בר 
Yad Ramah on Bava Batra 8b:1,איפרה הורמיז אימיה דשבור מלכא שדרה 
Yad Ramah on Bava Batra 8b:2,"ת""ר קופה נגבית בשנים ומתחלקת בשלשה "
Yad Ramah on Bava Batra 8b:5,תשלום ברייתא ורשאין בני העיר להתנות 
Yad Ramah on Bava Batra 8b:6,אמר מר אין עושין שררה על 
Yad Ramah on Bava Batra 8b:7,מאי שררותא אמר רב נחמן אמר 
Yad Ramah on Bava Batra 8b:8,והמשכילים יזהירו כזוהר הרקיע זה דיין 
Yad Ramah on Bava Batra 8b:9,במתניתא תאנא והמשכילים יזהירו כזוהר הרקיע 
Yad Ramah on Bava Batra 8b:10,"ת""ר גבאי צדקה אין רשאין לפרוש "
Yad Ramah on Bava Batra 8b:12,"ת""ר גבאי צדקה שיש להן מעות "
Yad Ramah on Bava Batra 8b:13,"ת""ר מעות של צדקה אין מונין "
Yad Ramah on Bava Batra 8b:14,אמר אביי מריש לא הוה יתיב 
Yad Ramah on Bava Batra 9a:1,ואמר אביי מריש הוה עבד מר 
Yad Ramah on Bava Batra 9a:4,הנהו טבחי דאתנו בהדי הדדי דכל 
Yad Ramah on Bava Batra 9a:5,"ת""ר אין מחשבין בצדקה עם גבאי "
Yad Ramah on Bava Batra 9a:6,"א""ר אלעזר אע""פ שיש לו לאדם "
Yad Ramah on Bava Batra 9a:7,אמר רב הונא בודקין למזונות ואין 
Yad Ramah on Bava Batra 9a:9,תנן התם אין פוחתין לעני העובר 
Yad Ramah on Bava Batra 9a:10,תנא אם היה עני המחזר על 
Yad Ramah on Bava Batra 9a:11,אמר רב אסי לעולם אל ימנע 
Yad Ramah on Bava Batra 9a:12,אמר רב אסי שקולה צדקה כנגד 
Yad Ramah on Bava Batra 9a:13,אמר רבי אלעזר גדול המעשה את 
Yad Ramah on Bava Batra 9b:1,בעא מיניה רב אחדבוי בר אמי 
Yad Ramah on Bava Batra 9b:3,"הדר א""ל אלא מעתה שרץ דמטמא "
Yad Ramah on Bava Batra 9b:4,הוה קא מהדר ליה בבדיחותא חלש 
Yad Ramah on Bava Batra 9b:5,ודאתן עלה מיהת מניין למצורע שמטמא 
Yad Ramah on Bava Batra 9b:6,"א""ר אלעזר גדול העושה צדקה בסתר "
Yad Ramah on Bava Batra 9b:7,"וא""ר יצחק כל דיין שנוטל שוחד "
Yad Ramah on Bava Batra 9b:8,"וא""ר יצחק כל הנותן פרוטה לעני "
Yad Ramah on Bava Batra 9b:9,"וא""ר יצחק מאי דכתיב רודף צדקה "
Yad Ramah on Bava Batra 10a:1,תניא היה רבי מאיר אומר יש 
Yad Ramah on Bava Batra 10a:2,דרש רבי יאודה בר שלום כשם 
Yad Ramah on Bava Batra 10a:3,תניא רבי יהושע בן קרחה אומר 
Yad Ramah on Bava Batra 10a:4,"תניא א""ר אלעזר בר יוסי כל "
Yad Ramah on Bava Batra 10a:5,תניא ר' יהודה אומר גדולה צדקה 
Yad Ramah on Bava Batra 10a:6,דרש רבי דוסתאי בר נתן הנותן 
Yad Ramah on Bava Batra 10a:7,מאי אשבעה בהקיץ תמונתך אמר רב 
Yad Ramah on Bava Batra 10b:1,"א""ר חייא בר אבא רבי יוחנן "
Yad Ramah on Bava Batra 10b:2,אמר רבי אבהו שאלו את שלמה 
Yad Ramah on Bava Batra 10b:3,ואמר רבי אבהו שאלו את שלמה 
Yad Ramah on Bava Batra 10b:4,"תניא אמר להם ריב""ז לתלמידיו בני "
Yad Ramah on Bava Batra 10b:5,נענה רבן גמליאל ואמר צדקה תרומם 
Yad Ramah on Bava Batra 11a:1,איפרא הורמיז שדרה ארבע מאה ארנקי 
Yad Ramah on Bava Batra 11a:3,"ת""ר מעשה בבנימין הצדיק שהיה ממונה "
Yad Ramah on Bava Batra 11a:4,"ת""ר מעשה במונבז המלך שבזבז אוצרותיו "
Yad Ramah on Bava Batra 11a:5,"הא דתניא רשב""ג אומר אם קנה "
Yad Ramah on Bava Batra 11a:6,אין חולקין את החצר עד שיהא 
Yad Ramah on Bava Batra 11a:7,ולא את השדה עד שיהא בה 
Yad Ramah on Bava Batra 11a:8,ולא את הגינה עד שיהא בה 
Yad Ramah on Bava Batra 11a:9,ולא את הטרקלין ולא את המורן 
Yad Ramah on Bava Batra 11a:10,אימתי בזמן שאין שניהם רוצים אבל 
Yad Ramah on Bava Batra 11a:12,הרי אמרו אין חולקין את החצר 
Yad Ramah on Bava Batra 11a:33,אמר רב הונא חצר לפי פתחיה 
Yad Ramah on Bava Batra 11b:1,אמר אמימר האי פירא דסופלי יש 
Yad Ramah on Bava Batra 11b:2,אמר רב הונא אכסדרא אין לה 
Yad Ramah on Bava Batra 11b:6,"ת""ר בית שער אכסדרה ומרפסת יש "
Yad Ramah on Bava Batra 11b:7,בעא מיניה ר' יוחנן מר' ינאי 
Yad Ramah on Bava Batra 11b:8,בעא מיניה רבא מרב נחמן בית 
Yad Ramah on Bava Batra 11b:16,בעא מיניה רב הונא מר' אמי 
Yad Ramah on Bava Batra 11b:19,אמר רב הונא אחד מבני מבוי 
Yad Ramah on Bava Batra 12a:1,הרי אמרו היה סתום ובקש לפתחו 
Yad Ramah on Bava Batra 12a:20,וסופא דקתני בית סתום אינו מטמא 
Yad Ramah on Bava Batra 12a:21,"אמר רבה בר בר חנה א""ר "
Yad Ramah on Bava Batra 12a:22,אמר רב ענן אמר שמואל מבואות 
Yad Ramah on Bava Batra 12a:24,והא דתנן ולא את השדה עד 
Yad Ramah on Bava Batra 12a:25,בבבל מאי. וקא מיבעיא ליה משום 
Yad Ramah on Bava Batra 12a:26,דולא בארץ ישראל תנן ולא את 
Yad Ramah on Bava Batra 12a:27,פרדיסא אמר אבוה דשמואל שלשת קבין 
Yad Ramah on Bava Batra 12a:28,"וש""מ ד[ה]אומר לחבירו מנת בכרם אני "
Yad Ramah on Bava Batra 12b:1,"א""ר אבדימי דמן חיפה מיום שחרב "
Yad Ramah on Bava Batra 12b:2,אמר רבי יוחנן מיום שחרב בית 
Yad Ramah on Bava Batra 12b:3,אמר רב דימי דמן חיפא קודם 
Yad Ramah on Bava Batra 12b:4,פשיטא חלק בכור חלק פשוט יהבינן 
Yad Ramah on Bava Batra 12b:34,ההוא דזבן ארעא אמצרא דבי נשייה. 
Yad Ramah on Bava Batra 12b:38,חדא אהאי נגרא וחדא אהאי נגרא 
Yad Ramah on Bava Batra 12b:48,תרוייהו אחד נגרא אמר רב יוסף 
Yad Ramah on Bava Batra 13a:1,חד גיסא ניגרא וחד גיסא נהרא 
Yad Ramah on Bava Batra 13a:16,כללא דנקיטינן מהני שמעתא בחלוקת קרקע 
Yad Ramah on Bava Batra 13a:39,הרי אמרו ולא את הטרקלין ולא 
Yad Ramah on Bava Batra 13a:41,ומאי שנא מהיכא דלא שוו חולקי 
Yad Ramah on Bava Batra 13a:44,"ואע""ג דהאי פירוקא לרב נחמן הוא "
Yad Ramah on Bava Batra 13a:48,תנן מי שחציו עבד וחציו בן 
Yad Ramah on Bava Batra 13b:1,"ת""ש שני אחין אחד עני ואחד "
Yad Ramah on Bava Batra 13b:4,"ת""ש זה הכלל כל שאלו יחלק "
Yad Ramah on Bava Batra 13b:8,וסברינן למימר גוד או אגוד תנאי 
Yad Ramah on Bava Batra 13b:9,אמר ליה אביי לרב יוסף הא 
Yad Ramah on Bava Batra 13b:11,אמר אמימר הלכתא אית דינא דגוד 
Yad Ramah on Bava Batra 13b:16,כללא דנקטינן מהני שמעתתא בדין חלוקה 
Yad Ramah on Bava Batra 13b:70,"ת""ר מדבק אדם תורה נביאים וכתובים "
Yad Ramah on Bava Batra 14a:1,"ת""ר הרוצה לדבק נביאים וכתובים מדבק "
Yad Ramah on Bava Batra 14a:2,ורמינהי תחלת הספר וסופו כדי לגול 
Yad Ramah on Bava Batra 14a:4,"ת""ר אין עושין ספר תורה לא "
Yad Ramah on Bava Batra 14a:5,שאלו את רבי שיעור ספר תורה 
Yad Ramah on Bava Batra 14a:6,רב הונא כתב שבעין ספרי דאורייתא 
Yad Ramah on Bava Batra 14a:7,"אמ""ל רבנן לרב המנונא כתב ר' "
Yad Ramah on Bava Batra 14b:1,מיתיבי ארון שעשה משה אמתים וחצי 
Yad Ramah on Bava Batra 14b:2,"מדרבי מאיר אי ס""ד ספר תורה "
Yad Ramah on Bava Batra 14b:6,"ור' יהודה מקמי דליתי ארגז ס""ת "
Yad Ramah on Bava Batra 14b:7,מאי דכתיב אשר נקרא שם שם 
Yad Ramah on Bava Batra 14b:8,ור' מאיר שברי הלוחות דהיו מונחין 
Yad Ramah on Bava Batra 14b:9,"ת""ר סדרן של נביאים יהושע ושופטים "
Yad Ramah on Bava Batra 15a:1,"ת""ר סדרן של כתובים רות תלים "
Yad Ramah on Bava Batra 15a:2,אמר מר יהושע כתב ספרו ושמונה 
Yad Ramah on Bava Batra 15a:3,אמר מר יהושע כתב ספרו והא 
Yad Ramah on Bava Batra 15a:4,כמאן אזלא הא דאמר רב יהושע 
Yad Ramah on Bava Batra 15a:5,אמר מר שמואל כתב ספרו והא 
Yad Ramah on Bava Batra 15a:6,אמר מר על ידי עשרה זקנים 
Yad Ramah on Bava Batra 15a:7,אמר מר משה כתב ספרו וס' 
Yad Ramah on Bava Batra 15b:1,תניא שבעה נביאים נתנבאו להם לאומות 
Yad Ramah on Bava Batra 16a:1,מאי דכתיב ארץ נתנה ביד רשע 
Yad Ramah on Bava Batra 16a:2,על דעתך כי לא ארשע ואין 
Yad Ramah on Bava Batra 16a:3,דרש רבא מאי דכתיב ברכת אובד 
Yad Ramah on Bava Batra 16a:4,ולב אלמנה ארנין דכל היכא דהויא 
Yad Ramah on Bava Batra 16b:1,כי לא דברתם אלי נכונה כעבדי 
Yad Ramah on Bava Batra 16b:2,ויזד יעקב נזיד תאנא אותו היום 
Yad Ramah on Bava Batra 17a:1,לא יחפור אדם בור סמוך לבורו 
Yad Ramah on Bava Batra 17a:2,מרחיקין את הגפת ואת הזבל ואת 
Yad Ramah on Bava Batra 17a:3,מרחיקין את הזרעים ואת המחרישה ואת 
Yad Ramah on Bava Batra 17a:4,מרחיקין את הרחים שלשה מן השכב 
Yad Ramah on Bava Batra 17b:1,והא דתנן לא יחפור אדם בור 
Yad Ramah on Bava Batra 17b:6,איתמר הבא לסמוך בצד המצר כלומר 
Yad Ramah on Bava Batra 18a:1,והא דתנן מרחיקין את הגפת ואת 
Yad Ramah on Bava Batra 18a:2,"ת""ש לא יפתח אדם חנות של "
Yad Ramah on Bava Batra 18a:3,"ת""ש מרחיקין את האילן מן הבור "
Yad Ramah on Bava Batra 18a:5,"ת""ש לא יטע אדם אילן סמוך "
Yad Ramah on Bava Batra 18b:1,"ת""ש מרחיקין את המשרה מן הירק "
Yad Ramah on Bava Batra 19a:11,הרי אמרו ולא נברכת הכובסין אלא 
Yad Ramah on Bava Batra 19a:12,איבעיא להו וסד בסיד תנן או 
Yad Ramah on Bava Batra 19a:13,והא דתניא רבי יהודה אומר סלע 
Yad Ramah on Bava Batra 19a:14,תנן התם במה טומנין ובמה אין 
Yad Ramah on Bava Batra 19a:15,והא דתנן מרחיקין את הזרעים ואת 
Yad Ramah on Bava Batra 19b:1,למימרא דזרעים לצדדים קא משתרשי והא 
Yad Ramah on Bava Batra 19b:2,תניא לא ישתין אדם בצד כותלו 
Yad Ramah on Bava Batra 19b:3,אמר רב טובי בר קיסנא אמר 
Yad Ramah on Bava Batra 19b:6,מיתיבי קופה מליאה תבן וחבית מליאה 
Yad Ramah on Bava Batra 20a:4,מיתיבי עשבין שתלשן והניחן בחלון או 
Yad Ramah on Bava Batra 20b:4,אמר רב בכל עושין מחיצה חוץ 
Yad Ramah on Bava Batra 20b:6,הרי אמרו מרחיקין את הריחים שלשה 
Yad Ramah on Bava Batra 20b:7,הרי אמרו ואת התנור שלשה מן 
Yad Ramah on Bava Batra 20b:8,לא יעמיד אדם תנור בתוך הבית 
Yad Ramah on Bava Batra 20b:10,לא יפתח אדם חנות של נחתומין 
Yad Ramah on Bava Batra 20b:14,הרי אמרו היה מעמידו בעליה צריך 
Yad Ramah on Bava Batra 20b:15,הרי אמרו לא יעשה אדם רפת 
Yad Ramah on Bava Batra 20b:21,והא דתנן באמת ביין התירו אבל 
Yad Ramah on Bava Batra 20b:22,חנות שבחצר יכול למחות בידו ולומר 
Yad Ramah on Bava Batra 21a:1,והא דתנן חנות שבחצר יכול למחות 
Yad Ramah on Bava Batra 21a:3,דאמר רב יהודה אמר רב ברם 
Yad Ramah on Bava Batra 21a:4,אמר ליה רב לרב שמואל בר 
Yad Ramah on Bava Batra 21a:5,והא דתניא אחד מבני חצר שביקש 
Yad Ramah on Bava Batra 21a:6,וכן הא דתניא מי שיש לו 
Yad Ramah on Bava Batra 21a:11,אמר רבא מתקנת יהושע בן גמלא 
Yad Ramah on Bava Batra 21a:12,ואמר רבא סך מקריי דרדקי עשרין 
Yad Ramah on Bava Batra 21a:13,ואמר רבא האי מקרי ינוקי דגריס 
Yad Ramah on Bava Batra 21a:14,ואמר רבא הני תרי מקרי דרדקי 
Yad Ramah on Bava Batra 21b:1,כי ששת חדשים ישב שם וכל 
Yad Ramah on Bava Batra 21b:2,ואמר רבא מיקרי ינוקי ושתלא וטבחא 
Yad Ramah on Bava Batra 21b:3,והא דאמר רב הונא האי בר 
Yad Ramah on Bava Batra 21b:4,לימא מסייעא ליה מרחיקין מצודת הדג 
Yad Ramah on Bava Batra 21b:5,מיתיבי עושה אדם חנות בצד חנותו 
Yad Ramah on Bava Batra 22a:1,"א""ר יוסף ומודי רב הונא במקרי "
Yad Ramah on Bava Batra 22a:2,אמר רב נחמן בר יצחק ומודה 
Yad Ramah on Bava Batra 22a:3,הנהו דיקולאי מוכרי קדירות דאייתו דיקולי 
Yad Ramah on Bava Batra 22a:4,הנהו עמרויי דאייתו עמרא לפום נהרא 
Yad Ramah on Bava Batra 22a:5,נקטינן השתא מהני עובדי דאית להו 
Yad Ramah on Bava Batra 22a:7,רב דימי מנהרדעא אייתי גרוגרות בספינה 
Yad Ramah on Bava Batra 22a:9,"החלונות מלמעלן ומלמטן ומכנגדן ד""א. כלומר "
Yad Ramah on Bava Batra 22b:1,והא דתנן מי שהיה כותלו סמוך 
Yad Ramah on Bava Batra 22b:2,אמר רב לא שנו אלא כותל 
Yad Ramah on Bava Batra 22b:3,תנן החלונות בין מלמעלן בין מלמטן 
Yad Ramah on Bava Batra 22b:8,מיהא שמעינן דכל היכא דסמיך מן 
Yad Ramah on Bava Batra 22b:9,מרחיקין את הסולם מן השובך ארבע 
Yad Ramah on Bava Batra 22b:10,והא דתנן ואת הכותל מן המזחילה 
Yad Ramah on Bava Batra 22b:11,והא דתנן מרחיקין את הסולם מן 
Yad Ramah on Bava Batra 23a:1,רב יוסף הוו ליה הנהו תאלי 
Yad Ramah on Bava Batra 23a:3,מרחיקין את השובך מן העיר חמשים 
Yad Ramah on Bava Batra 23a:4,והא דתנן מרחיקין את השובך מן 
Yad Ramah on Bava Batra 23a:5,ומישט שלשים ריס ותו לא והא 
Yad Ramah on Bava Batra 23a:6,הרי אמרו מרחיקין את השובך מן 
Yad Ramah on Bava Batra 23a:17,הרי אמרו ואם לקחו אפי' בית 
Yad Ramah on Bava Batra 23b:1,ניפול הנמצא בתוך חמשים אמה הרי 
Yad Ramah on Bava Batra 23b:2,הרי אמרו ניפול הנמצא בין שני 
Yad Ramah on Bava Batra 23b:3,מתיב ר' זירא והיה העיר הקרובה 
Yad Ramah on Bava Batra 23b:4,והא דתנן ניפול הנמצא בתוך חמשים 
Yad Ramah on Bava Batra 24a:3,אמר אביי אף אנן נמי תנינא 
Yad Ramah on Bava Batra 24a:4,תאני ר' חייא דם הנמצא בפרוזדור 
Yad Ramah on Bava Batra 24a:5,"אמר רבא ש""מ מדרבי חייא תלת "
Yad Ramah on Bava Batra 24a:6,איתמר חבית של יין שצפה בנהר 
Yad Ramah on Bava Batra 24a:7,שמעינן נמי מיהא דהלכתא כרבי חנינא 
Yad Ramah on Bava Batra 24a:8,ההוא חצבא דחמרא דאשתכח בפרדיסא דערלה 
Yad Ramah on Bava Batra 24b:1,הנהו זיקי חמרא דאשתכח בי קופאי 
Yad Ramah on Bava Batra 24b:2,מרחיקין את האילן מן העיר עשרים 
Yad Ramah on Bava Batra 24b:3,אם העיר קדמה קוצץ ואינו נותן 
Yad Ramah on Bava Batra 24b:4,הרי אמרו מרחיקין את האילן מן 
Yad Ramah on Bava Batra 24b:6,ומנא תימרא דשאני לן בין זרעים 
Yad Ramah on Bava Batra 24b:7,מאי שנא גבי בור דקתני לטעמייהו 
Yad Ramah on Bava Batra 24b:8,הרי אמרו אם האילן קדם לעיר 
Yad Ramah on Bava Batra 24b:9,מאי שנא גבי בור לטעמייהו דרבנן 
Yad Ramah on Bava Batra 24b:10,מרחיקין גורן קבוע מן העיר חמשים 
Yad Ramah on Bava Batra 25a:1,הרי אמרו מרחיקין גורן קבוע נ' 
Yad Ramah on Bava Batra 25a:2,אין עושין בורסקי אלא למזרח העיר 
Yad Ramah on Bava Batra 25a:4,מרחיקין את המשרה מן הירק ואת 
Yad Ramah on Bava Batra 25a:5,והא דתנן אין עושין בורסקי אלא 
Yad Ramah on Bava Batra 25a:6,ורבי הושעיא אומר שכינה בכל מקום 
Yad Ramah on Bava Batra 25b:1,"א""ר יצחק הרוצה שיחכים ידרים. כלומר "
Yad Ramah on Bava Batra 25b:2,הא דתני רבי יוסי מתיר בחרדל 
Yad Ramah on Bava Batra 25b:3,מרחיקין את האילן מן הבור עשרים 
Yad Ramah on Bava Batra 25b:7,והא דתנן מרחיקין את האילן מן 
Yad Ramah on Bava Batra 26a:1,פפי יוכנאה עני והעשיר הוה בנה 
Yad Ramah on Bava Batra 26a:2,דבי מריון בריה דרבין כי הוו 
Yad Ramah on Bava Batra 26a:12,"וש""מ דכותל המפסיק בין שני בתים "
Yad Ramah on Bava Batra 26a:13,לא יטע אדם אילן סמוך לשדה 
Yad Ramah on Bava Batra 26a:14,והא דתנן לא יטע אדם אילן 
Yad Ramah on Bava Batra 26a:15,רבא בר רב חנן הוו ליה 
Yad Ramah on Bava Batra 26b:1,רב פפא הוו ליה הנהו דיקלי 
Yad Ramah on Bava Batra 26b:3,הרי אמרו היה חופר בור שיח 
Yad Ramah on Bava Batra 26b:6,והא דאמר עולא אילן הסמוך למצר 
Yad Ramah on Bava Batra 27a:5,"ת""ש הקונה אילן וקרקעו מביא וקורא "
Yad Ramah on Bava Batra 27b:1,"ת""ש ר' עקיבא אומר קרקע כל "
Yad Ramah on Bava Batra 27b:2,"ת""ש אילן מקצתו בארץ ומקצתו חוצה "
Yad Ramah on Bava Batra 27b:4,"כי אתא רבין א""ר יוחנן אחד "
Yad Ramah on Bava Batra 27b:5,אילן שהוא נוטה לשדה חבירו קוצץ 
Yad Ramah on Bava Batra 27b:7,והא דתנן אבא שאול אומר כל 
Yad Ramah on Bava Batra 27b:8,אילן שהוא נוטה לרשות הרבים קוצץ 
Yad Ramah on Bava Batra 27b:9,"הרי אמרו אילן הנוטה לרה""ר קוצץ "
Yad Ramah on Bava Batra 27b:10,"והא דתנן אילן הנוטה לרה""ר קוצץ "
Yad Ramah on Bava Batra 27b:11,והא דתנן ר' שמעון אומר כל 
Yad Ramah on Bava Batra 28a:1,חזקת הבתים והבורות והשיחין והמערות והמרחצאות 
Yad Ramah on Bava Batra 28a:6,רבי ישמעאל אומר שלשה חדשים בראשונה 
Yad Ramah on Bava Batra 28b:1,אמר ר' יוחנן שמעתי מהולכי אושא 
Yad Ramah on Bava Batra 28b:2,ולרבי מאיר דאמר ריחק נגיחותיו לג' 
Yad Ramah on Bava Batra 28b:5,תו אכל תלתא פירי בתלתא ירחי 
Yad Ramah on Bava Batra 28b:6,לרבנן מאי. כלומר לרבנן דבעו שלש 
Yad Ramah on Bava Batra 29a:2,אמר רב הונא שלש שנים שאמרו 
Yad Ramah on Bava Batra 29a:4,תנן חזקת הבתים והא בתים דביממא 
Yad Ramah on Bava Batra 29a:9,אמר מר זוטרא אי טעין ואמר 
Yad Ramah on Bava Batra 29b:14,רמי בר חמא ורב עוקבא בר 
Yad Ramah on Bava Batra 29b:18,אמר רבא אכלה כולה חוץ מבית 
Yad Ramah on Bava Batra 29b:19,ההוא דאמר ליה לחבריה מאי בעית 
Yad Ramah on Bava Batra 30a:1,ורמי דרבא אדרבא ורמי דרב נחמן 
Yad Ramah on Bava Batra 30a:4,ההוא דאמר ליה לחבריה מאי בעית 
Yad Ramah on Bava Batra 30b:1,ההוא דאמר ליה לחבריה מאי בעית 
Yad Ramah on Bava Batra 30b:6,ההוא דאמר ליה לחבריה מאי בעית 
Yad Ramah on Bava Batra 30b:9,ההוא דאמר ליה לחבריה מאי בעית 
Yad Ramah on Bava Batra 30b:10,ההוא דאמר ליה לחבריה מאי בעית 
Yad Ramah on Bava Batra 31a:5,זה אומר של אבותי וזה אומר 
Yad Ramah on Bava Batra 31a:9,והאי דינא דהאי דאייתי סהדי דאבהתיה 
Yad Ramah on Bava Batra 31a:13,"הדר א""ל אין דאבהתך היא ומינך "
Yad Ramah on Bava Batra 31b:1,זה אומר של אבותי וזה אומר 
Yad Ramah on Bava Batra 31b:3,לימא בפלוגתא דרב הונא ורב חסדא 
Yad Ramah on Bava Batra 31b:5,הדר אייתי האיך סהדי דאבהתיה היא 
Yad Ramah on Bava Batra 31b:8,מתיב רבא ואיתימא ר' זירא שנים 
Yad Ramah on Bava Batra 32a:1,נפק רב נחמן עבד עובדא כשמעתיה 
Yad Ramah on Bava Batra 32b:1,ההוא דאמר ליה לחבריה מאי בעית 
Yad Ramah on Bava Batra 32b:2,ההוא דאמר ליה לחבריה הב לי 
Yad Ramah on Bava Batra 32b:3,ההוא ערבא דאמר ליה ללוה הב 
Yad Ramah on Bava Batra 32b:4,"וש""מ דשטר שנמחל שעבודו היכא דחזר "
Yad Ramah on Bava Batra 33a:1,רבה בר שרשו הוה איכא עליה 
Yad Ramah on Bava Batra 33a:9,והאי דאמר רבה בר שרשו אמינא 
Yad Ramah on Bava Batra 33b:1,קריביה דרב אידי בר אבין שכיב 
Yad Ramah on Bava Batra 33b:3,זה אומר של אבותי וזה אומר 
Yad Ramah on Bava Batra 33b:4,ההוא דאמר ליה לחבריה מאי בעית 
Yad Ramah on Bava Batra 34a:1,"ההוא דא""ל לחבריה מאי בעית בהאי "
Yad Ramah on Bava Batra 34b:1,ההיא ארבא דהוו קא מנצו עלה 
Yad Ramah on Bava Batra 34b:3,זה אומר של אבותי וזה אומר 
Yad Ramah on Bava Batra 35a:1,ומאי שנא משני שטרות היוצאין ביום 
Yad Ramah on Bava Batra 35b:1,ומאי שנא מיהא דתנן המחליף פרה 
Yad Ramah on Bava Batra 35b:2,אמרי נהרדעי אם בא אחד מן 
Yad Ramah on Bava Batra 35b:3,הרי אמרו חזקתן שלש שנים מיום 
Yad Ramah on Bava Batra 35b:5,ומדקתמהינן מי מתקני רבנן מילתא דאתי 
Yad Ramah on Bava Batra 35b:6,אמר רב יהודה אמר רב הבא 
Yad Ramah on Bava Batra 36a:2,"ואמר ר""י האי מאן דנקיט מגלא "
Yad Ramah on Bava Batra 36a:3,ואמר רב יהודה האי מאן דאחזיק 
Yad Ramah on Bava Batra 36a:4,ואמר רב יהודה אכלה ערלה הרי 
Yad Ramah on Bava Batra 36a:5,אמר רב יוסף אכלה שחת והיא 
Yad Ramah on Bava Batra 36a:6,אמר רב נחמן תפתיחא לא הוי 
Yad Ramah on Bava Batra 36a:7,דבי ריש גלותא לא מחזקי ולא 
Yad Ramah on Bava Batra 36a:8,והא דתנן והעבדים חזקתן שלש שנים 
Yad Ramah on Bava Batra 36a:12,אמר רבא קטן המוטל בעריסה כיון 
Yad Ramah on Bava Batra 36a:13,הנהו עיזי דאכלן חושלא בנהרדעא אתא 
Yad Ramah on Bava Batra 36b:1,והא דתנן רבי ישמעאל אומר שלשה 
Yad Ramah on Bava Batra 36b:2,"ת""ר ניר אינו חזקה ויש אומרים "
Yad Ramah on Bava Batra 36b:3,שלחו ליה בני פום נהרא לרב 
Yad Ramah on Bava Batra 36b:4,מאי בינייהו. כלומר מאי איכא בין 
Yad Ramah on Bava Batra 37a:1,"תנן א""ר ישמעאל בד""א בשדה הלבן "
Yad Ramah on Bava Batra 37a:5,זה החזיק באילנות וזה החזיק בקרקע 
Yad Ramah on Bava Batra 37b:1,פשיטא מכר קרקע ושייר אילנות לפניו 
Yad Ramah on Bava Batra 37b:3,מכר אילנות ושייר קרקע לפניו פלוגתא 
Yad Ramah on Bava Batra 37b:4,"וש""מ דכי פליגי רב זביד ורב "
Yad Ramah on Bava Batra 37b:5,אמרי נהרדעי אכלן רצופין אינה חזקה. 
Yad Ramah on Bava Batra 37b:6,והא דאמר רבא מכרן רצופין אין 
Yad Ramah on Bava Batra 38a:1,אמרי נהרדעי האי מאן דזבין ליה 
Yad Ramah on Bava Batra 38a:4,שלש ארצות לחזקה יהודה ועבר הירדן 
Yad Ramah on Bava Batra 38a:11,והא דתנן שלש ארצות לחזקה יאודה 
Yad Ramah on Bava Batra 38b:2,אמר רב ענן לדידי מיפרשא לי 
Yad Ramah on Bava Batra 38b:3,אמר רבא הלכתא אין מחזיקין בנכסי 
Yad Ramah on Bava Batra 38b:4,היכי דמיא מחאה אמר רב זביד 
Yad Ramah on Bava Batra 39a:1,אמר להו לא תימרו ליה לפלניא 
Yad Ramah on Bava Batra 39a:2,אמרו ליה לא אמרינן ליה לפלניא. 
Yad Ramah on Bava Batra 39a:3,אמר להו לא תיפוק לכו שותא. 
Yad Ramah on Bava Batra 39a:4,אמר[ו] ליה לא פלטא לן שותא. 
Yad Ramah on Bava Batra 39a:5,אמר רבא אמר רב נחמן מחאה 
Yad Ramah on Bava Batra 39b:1,מחאה בכמה רבי חייא בר אבא 
Yad Ramah on Bava Batra 39b:2,גידל בר מניומי הויא ליה ההיא 
Yad Ramah on Bava Batra 39b:6,תני בר קפרא ערער וחזר וערער 
Yad Ramah on Bava Batra 40a:1,אמר רבא אמר רב נחמן מחאה 
Yad Ramah on Bava Batra 40a:2,הודאה בפני שנים וצריך לומר כתובו 
Yad Ramah on Bava Batra 40a:5,"וש""מ דכל מעשה ב""ד א""צ לומר "
Yad Ramah on Bava Batra 40a:6,רבה ורב יוסף דאמרי תרויהו לא 
Yad Ramah on Bava Batra 40b:1,אמרי נהרדעי כל מודעא דלא כתיב 
Yad Ramah on Bava Batra 40b:2,אמר רב יהודה האי מתנתא טמירתא 
Yad Ramah on Bava Batra 40b:6,אמר רבא והויא מודעא לחברתה. כלומר 
Yad Ramah on Bava Batra 41a:1,איבעיא להו סתמא מאי. היכא דלא 
Yad Ramah on Bava Batra 41a:14,כל חזקה שאין עמה טענה אינה 
Yad Ramah on Bava Batra 41a:15,הרי אמרו כל חזקה שאין עמה 
Yad Ramah on Bava Batra 41a:16,רב ענן שקל בידקא בארעיה אזל 
Yad Ramah on Bava Batra 41a:21,והיכא דלא הוה ידע מארי ארעא 
Yad Ramah on Bava Batra 41b:1,רב כהנא שקל בידקא בארעיה אזל 
Yad Ramah on Bava Batra 41b:2,ההוא גברא דדר בקשתא בעיליתא ארבעין 
Yad Ramah on Bava Batra 41b:9,איבעיא להו נראה בו מאי אביי 
Yad Ramah on Bava Batra 41b:10,שלשה לקוחות מצטרפין. כלומר שאם אכלה 
Yad Ramah on Bava Batra 42a:1,למימרא דסבר רב שטר אית ליה 
Yad Ramah on Bava Batra 42a:2,ומי אמר רב הכי דהמוכר שדהו 
Yad Ramah on Bava Batra 42a:3,"ת""ר אכלה האב שנה והבן שתים "
Yad Ramah on Bava Batra 42a:4,למימרא דלוקח אית ליה קלא ורמינהו 
Yad Ramah on Bava Batra 42a:7,האומנין והאריסין והאפוטרופין אין להם חזקה 
Yad Ramah on Bava Batra 42a:10,"בד""א במחזיק אבל בנותן מתנה והאחין "
Yad Ramah on Bava Batra 42b:1,שמואל תני אומן אין לו חזקה 
Yad Ramah on Bava Batra 42b:2,ואזדא שמואל לטעמיה דאמר שמואל השותפין 
Yad Ramah on Bava Batra 42b:3,רמי ליה רבא לרב יהודה במערתא 
Yad Ramah on Bava Batra 42b:4,גופא אמר שמואל שותף כיורד ברשות 
Yad Ramah on Bava Batra 43a:1,הרי אמרו השותפין מעידין זה לזה 
Yad Ramah on Bava Batra 43a:9,וכי מסליק סהדא נפשיה מי מסתלק 
Yad Ramah on Bava Batra 43a:11,"ת""ש האומר תנו מנה לבני עירי "
Yad Ramah on Bava Batra 43a:12,"ת""ש האומר תנו מנה לעניי עירי "
Yad Ramah on Bava Batra 43b:1,הרי אמרו השותפין נעשין שומרי שכר 
Yad Ramah on Bava Batra 43b:2,"ת""ר מכר לו בית מכר לו "
Yad Ramah on Bava Batra 43b:3,ולמאי דסלקא דעתין מעיקרא דהאי אחריות 
Yad Ramah on Bava Batra 43b:5,שמעינן מיהא דמאן דאסהיד דהאי ארעא 
Yad Ramah on Bava Batra 44a:1,ודיקינן ולוקמה בגזלן. כלומר אי בגוזל 
Yad Ramah on Bava Batra 44a:5,תו וסופא נהי דמיאש מגופא מדמי 
Yad Ramah on Bava Batra 44a:8,ודיקינן ולוקמה ביורש. כלומר כיון דסוף 
Yad Ramah on Bava Batra 44b:1,ועוד קשיא ליה לאביי מפני שאחריותה 
Yad Ramah on Bava Batra 44b:2,דאמר רבא עשה עבדו אפותיקי לבעל 
Yad Ramah on Bava Batra 44b:3,וליחוש דילמא [אקני ליה מטלטלי אגב 
Yad Ramah on Bava Batra 44b:5,"וש""מ דמאן דלית ליה ארעא מדידיה "
Yad Ramah on Bava Batra 44b:8,"והאמר רב פפא אע""ג דאמור רבנן "
Yad Ramah on Bava Batra 44b:18,גופא אמר רבין בר שמואל משמיה 
Yad Ramah on Bava Batra 45a:6,מכריז רבא ואי תימא רב פפא 
Yad Ramah on Bava Batra 45b:1,והא דתנן אומן אין לו חזקה 
Yad Ramah on Bava Batra 45b:2,איתיביה אביי ראה עבדו ביד אומן 
Yad Ramah on Bava Batra 46a:1,מתיב רבא לסיועי לרבה הנותן טליתו 
Yad Ramah on Bava Batra 46a:3,מתיב רב נחמן בר יצחק אומן 
Yad Ramah on Bava Batra 46a:5,"ת""ר נתחלפו לו כלים בכלים בבית "
Yad Ramah on Bava Batra 46b:1,אמר ליה אביי לרבא תא אחוי 
Yad Ramah on Bava Batra 46b:4,הרי אמרו עריס אין לו חזקה 
Yad Ramah on Bava Batra 46b:5,אמר רב נחמן אריס שהוריד אריסין 
Yad Ramah on Bava Batra 46b:6,"ואגב אורחיך ש""מ דלית ליה רשותא "
Yad Ramah on Bava Batra 46b:7,"א""ר יוחנן אריס שחלק לאריסין אין "
Yad Ramah on Bava Batra 46b:8,שלח ליה רב נחמן בר רב 
Yad Ramah on Bava Batra 46b:10,ברם צריך את למידע לענין המוריד 
Yad Ramah on Bava Batra 46b:12,"ת""ר ערב מעיד ללוה והוא דאית "
Yad Ramah on Bava Batra 47a:1,<b>קבלן.</b> היכא דאמר ליה למלוה תן 
Yad Ramah on Bava Batra 47a:3,"א""ר יוחנן אומן אין לו חזקה "
Yad Ramah on Bava Batra 47a:8,היכי דמי גזלן דאין לו חזקה. 
Yad Ramah on Bava Batra 47b:1,"ת""ר אומן אין לו חזקה ירד "
Yad Ramah on Bava Batra 47b:2,אמר רב נחמן אמר לי הונא 
Yad Ramah on Bava Batra 47b:3,רב ביבי מסיים בה משמא דרב 
Yad Ramah on Bava Batra 47b:4,אמר רב הונא תלויה וזבין זביניה 
Yad Ramah on Bava Batra 48a:1,תניא יקריב אותו מלמד שכופין אותו 
Yad Ramah on Bava Batra 48a:2,מתיב רב יהודה גט המעושה בישראל 
Yad Ramah on Bava Batra 48a:3,מתיב רב המנונא לקח מסיקריקון וחזר 
Yad Ramah on Bava Batra 48b:1,אמר רבא הילכתא תלויה וזבין זביניה 
Yad Ramah on Bava Batra 49a:1,טאבי תלייה לפפי אכינרא וזבין חתם 
Yad Ramah on Bava Batra 49a:2,גופא אמר רב נחמן אמנה היו 
Yad Ramah on Bava Batra 49a:4,והא דתנן אין לאיש חזקה בנכסי 
Yad Ramah on Bava Batra 50a:1,הרי אמרו אין לאיש חזקה בנכסי 
Yad Ramah on Bava Batra 50a:2,והא אמר אמימר איש ואשה שמכרו 
Yad Ramah on Bava Batra 50a:4,ואיבעי תימא אמימר דאמר כר' אלעזר. 
Yad Ramah on Bava Batra 50b:1,והיכא איתמר דרבי אלעזר דתניא המוכר 
Yad Ramah on Bava Batra 50b:2,והדרינן לאתמוהי אמתני' ואין לאיש חזקה 
Yad Ramah on Bava Batra 50b:6,רב יוסף אמר לעולם באחר. כי 
Yad Ramah on Bava Batra 50b:8,ומדאצטריך לאוקומה כגון שאכלה מקצת חזקה 
Yad Ramah on Bava Batra 51a:1,גופא אמר רב אין מחזיקין בנכסי 
Yad Ramah on Bava Batra 51a:2,והא דתנן ולא לאשה חזקה בנכסי 
Yad Ramah on Bava Batra 51a:3,הרי אמרו אין לאשה חזקה בנכסי 
Yad Ramah on Bava Batra 51a:4,"א""ל רב נחמן לרב הונא לא "
Yad Ramah on Bava Batra 51a:6,מיתבי לוה מן העבד ושחררו מן 
Yad Ramah on Bava Batra 51b:1,אמר רבא הלכתא המוכר שדה לאשתו 
Yad Ramah on Bava Batra 52a:1,"ת""ר אין מקבלין פקדונות לא מן "
Yad Ramah on Bava Batra 52a:8,הרי אמרו קבל מן הקטן יעשה 
Yad Ramah on Bava Batra 52a:9,והא דתנן לא לאב חזקה בנכסי 
Yad Ramah on Bava Batra 52a:10,איתמר אחד מן האחין שהיה נושא 
Yad Ramah on Bava Batra 52b:1,אמר שמואל ומודי לי אבא שאם 
Yad Ramah on Bava Batra 52b:3,מיהו שמעינן מינה בשאר מילי לבר 
Yad Ramah on Bava Batra 52b:5,אמר רב חסדא לא שנו שעליו 
Yad Ramah on Bava Batra 52b:6,הרי אמרו בזמן שאין חלוקין בעיסתן 
Yad Ramah on Bava Batra 52b:9,"והא דתנן בד""א במחזיק אבל בנותן "
Yad Ramah on Bava Batra 53a:1,תני רב שרביא בקידושין דבי לוי 
Yad Ramah on Bava Batra 53a:2,בעי רב במתנה היאך. מי צריך 
Yad Ramah on Bava Batra 53a:3,והא דתנן נעל גדר פרץ כל 
Yad Ramah on Bava Batra 53a:6,"א""ר אסי אמר רבי יוחנן נתן "
Yad Ramah on Bava Batra 53b:1,"וא""ר אסי אמר רבי יוחנן שתי "
Yad Ramah on Bava Batra 53b:2,בעי רבי זירא החזיק באחת מהן 
Yad Ramah on Bava Batra 53b:3,בעי רבי אלעזר החזיק במצר לקנות 
Yad Ramah on Bava Batra 53b:4,אמר רב נחמן אמר רבה בר 
Yad Ramah on Bava Batra 53b:10,אמר רב נחמן אמר רבה בר 
Yad Ramah on Bava Batra 53b:11,אמר רב דימי בר יוסף אמר 
Yad Ramah on Bava Batra 53b:12,אמר רב עמרם הא מילתא אמר 
Yad Ramah on Bava Batra 54a:1,"א""ר ירמיה ביראה אמר רב יהודה "
Yad Ramah on Bava Batra 54a:2,אמר שמואל האי מאן דפשח דיקלא 
Yad Ramah on Bava Batra 54a:3,ואמר שמואל האי מאן דזאכי זוכיא 
Yad Ramah on Bava Batra 54a:4,ואמר שמואל האי מאן דתקיל תיקלא 
Yad Ramah on Bava Batra 54a:5,אמר שמואל האי מאן דפתח מיא 
Yad Ramah on Bava Batra 54a:6,ההיא איתתא דאכלה דיקלא בתפשיחא תריסר 
Yad Ramah on Bava Batra 54a:14,אמר רב הצר צורה בנכסי הגר 
Yad Ramah on Bava Batra 54b:1,שדה המסויימת במצרניה אמר רב כיון 
Yad Ramah on Bava Batra 54b:6,אמר רב יהודה אמר שמואל נכסי 
Yad Ramah on Bava Batra 54b:7,ולענין באגי דמטמרי מרואתייהו ולא יהבי 
Yad Ramah on Bava Batra 55a:1,רב הונא זבן ארעא מגוי ויהיב 
Yad Ramah on Bava Batra 55a:2,"וש""מ איתא לדרב דאמר (לעיל בבא "
Yad Ramah on Bava Batra 55a:3,שלח רב הונא בר אבין ישראל 
Yad Ramah on Bava Batra 55a:4,אמר רבא הני תלת מילי אשתעי 
Yad Ramah on Bava Batra 55a:9,אמר רב אשי אמר לי הונא 
Yad Ramah on Bava Batra 55a:10,ואמר רב אשי אמר לי הונא 
Yad Ramah on Bava Batra 55a:11,אמר רב אשי פרדכת מסייע מתא. 
Yad Ramah on Bava Batra 55a:12,אמר רבי אסי אמר רבי יוחנן 
Yad Ramah on Bava Batra 55b:1,לפיאה מאי היא דתנן ואלו מפסיקין 
Yad Ramah on Bava Batra 55b:2,לטומאה מאי היא דתנן הנכנס לבקעה 
Yad Ramah on Bava Batra 55b:3,הרי אמרו המצר והחצב מפסיקין בנכסי 
Yad Ramah on Bava Batra 55b:13,הרי אמרו המצר והחצב מפסיקין בנכסי 
Yad Ramah on Bava Batra 55b:14,"יתיב ר' אחא וקאמר משמיה דר""י "
Yad Ramah on Bava Batra 56b:2,שלשה אחין ואחד מצטרף עמהן הרי 
Yad Ramah on Bava Batra 56b:5,ואמר רב יהודה אמר שמואל כל 
Yad Ramah on Bava Batra 56b:6,מתניתין דקתני שנים בראשונה שנים בשנייה 
Yad Ramah on Bava Batra 56b:7,ורבנן האי דבר ולא חצי דבר 
Yad Ramah on Bava Batra 56b:12,אמר רב יהודה אמר שמואל אחד 
Yad Ramah on Bava Batra 57a:1,ההוא שטרא דהוו חתימי עליה בתרי 
Yad Ramah on Bava Batra 57a:3,אלו דברים שיש להם חזקה ואלו 
Yad Ramah on Bava Batra 57a:4,והא דתנן היה מעמיד בהמתו בחצר 
Yad Ramah on Bava Batra 57b:20,ובהעמדה כדי לא קפדי והא תנן 
Yad Ramah on Bava Batra 57b:23,אמר רבי יוחנן משום רבי בנאה 
Yad Ramah on Bava Batra 57b:25,"ועוצם עיניו מראות ברע א""ר חייא "
Yad Ramah on Bava Batra 57b:26,בעא מיניה רבי יוחנן מרבי בנאה 
Yad Ramah on Bava Batra 57b:27,"שלחן של ת""ח כיצד שני שלישי "
Yad Ramah on Bava Batra 58a:2,מטה של תלמידי חכמים כיצד כל 
Yad Ramah on Bava Batra 58a:3,ההוא דאמר להו חביתא דארעא לחד 
Yad Ramah on Bava Batra 58a:4,ההוא דשמעה לדביתהו דקאמרה לברתה אמאי 
Yad Ramah on Bava Batra 58b:1,המרזב אין לו חזקה ויש למקומו 
Yad Ramah on Bava Batra 58b:2,סולם המצרי אין לו חזקה ולצורי 
Yad Ramah on Bava Batra 58b:5,והא דתנן המרזב אין לו חזקה 
Yad Ramah on Bava Batra 59a:1,תנן המזחילה יש לה חזקה בשלמא 
Yad Ramah on Bava Batra 59a:2,אמר רב יהודה אמר שמואל צינור 
Yad Ramah on Bava Batra 59a:3,הרי אמרו סולם מצרי אין לו 
Yad Ramah on Bava Batra 59a:4,הרי אמרו חלון המצרית אין לה 
Yad Ramah on Bava Batra 59a:16,הרי אמרו חלון המצרי אין לו 
Yad Ramah on Bava Batra 59b:1,הזיז עד טפח יש לו חזקה 
Yad Ramah on Bava Batra 59b:4,הרי אמרו אזיז (על) [עד] טפח 
Yad Ramah on Bava Batra 59b:5,הרי אמרו פחות מטפח אין לו 
Yad Ramah on Bava Batra 59b:6,שמעינן מינה לכולי עלמא דהאי אינו 
Yad Ramah on Bava Batra 59b:8,לא יפתח אדם חלונותיו לחצר השותפין 
Yad Ramah on Bava Batra 59b:9,והא דתנן לא יפתח אדם חלונותיו 
Yad Ramah on Bava Batra 59b:10,"ת""ר מעשה באחד שפתח חלונותיו לחצר "
Yad Ramah on Bava Batra 60a:1,אמר רב נחמן ולסתום לאלתר הוי 
Yad Ramah on Bava Batra 60a:4,והא דתנן לקח בית בחצר אחרת 
Yad Ramah on Bava Batra 60a:7,לא יפתח אדם לחצר השותפין פתח 
Yad Ramah on Bava Batra 60a:9,הרי אמרו לא יפתח אדם לחצר 
Yad Ramah on Bava Batra 60a:10,הרי אמרו היה לו פתח קטן 
Yad Ramah on Bava Batra 60a:12,הרי אמרו אחד לא יעשנו שנים 
Yad Ramah on Bava Batra 60a:16,הרי אמרו אבל פותח הוא לרשות 
Yad Ramah on Bava Batra 60a:17,"אין עושין חלל תחת רה""ר בורות "
Yad Ramah on Bava Batra 60a:18,"אין מוציאין זיזין וגזוזטראות לרה""ר אלא "
Yad Ramah on Bava Batra 60a:22,הרי אמרו אין עושין חלל תחת 
Yad Ramah on Bava Batra 60a:23,ומאן דאית ליה זיזא דמפקיה לרשות 
Yad Ramah on Bava Batra 60b:1,רבי ינאי הוה ליה ההוא אילן 
Yad Ramah on Bava Batra 60b:2,הרי אמרו אבל אם רצה כונס 
Yad Ramah on Bava Batra 60b:4,הרי אמרו לקח חצר ובה זיזין 
Yad Ramah on Bava Batra 60b:6,מיתיבי אין מסיידין ואין מכיירין ואין 
Yad Ramah on Bava Batra 60b:7,"ת""ר לא יסוד אדם את כל "
Yad Ramah on Bava Batra 60b:8,"ת""ר כשחרב בית המקדש רבו פרושין "
Yad Ramah on Bava Batra 60b:9,"תניא א""ר ישמעאל בן אלישע מיום "
Yad Ramah on Bava Batra 61a:1,המוכר את הבית לא מכר את 
Yad Ramah on Bava Batra 61a:3,הרי אמרו המוכר את הבית לא 
Yad Ramah on Bava Batra 61a:11,אמר מר זוטרא והוא דהוי ביה 
Yad Ramah on Bava Batra 61a:19,הרי אמרו המוכר את הבית לא 
Yad Ramah on Bava Batra 61b:5,אמר רב נחמן אמר רבה בר 
Yad Ramah on Bava Batra 61b:6,וצריכא דאי אשמועינן בית הוה אמינא 
Yad Ramah on Bava Batra 61b:7,כמאן אזלא הא דאמר רב מארי 
Yad Ramah on Bava Batra 62a:1,ההוא דאמר ליה לחבריה ארעא דבי 
Yad Ramah on Bava Batra 62a:9,מצר לו מצר אחד ארוך ומצר 
Yad Ramah on Bava Batra 62a:15,מצר ראובן מזרח ומערב ומצר שמעון 
Yad Ramah on Bava Batra 62b:1,איבעיא להו סיים את הקרנות מהו 
Yad Ramah on Bava Batra 62b:13,מצר לו מצר ראשון ומצר שני 
Yad Ramah on Bava Batra 62b:19,אמר רבה פלגא דאית לי בארעא 
Yad Ramah on Bava Batra 62b:20,ואמר רבה מצר ארעא דמינה פליגא 
Yad Ramah on Bava Batra 63a:2,פשיטא יחלוק פלוני בנכסי פלגא. דלישנא 
Yad Ramah on Bava Batra 63a:4,"ת""ר בן לוי [ש]מכר שדה לישראל "
Yad Ramah on Bava Batra 63a:5,והא דאמרינן אם אמר לו כל 
Yad Ramah on Bava Batra 63a:6,אמר מר בן לוי שמכר שדה 
Yad Ramah on Bava Batra 63a:7,"א""ר שמעון ב""ל זאת אומרת המוכר "
Yad Ramah on Bava Batra 63b:6,אמר רב דימי מנהרדעא האי מאן 
Yad Ramah on Bava Batra 63b:15,לימא מסייעא ליה ולא את הבור 
Yad Ramah on Bava Batra 64a:9,"א""ל רבינא לרב אשי ת""ש דאמר "
Yad Ramah on Bava Batra 64a:31,וצריך ליקח לו דרך דברי רבי 
Yad Ramah on Bava Batra 64a:36,והא דתנן ולא את הבור ולא 
Yad Ramah on Bava Batra 64b:1,הרי אמרו המוכר את הבית לא 
Yad Ramah on Bava Batra 65a:2,ואזדו רב ושמואל לטעמיהו דאמר רב 
Yad Ramah on Bava Batra 65a:4,איתמר שני בתים זה לפנים מזה 
Yad Ramah on Bava Batra 65b:1,המוכר את הבית מכר את הדלת 
Yad Ramah on Bava Batra 65b:5,הרי אמרו המוכר את הבית לא 
Yad Ramah on Bava Batra 65b:9,"וש""מ דליתא לדרבי מאיר דאמר מכר "
Yad Ramah on Bava Batra 65b:10,"ת""ר המוכר את הבית מכר את "
Yad Ramah on Bava Batra 65b:13,"ת""ר צנור שחקקו ולבסוף קבעו פוסל "
Yad Ramah on Bava Batra 65b:15,אהא מתניתין מני לא רבי אליעזר 
Yad Ramah on Bava Batra 66a:1,ואלא רבי אליעזר דכוורת דבורים דתנן 
Yad Ramah on Bava Batra 66a:3,אלא רבי אליעזר דדף דתנן דף 
Yad Ramah on Bava Batra 66b:4,והא דתניא צנור שקבעו ולבסוף חקקו 
Yad Ramah on Bava Batra 66b:8,בעי רב יוסף מי גשמים שחשב 
Yad Ramah on Bava Batra 67a:1,שלח ליה רב נחמיה בריה דרב 
Yad Ramah on Bava Batra 67a:2,המוכר את החצר מכר בתים בורות 
Yad Ramah on Bava Batra 67a:18,"ת""ר המוכר את החצר מכר בתים "
Yad Ramah on Bava Batra 67a:20,אמר מר רבי אליעזר אומר המוכר 
Yad Ramah on Bava Batra 67b:1,ומסקנא דאמר רבא אמר רב נחמן 
Yad Ramah on Bava Batra 67b:2,המוכר את בית הבד מכר את 
Yad Ramah on Bava Batra 67b:7,הרי אמרו המוכר את בית הבד 
Yad Ramah on Bava Batra 67b:10,"ת""ר המוכר את בית הבד מכר "
Yad Ramah on Bava Batra 67b:12,המוכר את המרחץ לא מכר את 
Yad Ramah on Bava Batra 68a:1,"ת""ר המוכר את המרחץ מכר את "
Yad Ramah on Bava Batra 68a:4,"ההוא דא""ל לחבריה בית הבד וכל "
Yad Ramah on Bava Batra 68a:16,המוכר את העיר מכר בתים בורות 
Yad Ramah on Bava Batra 68a:18,והא דתנן המוכר את העיר לא 
Yad Ramah on Bava Batra 68a:19,תנן רבן שמעון בן גמליאל אומר 
Yad Ramah on Bava Batra 68b:1,תנן ובית הבדין ובית השלחין סברוה 
Yad Ramah on Bava Batra 68b:3,"ת""ש דתניא ר' יהודה אומר סנטר "
Yad Ramah on Bava Batra 68b:5,תניא המוכר את העיר לא מכר 
Yad Ramah on Bava Batra 68b:6,"א""ר ביברין של חיה ושל עופות "
Yad Ramah on Bava Batra 68b:7,המוכר את השדה מכר את האבנים 
Yad Ramah on Bava Batra 69a:1,והא דתנן המוכר את השדה מכר 
Yad Ramah on Bava Batra 69a:11,בעי רבי אלעזר מלבנות של פתחים 
Yad Ramah on Bava Batra 69a:12,בעי רבי אלעזר מלבנות של חלונות 
Yad Ramah on Bava Batra 69a:13,בעי רבי ירמיה מלבנות של כרעי 
Yad Ramah on Bava Batra 69a:16,הרי אמרו המוכר את השדה לא 
Yad Ramah on Bava Batra 69b:1,ולא את חרוב המורכב ולא את 
Yad Ramah on Bava Batra 69b:2,"סביב א""ר משרשיא מכאן למצרים מן "
Yad Ramah on Bava Batra 69b:3,"א""ר ירמיה האי מאן דמזבין ליה "
Yad Ramah on Bava Batra 69b:4,"א""ל לבר מדיקלא פלניא חזינא אי "
Yad Ramah on Bava Batra 69b:5,"א""ל ארעא ודיקלי חזינן אי אית "
Yad Ramah on Bava Batra 69b:8,"א""ל ארעא בדיקלי מזביננא לך חזינן "
Yad Ramah on Bava Batra 69b:10,"א""ל לבר מאילני דאית בה אי "
Yad Ramah on Bava Batra 70a:1,והיכא דאיכא רברבי וזוטרי רברבי דחשבי 
Yad Ramah on Bava Batra 70a:2,בעא מיניה רב אחא בר הונא 
Yad Ramah on Bava Batra 70a:5,איכא דאמרי הכי בעא מיניה רב 
Yad Ramah on Bava Batra 70b:1,בעא מיניה רב עמרם מרב חסדא 
Yad Ramah on Bava Batra 70b:2,לימא כתנאי שטר כיס היוצא על 
Yad Ramah on Bava Batra 71a:11,וצריך ליקח לו דרך דברי רבי 
Yad Ramah on Bava Batra 71a:14,"בד""א במוכר אבל בנותן מתנה נתן "
Yad Ramah on Bava Batra 71a:20,"והא דתנן בד""א במוכר אבל בנותן "
Yad Ramah on Bava Batra 71a:21,ההוא דאמר ליה הבו ליה לפלניא 
Yad Ramah on Bava Batra 71b:1,"אמר רב הונא אע""ג דאמור רבנן "
Yad Ramah on Bava Batra 72a:1,ומי מצית מוקמת לה לדרבי שמעון 
Yad Ramah on Bava Batra 72b:6,"במאי אוקימתא לבריתא כר""ש אימא סופא "
Yad Ramah on Bava Batra 72b:8,אמר רב הונא חרוב המורכב וסדן 
Yad Ramah on Bava Batra 72b:11,"ומדרבי שמעון נשמע לרבנן, לאו מי "
Yad Ramah on Bava Batra 72b:12,"א""ר אמי עומר שיש בו סאתים "
Yad Ramah on Bava Batra 72b:13,"אמר רבה בר בר חנה א""ר "
Yad Ramah on Bava Batra 73a:1,המוכר את הספינה מכר את התורן 
Yad Ramah on Bava Batra 73a:2,הרי אמרו המוכר את הספינה מכר 
Yad Ramah on Bava Batra 73a:4,"ת""ר המוכר את הספינה מכר את "
Yad Ramah on Bava Batra 75a:1,אמר רבה בר בר חנה אמר 
Yad Ramah on Bava Batra 75b:1,אתמר ספינה רב אמר כיון שמשך 
Yad Ramah on Bava Batra 75b:2,לימא כתנאי כיצד במסירה אחזה בטלפה 
Yad Ramah on Bava Batra 76a:1,והא דתניא ספינה נקנית במשיכה רבי 
Yad Ramah on Bava Batra 76b:1,"במאי אוקימתא לדת""ק דרבי נתן כרבי "
Yad Ramah on Bava Batra 76b:16,אמר רב פפא האי מאן דמזבין 
Yad Ramah on Bava Batra 77a:1,אמר אמימר הילכתא אותיות אין נקנות 
Yad Ramah on Bava Batra 77a:8,ואותיות במילי מי לא מקניאן והא 
Yad Ramah on Bava Batra 77b:7,הרי אמרו המוכר את הספינה לא 
Yad Ramah on Bava Batra 77b:8,מכר את הקרון לא מכר את 
Yad Ramah on Bava Batra 77b:9,תאני רב תחליפא בר מערבא קמיה 
Yad Ramah on Bava Batra 77b:10,הרי אמרו מכר את הצמד לא 
Yad Ramah on Bava Batra 78a:1,אם אין הדמים ראיה להוה בטול 
Yad Ramah on Bava Batra 78a:2,המוכר את החמור לא מכר את 
Yad Ramah on Bava Batra 78a:4,הרי אמרו המוכר את החמור לא 
Yad Ramah on Bava Batra 78b:1,"ת""ש רבי יהודה אומר פעמים מכורין "
Yad Ramah on Bava Batra 78b:2,"אמר אביי רבי אליעזר ורשב""ג ור' "
Yad Ramah on Bava Batra 78b:3,והא דתנן רבי יהודה אומר פעמים 
Yad Ramah on Bava Batra 78b:4,המוכר את החמור מכר את הסייח 
Yad Ramah on Bava Batra 78b:5,מכר בור מכר מימיו מכר אשפה 
Yad Ramah on Bava Batra 78b:6,הרי אמרו המוכר את החמור מכר 
Yad Ramah on Bava Batra 79a:1,אמר רב יהודה אמר רב כל 
Yad Ramah on Bava Batra 79a:2,תנן התם כל הראוי למזבח ולא 
Yad Ramah on Bava Batra 79b:1,"ת""ר הקדישן ריקנין ואחר כך נתמלאו "
Yad Ramah on Bava Batra 79b:4,ובבור ושובך ריקנין במאי פליגי ובמלאין 
Yad Ramah on Bava Batra 79b:6,ובמלאין במאי פליגי אמר רבא כגון 
Yad Ramah on Bava Batra 79b:7,ומתמהינן עלה ודין הדיוט לא. כלומר 
Yad Ramah on Bava Batra 80a:1,הלוקח פירות שובך מחבירו מפריח בריכה 
Yad Ramah on Bava Batra 80a:6,הרי אמרו הלוקח פירות שובך מחבירו 
Yad Ramah on Bava Batra 80a:10,והא דתנן פירות בכורת נוטל שלשה 
Yad Ramah on Bava Batra 80a:13,אמר רב כהנא דבש בכורתו אינו 
Yad Ramah on Bava Batra 80a:14,מתיבי דבש בכורתו אינו לא מאכל 
Yad Ramah on Bava Batra 80b:1,רבא אמר הא מני רבי אליעזר 
Yad Ramah on Bava Batra 80b:3,מיתיבי דבש שזב מכורתו אינו לא 
Yad Ramah on Bava Batra 80b:5,מתיבי דבש בכורתו אינו לא מאכל 
Yad Ramah on Bava Batra 80b:6,תניא כותיה דרב כהנא דבש בכורתו 
Yad Ramah on Bava Batra 80b:7,"ת""ר הלוקח אילן מחבירו לקוץ מגביהו "
Yad Ramah on Bava Batra 80b:8,ובתולת השקמה בשלשה טפחים סגיא לה 
Yad Ramah on Bava Batra 81a:1,הרי אמרו בדקלים ובארזים חופר ומשרש 
Yad Ramah on Bava Batra 81a:2,אשתכח השתא דמתני' דקתני בארזים חופר 
Yad Ramah on Bava Batra 81a:3,הקונה שני אילנות בתוך של חבירו 
Yad Ramah on Bava Batra 81a:11,קנה שלשה קנה קרקע הגדילו ישפה 
Yad Ramah on Bava Batra 81a:15,תנן התם הקונה שני אילנות בתוך 
Yad Ramah on Bava Batra 82a:3,מיהא שמעינן דאסיר לעיולי חולין לעזרה 
Yad Ramah on Bava Batra 82a:9,הרי אמרו הקונה שני אילנות בתוך 
Yad Ramah on Bava Batra 82a:10,אמר רב נחמן נקטינן דקל אין 
Yad Ramah on Bava Batra 82b:1,הרי אמרו קנה שלשה קנה קרקע 
Yad Ramah on Bava Batra 82b:2,מתקיף רבי אלעזר השתא דרך אין 
Yad Ramah on Bava Batra 82b:8,ומדלא אוקימנא למתניתין דלא כרבי עקיבא 
Yad Ramah on Bava Batra 82b:9,תניא כותיה דרבי חייא בר אבא 
Yad Ramah on Bava Batra 82b:10,"א""ל אביי לרב יוסי אותו מלוא "
Yad Ramah on Bava Batra 82b:11,"וש""מ דההיא דתנן (לקמן בבא בתרא "
Yad Ramah on Bava Batra 82b:12,תניא כותיה דאביי הרי זה קנה 
Yad Ramah on Bava Batra 82b:13,וכמה יהא ביניהן. כלומר הא דתנן 
Yad Ramah on Bava Batra 82b:14,"א""ל אביי לרבי יוסי לא תיפלוג "
Yad Ramah on Bava Batra 83a:1,"א""ל רב יוסף אנא לא ידענא "
Yad Ramah on Bava Batra 83a:3,ומתמהינן וכדרב יוסף מי לא תנן 
Yad Ramah on Bava Batra 83a:4,בשלמא לרב יוסף אליבא דר' שמעון 
Yad Ramah on Bava Batra 83a:7,והשתא דאתברר דשיעורא דמקח וממכר ושיעורא 
Yad Ramah on Bava Batra 83a:8,"אמר רבא הלכתא מד""א ועד שש "
Yad Ramah on Bava Batra 83a:13,בעי רבי ירמיה כשהוא מודד ממקום 
Yad Ramah on Bava Batra 83a:14,בעי רבי ירמיה מכר לו שלשה 
Yad Ramah on Bava Batra 83a:16,בעי רב פפא מכר לו שנים 
Yad Ramah on Bava Batra 83b:1,בעי רב אשי בור מהו שתפסיק 
Yad Ramah on Bava Batra 83b:4,בעא מיניה הלל מרבי(ה) עלה ארז 
Yad Ramah on Bava Batra 83b:5,כיצד הן עומדין רב אמר כשורה 
Yad Ramah on Bava Batra 83b:6,"מתקיף לה רב המנונא ולמ""ד כחצובה "
Yad Ramah on Bava Batra 83b:7,המוכר את הראש בבהמה גסה לא 
Yad Ramah on Bava Batra 83b:8,ארבע מדות במוכרין מכר לו חטים 
Yad Ramah on Bava Batra 84a:1,אמר רב חסדא מכר לו שוה 
Yad Ramah on Bava Batra 84a:16,והא דתנן שחמתית ונמצאת לבנה אמר 
Yad Ramah on Bava Batra 84b:1,הרי אמרו יין ונמצא חומץ חומץ 
Yad Ramah on Bava Batra 84b:2,המוכר פירות לחברו משך ולא מדד 
Yad Ramah on Bava Batra 84b:4,הלוקח פשתן מחבירו הרי זה לא 
Yad Ramah on Bava Batra 84b:5,"א""ר אסי א""ר יוחנן מדד והניח "
Yad Ramah on Bava Batra 84b:7,"ת""ש מדד ולא משך לא קנה "
Yad Ramah on Bava Batra 85a:1,רב ושמואל דאמרי תרויהו כליו של 
Yad Ramah on Bava Batra 85b:1,"ת""ש ארבע מידות במוכרין עד שלא "
Yad Ramah on Bava Batra 85b:2,בעא מיניה רב ששת מרב הונא 
Yad Ramah on Bava Batra 85b:8,ואתינן למפשיטיה לבעיין מיהא דתניא ברשות 
Yad Ramah on Bava Batra 86a:1,"אמר רבא ת""ש משך חמריו ופועליו "
Yad Ramah on Bava Batra 86a:2,"א""ר הונא בריה דמר זוטרא לרבינא "
Yad Ramah on Bava Batra 86a:3,"א""ל רבינא לרב אשי ת""ש דרב "
Yad Ramah on Bava Batra 86a:6,תנן התם נכסים שיש להם אחריות 
Yad Ramah on Bava Batra 86a:7,"יתיב אביי וקא""ל להאי שמעתא איתיביה "
Yad Ramah on Bava Batra 86a:8,והא דתניא ברשות מוכר לא קנה 
Yad Ramah on Bava Batra 86b:1,"ת""ש המוכר פירות לחבירו משך ולא "
Yad Ramah on Bava Batra 86b:3,"א""ל רבינא לרב אשי ת""ש דתניא "
Yad Ramah on Bava Batra 86b:4,רב ושמואל דאמרי תרויהו כור בשלשים 
Yad Ramah on Bava Batra 86b:8,"ת""ש אם היתה מדה של אחד "
Yad Ramah on Bava Batra 86b:12,"נוסחא אחרינא ת""ש ברשות לוקח כיון "
Yad Ramah on Bava Batra 87a:1,"ת""ש השוכר את הפועל לעשות עמו "
Yad Ramah on Bava Batra 87a:4,הרי אמרו הלוקח פשתן מחבירו לא 
Yad Ramah on Bava Batra 87a:5,המוכר יין ושמן לחברו והוקרו או 
Yad Ramah on Bava Batra 87a:10,וחייב להטיף לו ג' טיפין רבי 
Yad Ramah on Bava Batra 87a:11,והא דתנן המוכר יין ושמן לחברו 
Yad Ramah on Bava Batra 87b:1,הרכינה ומיצת הרי היא של תרומה 
Yad Ramah on Bava Batra 87b:2,השולח בנו אצל החנוני ומדד לו 
Yad Ramah on Bava Batra 87b:3,והא דתנן השולח בנו אצל החנוני 
Yad Ramah on Bava Batra 88a:6,גופא אמר שמואל הנוטל כלי מן 
Yad Ramah on Bava Batra 88a:14,ההוא גברא דעל לבי טבחא אגבה 
Yad Ramah on Bava Batra 88a:15,ההוא גברא דאתי קרי לפום נהרא 
Yad Ramah on Bava Batra 88a:17,"ת""ר הלוקח ירק מן השוק ובירר "
Yad Ramah on Bava Batra 88a:19,"וש""מ דכי איכא לפלוגי בין זבינא "
Yad Ramah on Bava Batra 88a:22,הסיטון מקנח את מדותיו אחת לשלשים 
Yad Ramah on Bava Batra 88b:1,וחייב להכריע לו טפח היה שוקל 
Yad Ramah on Bava Batra 88b:4,מקום שנהגו למוד בדקה לא ימוד 
Yad Ramah on Bava Batra 88b:5,"והא דתנן וחייב להכריע לו טפח, "
Yad Ramah on Bava Batra 88b:6,"וכמה גירומין א""ר אבא בר ממל "
Yad Ramah on Bava Batra 88b:7,"א""ר לוי קשה עונשן של מדות "
Yad Ramah on Bava Batra 88b:8,"וא""ר לוי קשה גזל הדיוט יתר "
Yad Ramah on Bava Batra 89a:1,"ת""ר מניין שאין מוחקין במקום שגודשין "
Yad Ramah on Bava Batra 89a:2,"ת""ר מניין שאין מעינין במקום שמכריעין "
Yad Ramah on Bava Batra 89a:3,"ת""ר יהיה לך מלמד שמעמידין אגרדמים "
Yad Ramah on Bava Batra 89a:5,"ת""ר היה מבקש ממנו ליטרא שוקל "
Yad Ramah on Bava Batra 89a:6,"ת""ר היה מבקש ממנו שלשה רביעי "
Yad Ramah on Bava Batra 89a:7,"ת""ר היה מבקש ממנו עשר ליטרין "
Yad Ramah on Bava Batra 89a:8,נפש מאזנים תלויה באויר שלשה טפחים 
Yad Ramah on Bava Batra 89b:2,"א""ר מני בר פטיש כדרך שאמרו "
Yad Ramah on Bava Batra 89b:3,"ת""ר אין עושין משקלות לא של "
Yad Ramah on Bava Batra 89b:4,"ת""ר אין עושין את המחק לא "
Yad Ramah on Bava Batra 89b:5,"ת""ר אין עושין את המחק צדו "
Yad Ramah on Bava Batra 89b:7,תנו רבנן לא תעשו עול במשפט 
Yad Ramah on Bava Batra 89b:8,אמר רב יאודה אמר רב לא 
Yad Ramah on Bava Batra 90a:1,תניא נמי הכי לא יעשה אדם 
Yad Ramah on Bava Batra 90a:2,אמר שמואל אין מוסיפין על המדות 
Yad Ramah on Bava Batra 90a:3,אין מוסיפין על המדות יתר משתות 
Yad Ramah on Bava Batra 90b:1,ואסיקנא אלא אמר רב חסדא שמואל 
Yad Ramah on Bava Batra 90b:2,רב פפא בר שמואל תקין קבא 
Yad Ramah on Bava Batra 90b:4,תנו רבנן אוצרי סירות ומלוי ברבית 
Yad Ramah on Bava Batra 90b:5,אבוה דשמואל מזבין להו לפירי דארעיה 
Yad Ramah on Bava Batra 90b:7,אמר רב עושה אדם את קבו 
Yad Ramah on Bava Batra 90b:8,אמר ליה רבי יוסי בר חנינא 
Yad Ramah on Bava Batra 91a:1,"ת""ר אין מוציאין פירות מארץ ישראל "
Yad Ramah on Bava Batra 91a:2,"ת""ר אין משתכרין בארץ ישראל בדברים "
Yad Ramah on Bava Batra 91a:3,"ת""ר אין משתכרין פעמים בבצים פליגי "
Yad Ramah on Bava Batra 91a:4,"ת""ר מתריעין על הפרקמטיא שהוזלה ואפי' "
Yad Ramah on Bava Batra 91a:5,"ת""ר אין יוצאין מן הארץ לחוצה "
Yad Ramah on Bava Batra 91a:6,וכן היה רבי שמעון בן יוחאי 
Yad Ramah on Bava Batra 91a:7,אמר רב חנן בר רבא אלימלך 
Yad Ramah on Bava Batra 91b:1,אמר רבי חייא בר אבין משום 
Yad Ramah on Bava Batra 91b:2,אמר רבי יוחנן לא שאנו שאין 
Yad Ramah on Bava Batra 91b:3,ואמר רבי יוחנן נהירנא כד הוו 
Yad Ramah on Bava Batra 92a:1,המוכר פירות לחבירו ולא צמחו אפי' 
Yad Ramah on Bava Batra 92a:2,אתמר המוכר שור לחבירו ונמצא נגחן 
Yad Ramah on Bava Batra 92b:5,"וש""מ דרובא וחזקה חזקה עדיפא לאוקומיה "
Yad Ramah on Bava Batra 92b:7,מיתיבי האשה שנתאלמנה או שנתגרשה היא 
Yad Ramah on Bava Batra 93a:1,"ת""ש המוכר עבד לחבירו ונמצא גנב "
Yad Ramah on Bava Batra 93a:4,"ת""ש שור שנגח את הפרה ונמצא "
Yad Ramah on Bava Batra 93b:1,"ת""ש המוכר פירות לחבירו ולא צמחו "
Yad Ramah on Bava Batra 93b:2,הרי אמרו זרעוני גינה שאין נאכלין 
Yad Ramah on Bava Batra 93b:3,והא דתניא המוליך חטים לטחון טחנן 
Yad Ramah on Bava Batra 93b:4,המוכר פירות לחבירו הרי זה מקבל 
Yad Ramah on Bava Batra 94a:1,תני רב קטינא המוכר חטים לחבירו 
Yad Ramah on Bava Batra 94a:4,והא דתניא המוכר חטים לחבירו הרי 
Yad Ramah on Bava Batra 94a:5,אמר רב הונא אם בא לנפות 
Yad Ramah on Bava Batra 94a:6,ואתינן לאותוביה לרב הונא מיהא דתנן 
Yad Ramah on Bava Batra 94b:1,תא שמע שנים שהפקידו אצל אחד 
Yad Ramah on Bava Batra 94b:3,תא שמע שטר שכתוב בו רבית 
Yad Ramah on Bava Batra 94b:5,תא שמע דתאני רבין בר רב 
Yad Ramah on Bava Batra 95a:4,"ת""ש האונאה פחות משתות נקנה מקח "
Yad Ramah on Bava Batra 95a:6,"ת""ש המקבל שדה מחבירו ליטע הרי "
Yad Ramah on Bava Batra 95a:8,והא דתנן מרתף של יין מקבל 
Yad Ramah on Bava Batra 95b:5,"איבעיא להו מרתף של יין סתם, "
Yad Ramah on Bava Batra 95b:6,אמר רב יהודה יין הנמכר בחנות 
Yad Ramah on Bava Batra 95b:7,והא דתניא על הפת שעפשה ועל 
Yad Ramah on Bava Batra 96a:1,"א""ל אביי לרב יוסף הא רב "
Yad Ramah on Bava Batra 96a:5,דרומאי מתנו משמיה דרבי יהושע בן 
Yad Ramah on Bava Batra 96a:6,איבעיא להו כמאן פשט ליה. רב 
Yad Ramah on Bava Batra 96b:1,אתמר המוכר חבית יין לחבירו והחמיצה 
Yad Ramah on Bava Batra 96b:7,"ת""ר אחד שכר תמרים ואחד שכר "
Yad Ramah on Bava Batra 96b:8,אמר רבא דכולי עלמא רמא תלתא 
Yad Ramah on Bava Batra 97a:1,והא דתנן המתמד ונתן מים במדה 
Yad Ramah on Bava Batra 97a:2,בעא מיניה רב נחמן בר יצחק 
Yad Ramah on Bava Batra 97a:3,"ת""ר שמרים של תרומה ראשון ושני "
Yad Ramah on Bava Batra 97a:5,"א""ר יוחנן משום רבי שמעון בן "
Yad Ramah on Bava Batra 97a:11,אמר רב זוטרא בר טוביה אמר 
Yad Ramah on Bava Batra 97b:1,דיקינן עלה בגמרא למעוטי מאי אילימא 
Yad Ramah on Bava Batra 97b:2,ואלא למעוטי מאי אילימא למעוטי מפי 
Yad Ramah on Bava Batra 97b:3,אלא למעוטי יין כושי והא תניא 
Yad Ramah on Bava Batra 97b:4,אלא למעוטי יין קוסס יין מזוג 
Yad Ramah on Bava Batra 97b:5,דייקינן עלה והכא גבי קידוש למעוטי 
Yad Ramah on Bava Batra 97b:6,ואסיקנא אלא למעוטי יין שריחו רע 
Yad Ramah on Bava Batra 97b:7,בעא מיניה רב כהנא חמוה דרב 
Yad Ramah on Bava Batra 97b:8,הרי אמרו קנקנים בשרון מקבל עליו 
Yad Ramah on Bava Batra 98a:1,המוכר יין לחבירו והחמיץ אינו חייב 
Yad Ramah on Bava Batra 98a:4,הרי אמרו המוכר יין לחבירו והחמיץ 
Yad Ramah on Bava Batra 98a:5,ומאי דוחקיה דרבי יוסי בר' חנינא 
Yad Ramah on Bava Batra 98a:6,אמר רב מארי האי מאן דיהיר 
Yad Ramah on Bava Batra 98a:7,אמר רב יהודה אמר רב כל 
Yad Ramah on Bava Batra 98a:8,אמר רבא האי מאן דמזבין ליה 
Yad Ramah on Bava Batra 98a:9,ואמר רבא האי מאן דקביל ליה 
Yad Ramah on Bava Batra 98a:10,"איבעיא להו הוה חלא מאי א""ל "
Yad Ramah on Bava Batra 98b:1,הרי אמרו האומר לחברו יין ישן 
Yad Ramah on Bava Batra 98b:2,המוכר מקום לחבירו לבנות לו בית 
Yad Ramah on Bava Batra 98b:3,והא דתנן המקבל מחבירו לבנות לו 
Yad Ramah on Bava Batra 98b:4,כתיב בספר בן סירא הכל שקלתי 
Yad Ramah on Bava Batra 98b:5,והא דתנן הרוצה לעשות רפת בקר 
Yad Ramah on Bava Batra 98b:6,והא דתנן טרקלין עשר על עשר 
Yad Ramah on Bava Batra 98b:7,והא דתנן רומו כחצי ארכו וכחצי 
Yad Ramah on Bava Batra 98b:8,רבי חנינא נפיק לקריאתא רמו ליה 
Yad Ramah on Bava Batra 99a:1,אמר רבנאי אמר שמואל כרובים בנס 
Yad Ramah on Bava Batra 99a:3,מי שיש לו בור לפנים מביתו 
Yad Ramah on Bava Batra 99b:1,הרי אמרו מי שיש לו בור 
Yad Ramah on Bava Batra 99b:2,מי שיש לו גינה לפנים מגינתו 
Yad Ramah on Bava Batra 99b:3,נתנו לו דרך מן הצד מדעת 
Yad Ramah on Bava Batra 99b:4,"א""ר יהודה אמר שמואל אמה בית "
Yad Ramah on Bava Batra 99b:5,ואותן אגפים מי זורען [רב יהודה 
Yad Ramah on Bava Batra 99b:6,"וא""ר יהודה אמר שמואל אמת המים "
Yad Ramah on Bava Batra 99b:7,מי שהיתה דרך הרבים עוברת בתוך 
Yad Ramah on Bava Batra 99b:8,"דרך היחיד ד""א ודרך הרבים שש "
Yad Ramah on Bava Batra 100a:1,הרי אמרו מי שהיתה דרך הרבים 
Yad Ramah on Bava Batra 100a:2,דתניא הלך בה לארכה ולרחבה קנה 
Yad Ramah on Bava Batra 100a:3,כי אתו לקמיה דרבי יצחק בר' 
Yad Ramah on Bava Batra 100a:4,"והא דתנן דרך היחיד ד""א ליתה, "
Yad Ramah on Bava Batra 100b:1,"ת""ר דרך היחיד ארבע אמות וליתא "
Yad Ramah on Bava Batra 100b:2,"ת""ר המוכר קברו ודרך קברו ומעמדו "
Yad Ramah on Bava Batra 100b:3,"ת""ר אין פוחתין משבעה מעמדות ומושבות "
Yad Ramah on Bava Batra 100b:4,אחתיה דרמי בר פפא הוה נסיבא 
Yad Ramah on Bava Batra 100b:5,המוכר מקום לחבירו לעשות לו קבר 
Yad Ramah on Bava Batra 100b:8,והא דתנן ר' שמעון אומר שש 
Yad Ramah on Bava Batra 100b:10,תנן התם המוצא מת מושכב כדרכו 
Yad Ramah on Bava Batra 102b:1,ורמי דרבי שמעון אדרבי שמעון ורמי 
Yad Ramah on Bava Batra 102b:2,האומר לחבירו בית כור עפר אני 
Yad Ramah on Bava Batra 103a:1,תנן התם המקדיש שדהו בשעת היובל 
Yad Ramah on Bava Batra 103a:4,ודיקינן הכא גבי מקח וממכר מאי. 
Yad Ramah on Bava Batra 103a:5,הרי אמרו פחות מכאן אין נמדדין 
Yad Ramah on Bava Batra 103a:8,בעי רבי חייא בר אבא רובן 
Yad Ramah on Bava Batra 103b:1,בעי רבי ירמיה בשיד מהו כשורה 
Yad Ramah on Bava Batra 103b:5,תאנא אם היה סלע יחידי אפילו 
Yad Ramah on Bava Batra 103b:13,תאנא אם היה סלע יחידי אפילו 
Yad Ramah on Bava Batra 103b:17,בית כור עפר אני מוכר לך 
Yad Ramah on Bava Batra 103b:30,הרי אמרו בית כור עפר אני 
Yad Ramah on Bava Batra 104a:5,והא דתנן ולמה אמרו מחזיר לו 
Yad Ramah on Bava Batra 104b:1,הרי אמרו שאם שייר בית תשעת 
Yad Ramah on Bava Batra 104b:6,בעי רב אשי שדה ונעשית גינה 
Yad Ramah on Bava Batra 104b:7,תאנא אם היה סמוך לשדהו של 
Yad Ramah on Bava Batra 104b:9,והא דתנן ולא את הרובע בלבד 
Yad Ramah on Bava Batra 105a:1,מדה בחבל אני מוכר לך הן 
Yad Ramah on Bava Batra 105a:3,והא דתנן הן חסר הן יתר 
Yad Ramah on Bava Batra 106a:1,"והאי דקתני בסימניו ובמצרניו, לאו אמדה "
Yad Ramah on Bava Batra 106a:8,הרי אמרו בסימניו ובמצרניו פחות משתות 
Yad Ramah on Bava Batra 106b:1,רב פפא זבן ארעא מההוא גברא 
Yad Ramah on Bava Batra 106b:3,תניא ר' (אסי) [יוסי] אומר האחין 
Yad Ramah on Bava Batra 106b:4,איתמר שני אחין שחלקו ובא להן 
Yad Ramah on Bava Batra 106b:9,אמר ליה רב פפא לאביי ולשמואל 
Yad Ramah on Bava Batra 107a:2,אתמר שלשה אחין שחלקו ובא בעל 
Yad Ramah on Bava Batra 107a:5,"ואגב ארחיך ש""מ דהני אחי דפלוג "
Yad Ramah on Bava Batra 107b:1,"ת""ר שלשה שירדו לשום אחד אומר "
Yad Ramah on Bava Batra 107b:5,האומר לחבירו חצי שדה אני מוכר 
Yad Ramah on Bava Batra 107b:10,והא דתנן האומר לחבירו חצי שדי 
Yad Ramah on Bava Batra 108a:1,הרי אמרו הלוקח מקבל עליו חריץ 
Yad Ramah on Bava Batra 108b:1,הרי אמרו אלו נוחלין ומנחילין האב 
Yad Ramah on Bava Batra 108b:2,ומה ראית לרבות את הבן לדרשא 
Yad Ramah on Bava Batra 109b:1,ותנא מייתי לה לירושת האב מהכא 
Yad Ramah on Bava Batra 109b:2,ולמאן דנפקא ליה מוהעברתם האי שארו 
Yad Ramah on Bava Batra 109b:3,ולמאן דנפקא ליה משארו ממאי דשארו 
Yad Ramah on Bava Batra 109b:4,מניין שתולין את הקלקלה במקולקל שנאמר 
Yad Ramah on Bava Batra 109b:5,"א""ר אלעזר לעולם ידבק אדם בטובים "
Yad Ramah on Bava Batra 110a:2,לעולם ישכור אדם עצמו לעבודה שזרה 
Yad Ramah on Bava Batra 110a:3,הבנים את האב מנלן דכתיב איש 
Yad Ramah on Bava Batra 110b:3,והאחין מן האב נוחלין ומנחילין מנלן 
Yad Ramah on Bava Batra 111a:1,והאיש את אמו נוחלין ולא מנחילין 
Yad Ramah on Bava Batra 111a:2,"ות""ק לא דריש דיו והא דיו "
Yad Ramah on Bava Batra 111a:3,נתאי סבר למעבד עובדא כר' זכריה 
Yad Ramah on Bava Batra 111b:1,בעא מיניה רבי יהודה נשיאה מר' 
Yad Ramah on Bava Batra 111b:2,הרי אמרו והאיש את אשתו נוחלין 
Yad Ramah on Bava Batra 112a:1,ותנא מייתי לה מהכא וירש אותה 
Yad Ramah on Bava Batra 112a:5,"א""ל אביי לרב פפא בין למ""ד "
Yad Ramah on Bava Batra 112b:1,תניא לא תסוב נחלה לבני ישראל 
Yad Ramah on Bava Batra 112b:2,"א""ר אבהו א""ר יוחנן א""ר ינאי "
Yad Ramah on Bava Batra 113b:1,הרי אמרו ובני אחיות נוחלין ולא 
Yad Ramah on Bava Batra 113b:3,תאני רבה בר רב הונא קמיה 
Yad Ramah on Bava Batra 114b:1,איתמר קנין אימתי חוזר רבה אמר 
Yad Ramah on Bava Batra 114b:4,ומדמסתייע רב יוסף מדרב יהודא ואיצטריך 
Yad Ramah on Bava Batra 114b:5,והא דתנן האשה את בנה והאשה 
Yad Ramah on Bava Batra 115a:1,"א""ר יוחנן משום רבי יהודה בר' "
Yad Ramah on Bava Batra 115a:3,סדר נחלות כך הוא איש כי 
Yad Ramah on Bava Batra 115b:1,"ת""ר איש כי ימות ובן אין "
Yad Ramah on Bava Batra 115b:4,אמר רב הונא אמר רב כל 
Yad Ramah on Bava Batra 116a:1,"א""ר יוחנן משום רשב""י כל שאינו "
Yad Ramah on Bava Batra 116a:2,בעי רמי בר חמא אבי האב 
Yad Ramah on Bava Batra 116b:1,בעי רמי בר חמא אבי האב 
Yad Ramah on Bava Batra 116b:2,בנות צלפחד נטלו שלשה חלקים בנחלה 
Yad Ramah on Bava Batra 117a:1,הרי אמרו בנות צלפחד נטלו שלשה 
Yad Ramah on Bava Batra 118a:1,אמר ליה רב פפא לאביי בשלמא 
Yad Ramah on Bava Batra 118a:5,אמר ליה רב פפא לאביי בשלמא 
Yad Ramah on Bava Batra 118a:7,מאי דכתיב אם עם רב אתה 
Yad Ramah on Bava Batra 118b:1,אמר מר מרגלים יהושע וכלב נטלו 
Yad Ramah on Bava Batra 118b:2,מתלוננים ועדת קרח לא היה להם 
Yad Ramah on Bava Batra 118b:3,אמר ליה רב פפא לאביי בשלמא 
Yad Ramah on Bava Batra 119a:2,והבנים נטלו בזכות אבי אביהם ובזכות 
Yad Ramah on Bava Batra 119a:3,הרי אמרו בנות צלפחד נטלו שלשה 
Yad Ramah on Bava Batra 119a:10,"מיתיבי א""ר חידקא שמעון השקמוני היה "
Yad Ramah on Bava Batra 119b:3,ותעמודנה לפני משה ולפני אלעזר הכהן 
Yad Ramah on Bava Batra 119b:4,אמר רב חסדא נשאת פחותה מבת 
Yad Ramah on Bava Batra 120a:1,להלן בפרשת נחלות מנאן הכתוב לבנות 
Yad Ramah on Bava Batra 120a:2,תניא אמור אליהן לאותן העומדין על 
Yad Ramah on Bava Batra 120b:1,"א""ל רבא זוטי לרב אשי אלא "
Yad Ramah on Bava Batra 120b:2,מאי גזירה שוה נאמר כאן בשחוטי 
Yad Ramah on Bava Batra 120b:3,אמר מר מה כאן אהרן ובניו 
Yad Ramah on Bava Batra 120b:4,ומה להלן בהפרת נדרים ראשי המטות 
Yad Ramah on Bava Batra 120b:5,"ולב""ש דאמרי אין שאלה בהקדש דתנן "
Yad Ramah on Bava Batra 121a:1,תניא וידבר משה את מועדי ה' 
Yad Ramah on Bava Batra 121a:2,בן עזאי אומר מועדי ה' צריכין 
Yad Ramah on Bava Batra 121a:3,תנן התם אמר רבן שמעון בן 
Yad Ramah on Bava Batra 121a:4,"רבה בר בר חנא א""ר יוחנן "
Yad Ramah on Bava Batra 121b:1,רב מתנה אמר יום שנתנו בו 
Yad Ramah on Bava Batra 121b:2,רבה ורב יוסף דאמרי תרויהו יום 
Yad Ramah on Bava Batra 121b:3,תנו רבנן שבעה קפלו העולם כלו 
Yad Ramah on Bava Batra 121b:4,איבעיא להו ארץ ישראל לשבטים איפלוג 
Yad Ramah on Bava Batra 122a:4,תניא ולא נתחלקה ארץ ישראל אלא 
Yad Ramah on Bava Batra 122a:6,אחד הבן ואחד הבת בנחלה אלא 
Yad Ramah on Bava Batra 122a:7,והא תנן אחד הבן ואחד הבת 
Yad Ramah on Bava Batra 122a:9,והא דתנן אחד הבן וא' הבת 
Yad Ramah on Bava Batra 123a:1,"ת""ר לתת לו פי שנים באחד "
Yad Ramah on Bava Batra 123b:1,"ת""ר הבכור נוטל פי שנים בזרוע "
Yad Ramah on Bava Batra 124a:1,מאי ר' ומאי רבנן דתניא אין 
Yad Ramah on Bava Batra 124a:3,מאי טעמיהו דרבנן אמר קרא לתת 
Yad Ramah on Bava Batra 124a:5,"ודוק מינה לטעמיה דרבי, טעמא דקרייה "
Yad Ramah on Bava Batra 124a:6,אמר רב פפא דיקלא ואלום ארעא 
Yad Ramah on Bava Batra 124b:1,"א""ר נחמן א""ר אסור לעשות כדברי "
Yad Ramah on Bava Batra 124b:2,"תאני ר""נ בשאר סיפרי דבי רב "
Yad Ramah on Bava Batra 124b:4,תאני רמי בר חמא בשאר סיפרי 
Yad Ramah on Bava Batra 125a:2,אמר רב נחמן אמר רבא בר 
Yad Ramah on Bava Batra 125b:1,ההוא דאמר להו נכסי לסבתא ובתרה 
Yad Ramah on Bava Batra 126a:1,אמר רב פפא הלכתא אין הבעל 
Yad Ramah on Bava Batra 126a:15,"א""ר הונא אמר רב אמי בכור "
Yad Ramah on Bava Batra 126a:18,"א""ר אשי בכור שנטל חלק דפשוט "
Yad Ramah on Bava Batra 126b:3,שלחו מתם בכור שמכר חלק בכורתו 
Yad Ramah on Bava Batra 126b:5,מר זוטרא מדרישבא פלג בסנא דפלפלי 
Yad Ramah on Bava Batra 126b:6,האומר איש פלוני בני בכור לא 
Yad Ramah on Bava Batra 126b:7,המחלק נכסיו לבניו על פיו ריבה 
Yad Ramah on Bava Batra 126b:21,הם אמרו האומר איש פלוני בכור 
Yad Ramah on Bava Batra 126b:23,אמר רב יוסף אמר איש פלוני 
Yad Ramah on Bava Batra 126b:25,ההוא דאתא לקמיה דרבא בר רב 
Yad Ramah on Bava Batra 126b:26,ההוא דאתא לקמיה דרבי חנינא אמר 
Yad Ramah on Bava Batra 127a:1,"א""ר אמי טומטום שנקרע ונמצא זכר "
Yad Ramah on Bava Batra 127a:8,ולענין טומטום שנקרע ונמצא זכר אמר 
Yad Ramah on Bava Batra 127a:9,רב שרביא אמר אף אין אמו 
Yad Ramah on Bava Batra 127a:16,אמר רבא תניא כותיה דר' אמי 
Yad Ramah on Bava Batra 127b:1,שלחו ליה בני אקרא דאגמא לשמואל 
Yad Ramah on Bava Batra 127b:2,מאי רבי יהודה ומאי רבנן דתניא 
Yad Ramah on Bava Batra 127b:6,"א""ל ר""נ בר' יצחק לרבא בשלמא "
Yad Ramah on Bava Batra 127b:12,"ת""ר היו מוחזקין בו שהוא בכור "
Yad Ramah on Bava Batra 127b:13,"א""ר יוחנן בני הוא וחזר ואמר "
Yad Ramah on Bava Batra 128a:1,שלח ליה רבי אבא לרב יוסף 
Yad Ramah on Bava Batra 128a:3,והאי דשלח ליה רבי אבא לרב 
Yad Ramah on Bava Batra 128a:4,שלח ליה רבי אבא לרב יוסף 
Yad Ramah on Bava Batra 128a:7,שלח ליה רבי אבא לרב יוסף 
Yad Ramah on Bava Batra 128b:2,שלח ליה רבי אבא לרב יוסף 
Yad Ramah on Bava Batra 128b:3,שלח ליה רבי אבא לרב יוסף 
Yad Ramah on Bava Batra 128b:7,שלח ליה ר' אבא לרב יוסף 
Yad Ramah on Bava Batra 128b:16,דרש מר זוטרא משמיה דרב שימי 
Yad Ramah on Bava Batra 129a:1,ואלא הילכתא דקאמר מר זוטרא לאפוקי 
Yad Ramah on Bava Batra 129a:5,הרי אמרו כתב בין בתחלה בין 
Yad Ramah on Bava Batra 129b:1,אמר רב ששת מנא אמינא לה 
Yad Ramah on Bava Batra 129b:15,"א""ר אשי תא שמע נכסי לך "
Yad Ramah on Bava Batra 129b:19,לימא תהוי נמי תיובתיה דריש לקיש. 
Yad Ramah on Bava Batra 130a:1,ואסיקנא והילכתא כל תוך כדי דבור 
Yad Ramah on Bava Batra 130a:2,האומר איש פלוני יירשני במקום שיש 
Yad Ramah on Bava Batra 130a:3,והא דתנן איש פלוני יירשני במקום 
Yad Ramah on Bava Batra 130b:4,תנו רבנן אין למדין הלכה לא 
Yad Ramah on Bava Batra 130b:8,סופא דברייתא שאל ואמרו לו הלכה 
Yad Ramah on Bava Batra 130b:9,אמר ליה רב אסי לרבי יוחנן 
Yad Ramah on Bava Batra 131a:1,אמר להו רבא לרב פפא ולרב 
Yad Ramah on Bava Batra 131a:2,הרי אמרו שכיב מרע שאמר על 
Yad Ramah on Bava Batra 131a:7,"א""ל רב פפא לאביי בין למ""ד "
Yad Ramah on Bava Batra 131b:11,"וש""מ דכל לזה במתנה ולזה בירושה, "
Yad Ramah on Bava Batra 131b:13,אמר רב יהודה אמר שמואל הכותב 
Yad Ramah on Bava Batra 131b:16,פשיטא בנו ואחר לאחר במתנה ובנו 
Yad Ramah on Bava Batra 131b:21,איבעיא להו בת אצל הבנים ואשתו 
Yad Ramah on Bava Batra 132a:1,בעי רבא בריא היאך בשכיב מרע 
Yad Ramah on Bava Batra 132a:2,"ת""ש הכותב פירות נכסיו לאשתו גובה "
Yad Ramah on Bava Batra 132a:9,"א""ר יוסף בר מניומי א""ר נחמן "
Yad Ramah on Bava Batra 132a:10,"ודיקינן למימרא דלא אזיל ר""נ בתר "
Yad Ramah on Bava Batra 132b:1,תנן התם הכותב כל נכסיו לבניו 
Yad Ramah on Bava Batra 132b:6,בעי רבא בבריא היאך. בריא שכתב 
Yad Ramah on Bava Batra 132b:7,ההוא דאמר להו פלגא לברת ופלגא 
Yad Ramah on Bava Batra 133a:1,"ההוא דא""ל תולתא לברת ותולתא להך "
Yad Ramah on Bava Batra 133a:2,ההוא דפלגינהו לנכסיה לבניו ולאתתיה ושייר 
Yad Ramah on Bava Batra 133a:3,"א""ר הונא שכיב מרע שכתב כל "
Yad Ramah on Bava Batra 133a:5,הרי אמרו אם ראוי ליורשו נוטלן 
Yad Ramah on Bava Batra 133a:7,"אלא למאי נפק""מ לפלוגי בין היכא "
Yad Ramah on Bava Batra 133b:1,"ההוא דא""ל לחבריה נכסי לך ואחריך "
Yad Ramah on Bava Batra 133b:2,הכותב כל נכסיו לאחרים והניח את 
Yad Ramah on Bava Batra 133b:3,והא דתנן הכותב כל נכסיו לאחרים 
Yad Ramah on Bava Batra 133b:4,ההוא דאשכח מרגליתא אמרה ליה דביתהו 
Yad Ramah on Bava Batra 134a:1,"ת""ר ומעשה באדם אחד שלא היו "
Yad Ramah on Bava Batra 134a:4,"ת""ר שמונים תלמידים היו לו להלל "
Yad Ramah on Bava Batra 134a:5,האומר זה בני נאמן זה אחי 
Yad Ramah on Bava Batra 134b:1,הרי אמרו האומר זה בני נאמן 
Yad Ramah on Bava Batra 134b:2,"א""ר יוסף א""ר יהודה אמר שמואל "
Yad Ramah on Bava Batra 134b:3,כי אתא רב יצחק בר יוסף 
Yad Ramah on Bava Batra 134b:6,ולמאן דאמר לא פלגינן דבורא מאי 
Yad Ramah on Bava Batra 135a:1,ההוא דהוה קא שכיב אמרי ליה 
Yad Ramah on Bava Batra 135a:4,"ומדלא חזיא לייבום ש""מ ספיקא הוא, "
Yad Ramah on Bava Batra 135a:5,ההוא דהוה מוחזק לן דלית ליה 
Yad Ramah on Bava Batra 135a:6,הרי אמרו זה אחי אינו נאמן 
Yad Ramah on Bava Batra 135b:1,אמר רבא זאת אומרת מנה לי 
Yad Ramah on Bava Batra 135b:2,הרי אמרו מת האח הספק יחזרו 
Yad Ramah on Bava Batra 135b:3,מי שמת ונמצאת דייתיקי קשורה לו 
Yad Ramah on Bava Batra 135b:10,הרי אמרו מי שמת ונמצאת דייתיקי 
Yad Ramah on Bava Batra 135b:11,שלח רבין משמא דר' אבהו היו 
Yad Ramah on Bava Batra 135b:20,מתיב רבי אבא בר ממל בריא 
Yad Ramah on Bava Batra 136a:1,איתמר אמר רב יהודה אמר שמואל 
Yad Ramah on Bava Batra 136a:2,הכותב נכסיו לבנו לאחר מותו צריך 
Yad Ramah on Bava Batra 136a:6,הכותב נכסיו לבנו לאחר מותו האב 
Yad Ramah on Bava Batra 136a:7,הרי אמרו הכותב נכסיו לבנו לאחר 
Yad Ramah on Bava Batra 136a:8,"רבי יוסי אומר א""צ מהיום א""ר "
Yad Ramah on Bava Batra 136a:15,בעא מיניה רבא מר' נחמן בהקנאה 
Yad Ramah on Bava Batra 136b:1,הרי אמרו הכותב נכסיו לבנו לאחר 
Yad Ramah on Bava Batra 136b:5,איתמר המוכר שדהו לפירות ר' יוחנן 
Yad Ramah on Bava Batra 136b:6,איתיבי ר' יוחנן לריש לקיש נכסי 
Yad Ramah on Bava Batra 137a:1,ואסיקנא אלא אחריך נמי אי כמעכשיו 
Yad Ramah on Bava Batra 137a:3,"ורמי דרבי אדרבי ורמי דרשב""ג ארשב""ג "
Yad Ramah on Bava Batra 137a:5,אמר אביי איזה הוא רשע ערום 
Yad Ramah on Bava Batra 137a:6,ומי אביי אמר הכי והא אתמר 
Yad Ramah on Bava Batra 137a:8,"א""ר זירא אר""י הלכה כרשב""ג ואפי' "
Yad Ramah on Bava Batra 137b:1,דרש רב נחמן בר רב חסדא 
Yad Ramah on Bava Batra 137b:2,אלא מיהו הא דקא מסיק רב 
Yad Ramah on Bava Batra 137b:3,אמר רבה בר רב הונא האחים 
Yad Ramah on Bava Batra 137b:5,אמר רבא אתרוג זה נתון לך 
Yad Ramah on Bava Batra 137b:6,ההיא איתתא דהוה לה דיקלא בארעא 
Yad Ramah on Bava Batra 137b:7,אמר רבא אמר רב נחמן שור 
Yad Ramah on Bava Batra 138a:1,אמר רב יהודה אמר שמואל הכותב 
Yad Ramah on Bava Batra 138a:5,"ת""ר שכיב מרע שאמר תנו מאתים "
Yad Ramah on Bava Batra 138b:1,"ת""ר שכיב מרע שאמר תנו מאתים "
Yad Ramah on Bava Batra 138b:15,"ת""ר שכיב מרע שאמר מנה יש "
Yad Ramah on Bava Batra 138b:18,"מ""ש מדרבא דאמר רבא אין חולצין "
Yad Ramah on Bava Batra 139a:1,הרי אמרו הכותב נכסיו לבנו מהיום 
Yad Ramah on Bava Batra 139a:7,הניח בנים גדולים וקטנים אין הגדולים 
Yad Ramah on Bava Batra 139a:8,נשאו גדולים ישאו קטנים ואם אמרו 
Yad Ramah on Bava Batra 139a:9,הניח בנות קטנות וגדולות אין הגדולות 
Yad Ramah on Bava Batra 139a:10,זה חומר בבנות מבבנים שהבנות ניזונות 
Yad Ramah on Bava Batra 139a:11,אמר רבה האי גדול אחי דלביש 
Yad Ramah on Bava Batra 139a:12,והא דתנן נשאו גדולים ישאו קטנים 
Yad Ramah on Bava Batra 139a:13,שלח ליה אבוה בר גניבא לרבא 
Yad Ramah on Bava Batra 139b:1,אמר רבא והשתא דשלח רבין מי 
Yad Ramah on Bava Batra 139b:11,הרי אמרו מי שמת והניח בנים 
Yad Ramah on Bava Batra 140a:6,פשיטא מרובין ונתמעטו כבר זכו בהן 
Yad Ramah on Bava Batra 140a:11,מיהא נמי שמעינן דלית הילכתא כאדמון. 
Yad Ramah on Bava Batra 140b:1,איבעיא להו בעל חוב מהו שימעט 
Yad Ramah on Bava Batra 140b:5,הניח בנים ובנות וטומטום בזמן שהנכסים 
Yad Ramah on Bava Batra 140b:6,האומר אם ילדה אשתי זכר יטול 
Yad Ramah on Bava Batra 140b:9,הרי אמרו הניח בנים ובנות וטומטום 
Yad Ramah on Bava Batra 140b:13,"וכיון דליתיה לרשב""ג שמע מינה לענין "
Yad Ramah on Bava Batra 141a:1,"תניא מצוה לזון את הבנות ק""ו "
Yad Ramah on Bava Batra 141a:2,והא דתניא ילדה זכר ונקבה הזכר 
Yad Ramah on Bava Batra 141b:1,ואלא הא דתניא ילדה זכר ונקבה 
Yad Ramah on Bava Batra 142a:1,ההוא דאמר להו לדביתהו נכסי להאי 
Yad Ramah on Bava Batra 142a:2,תניא גר שמת ובזבזו ישראל את 
Yad Ramah on Bava Batra 142a:4,"ת""ש תינוק בן יום אחד נוחל "
Yad Ramah on Bava Batra 142b:5,מר בריה דרב יוסף משמיה דרבא 
Yad Ramah on Bava Batra 142b:11,ואמר מר בריה דרב יוסף בריה 
Yad Ramah on Bava Batra 142b:12,ואמר מר בריה דרב יוסף בריה 
Yad Ramah on Bava Batra 142b:13,"א""ר יצחק א""ר יוחנן המזכה לעובר "
Yad Ramah on Bava Batra 143a:1,ההוא דאמר לה לדביתהו נכסי לבני 
Yad Ramah on Bava Batra 143a:5,דאיתמר קני כחמור לא קני את 
Yad Ramah on Bava Batra 143a:6,ואמר רב ששת מנא אמינא לה 
Yad Ramah on Bava Batra 143a:8,מתיב רב אויא תיובתא מעשה בחמש 
Yad Ramah on Bava Batra 143a:11,ההוא דאמר לה לדביתהו נכסי לך 
Yad Ramah on Bava Batra 143a:13,ומתמהינן אקושייה דאביי איני והא הוה 
Yad Ramah on Bava Batra 143b:1,מתיב רב זירא האומר הרי עלי 
Yad Ramah on Bava Batra 143b:2,ואסיקנא והילכתא כותיה דרב יוסף בסדום 
Yad Ramah on Bava Batra 143b:3,ההוא דשדר פיסקי דשיראי לביתיה אמר 
Yad Ramah on Bava Batra 143b:4,"ואגב ארחיך ש""מ דמאי דיהיב איניש "
Yad Ramah on Bava Batra 143b:5,ההוא דאמר להו נכסי לבני הוו 
Yad Ramah on Bava Batra 143b:7,ההוא דאמר להו נכסי לבני הוה 
Yad Ramah on Bava Batra 143b:8,תניא כוותיה דמר בר רב אסי 
Yad Ramah on Bava Batra 143b:9,הניח בנים גדולים וקטנים והשביחו הגדולים 
Yad Ramah on Bava Batra 143b:17,הרי אמרו הניח בנים גדולים וקטנים 
Yad Ramah on Bava Batra 144a:2,רב ספרא שבק אבוה זוזי שקלינהו 
Yad Ramah on Bava Batra 144a:6,והא דתנן וכן האשה שהשביחה את 
Yad Ramah on Bava Batra 144a:8,ואי אמרה ראו מה שהניח בעלי 
Yad Ramah on Bava Batra 144a:9,"א""ר חנינא המשיא אשה לבנו גדול "
Yad Ramah on Bava Batra 144a:10,פשיטא ייחד לו בית ועלייה בית 
Yad Ramah on Bava Batra 144a:11,והא דתניא ייחד לו אביו בית 
Yad Ramah on Bava Batra 144a:12,אמר מר זוטרא הני תלת מילי 
Yad Ramah on Bava Batra 144b:1,האחים השותפין שנפל אחד מהן לאומנות 
Yad Ramah on Bava Batra 144b:2,הרי אמרו האחין השותפין שנפל אחד 
Yad Ramah on Bava Batra 144b:3,"ת""ר אחד מן האחים שנטל מאתים "
Yad Ramah on Bava Batra 144b:4,הרי אמרו אחד מן האחים שנפל 
Yad Ramah on Bava Batra 144b:5,האחים שעשו מקצתן שושבינות בחיי האב 
Yad Ramah on Bava Batra 144b:6,והא דתנן האחין שעשו מקצתן שושבינות 
Yad Ramah on Bava Batra 145a:1,ושמואל אמר מתני' ביבם עסיקינן דאינו 
Yad Ramah on Bava Batra 145a:3,ומדמקשינן מכלל דהאיך משלם לימא [תנו] 
Yad Ramah on Bava Batra 145a:17,והא דתניא מקום שנהגו להחזיר קידושין 
Yad Ramah on Bava Batra 145a:18,תניא קדשה בככר זהב בתולה גובה 
Yad Ramah on Bava Batra 145a:20,"ואגב ארחיך ש""מ דאשת ישראל שזינתה "
Yad Ramah on Bava Batra 145a:21,אמר רב יוסף בר מניומי אמר 
Yad Ramah on Bava Batra 145b:1,"ת""ר חמשה דברים נאמרו בשושבינות נגבית "
Yad Ramah on Bava Batra 145b:2,אמר רב כהנא כללא דשושבינותא הוה 
Yad Ramah on Bava Batra 145b:6,"ת""ר עשה עמו בפומבי ובקש לעשות "
Yad Ramah on Bava Batra 145b:10,"ת""ר עתיר נכסין עתיר פומבי זה "
Yad Ramah on Bava Batra 146a:1,מאי דכתיב כל ימי עני רעים 
Yad Ramah on Bava Batra 146a:2,השולח סבלונות לבית חמיו שלח שם 
Yad Ramah on Bava Batra 146a:3,והא דתנן השולח סבלונות לבית חמיו 
Yad Ramah on Bava Batra 146a:4,אכל תנן שתה מאי הוא תנן 
Yad Ramah on Bava Batra 146a:8,איבעיא להו מהו שישלש שבח סבלונות 
Yad Ramah on Bava Batra 146a:9,בעי רבא סבלונות העשויין להבלות ולא 
Yad Ramah on Bava Batra 146a:11,"א""ר יהודה אמר שמואל מעשה באדם "
Yad Ramah on Bava Batra 146b:1,"א""ר יהודה א""ר מעשה באדם אחד "
Yad Ramah on Bava Batra 146b:2,יתיב רבין סבא קמיה דרב פפא 
Yad Ramah on Bava Batra 146b:7,שכיב מרע שכתב כל נכסיו לאחרים 
Yad Ramah on Bava Batra 146b:10,הרי אמרו שכיב מרע שכתב כל 
Yad Ramah on Bava Batra 146b:11,מאי רבי שמעון בן מנסיא דתניא 
Yad Ramah on Bava Batra 146b:12,רב ששת אמר ר' שמעון שזורי 
Yad Ramah on Bava Batra 147a:1,"מאן תנא להא דת""ר הרי שהיה "
Yad Ramah on Bava Batra 147a:2,"א""ר זירא אמר רב מנין למתנת "
Yad Ramah on Bava Batra 147b:7,ומי אמר רב נחמן הכי והאמר 
Yad Ramah on Bava Batra 147b:12,אמר רבא אמר רב נחמן שכיב 
Yad Ramah on Bava Batra 148a:1,"ודיקינן בגמרא למימרא דקסבר ר""נ מילתא "
Yad Ramah on Bava Batra 148a:6,הרי אמרו* שכיב מרע שאמר ידור 
Yad Ramah on Bava Batra 148b:1,איבעיא להו בית לאחד ודיוטא לאחד 
Yad Ramah on Bava Batra 148b:4,"ואגב ארחיך ש""מ דהלכתא כריש לקיש, "
Yad Ramah on Bava Batra 148b:5,"אמר רב יוסף בר מניומי א""ר "
Yad Ramah on Bava Batra 148b:7,אמר רב אחא בר מניומי אמר 
Yad Ramah on Bava Batra 148b:13,איבעיא להו חזרה במקצת הויא חזרה 
Yad Ramah on Bava Batra 148b:16,איבעיא להו הקדיש כל נכסיו מהו 
Yad Ramah on Bava Batra 148b:17,"א""ר ששת יטול יזכה ויחזיק ויקנה "
Yad Ramah on Bava Batra 149a:1,איבעיא להו יהנה בהן מהו יראה 
Yad Ramah on Bava Batra 149a:2,איבעיא להו מכר כל נכסיו מהו. 
Yad Ramah on Bava Batra 149a:4,איבעיא להו שכיב מרע שהודה מהו. 
Yad Ramah on Bava Batra 149b:1,והא דתנן שכיב מרע שכתב כל 
Yad Ramah on Bava Batra 150a:1,והא דתנן הכותב כל נכסיו לעבדו 
Yad Ramah on Bava Batra 150a:2,והא דתנן רבי דוסא בן הרכינס 
Yad Ramah on Bava Batra 150a:3,אמר מטלטלי לפלניא כל מאני תשמישתיה 
Yad Ramah on Bava Batra 150a:4,איבעיא להו עבדא כמקרקעא דמי או 
Yad Ramah on Bava Batra 150a:5,"א""ל רבינא לרב אשי ת""ש דתנן "
Yad Ramah on Bava Batra 150b:2,"אמר רבא א""ר נחמן חמשה עד "
Yad Ramah on Bava Batra 150b:3,שכיב מרע מאי היא דתנן שכיב 
Yad Ramah on Bava Batra 150b:4,עבדו מאי היא דתנן הכותב כל 
Yad Ramah on Bava Batra 150b:5,"אשתו מאי היא דא""ר יהודה אמר "
Yad Ramah on Bava Batra 150b:6,בניו מאי היא דתנן הכותב כל 
Yad Ramah on Bava Batra 150b:7,מברחת מאי היא דאמר [מר] מברחת 
Yad Ramah on Bava Batra 150b:8,ואסיקנא ובכולהו הני חמשה אי שייר 
Yad Ramah on Bava Batra 150b:10,אמר נכסי לפלוני עבדא אקרי נכסי 
Yad Ramah on Bava Batra 151a:5,אימיה דמר זוטרא בר טוביא כתבינהו 
Yad Ramah on Bava Batra 151a:7,אימיה דרמי בר חמא כתבתינהו לנכסה 
Yad Ramah on Bava Batra 151a:8,אימיה דרב עמרם חסידא הוה לה 
Yad Ramah on Bava Batra 151a:10,אחתיה דרב טובי בר רב מתנה 
Yad Ramah on Bava Batra 151b:1,אחתיה דרב דימי בר יוסף הוה 
Yad Ramah on Bava Batra 151b:3,אתמר מתנת שכיב מרע במקצת אמר 
Yad Ramah on Bava Batra 151b:4,איתיביה רב משרשייא לרבא דאמר משמיה 
Yad Ramah on Bava Batra 151b:5,איתיביה רבינא לרבא האומר תנו גט 
Yad Ramah on Bava Batra 151b:6,ואסיקנא והלכתא מתנת שכיב מרע במקצת 
Yad Ramah on Bava Batra 152a:1,"איתמר מתנת ש""מ שכתוב בה קנין, "
Yad Ramah on Bava Batra 152a:2,שלח רבין משמיה דרבי אבהו הוו 
Yad Ramah on Bava Batra 152b:1,והאמר רב יהודה אמר שמואל שכיב 
Yad Ramah on Bava Batra 152b:2,פשיטא כתב כל נכסיו לזה וחזר 
Yad Ramah on Bava Batra 152b:7,שלחו ליה מבי רב לשמואל ילמדנו 
Yad Ramah on Bava Batra 153a:1,ההיא דכתבינהו לכולה נכסה על ידי 
Yad Ramah on Bava Batra 153a:2,ההוא דהוה כתיב בה בחיים ובמות. 
Yad Ramah on Bava Batra 153a:10,נקטינן השתא מהני שמעתתא בענין מתנת 
Yad Ramah on Bava Batra 153b:1,ההיא מתנתה דהוה כתיב בה כד 
Yad Ramah on Bava Batra 153b:3,"א""ר אלעזר ולענין טומאה כמחלוקת דאע""ג "
Yad Ramah on Bava Batra 154a:1,והא דתנן לא כתב בה שכיב 
Yad Ramah on Bava Batra 154b:1,בפלוגתא רבי יוחנן אמר ראיה בעדים 
Yad Ramah on Bava Batra 154b:7,"ת""ש שאל רשב""ל את רבי יוחנן "
Yad Ramah on Bava Batra 155a:14,איתמר בן מאימתי מוכר בנכסי אביו 
Yad Ramah on Bava Batra 155b:7,וכי לא נולדו בו סימני סריס 
Yad Ramah on Bava Batra 155b:9,והא דאמרי' כי אתו לקמיה דר' 
Yad Ramah on Bava Batra 155b:12,איבעיא להו תוך זמן כלפני זמן 
Yad Ramah on Bava Batra 155b:13,"מיהו ש""מ דמאן דחזו ביה שטותא "
Yad Ramah on Bava Batra 155b:14,שלח ליה גידול בר מנשי לרבא 
Yad Ramah on Bava Batra 155b:15,ההוא פחות מבן כ' דאזל וזבין 
Yad Ramah on Bava Batra 155b:17,אמר רב הונא בריה דרב יהושע 
Yad Ramah on Bava Batra 156a:1,"אמר אמימר מתנתו מתנה. ואמקרקעי קאי, "
Yad Ramah on Bava Batra 156a:4,אמר רב נחמן אמר שמואל בודקין 
Yad Ramah on Bava Batra 156a:29,"הרי אמרו בודקין לגיטין ולקידושין, וכיון "
Yad Ramah on Bava Batra 156a:30,ולחליצה לאפוקי מדרבי יוסי. כלומר הא 
Yad Ramah on Bava Batra 156a:31,ולמיאונין לאפוקי מדרב יאודה. כלומר והא 
Yad Ramah on Bava Batra 156a:32,ולמכור בנכסי אביו עד שיהא בן 
Yad Ramah on Bava Batra 156a:33,ואסיקנא והלכתא תוך זמן כלפני זמן. 
Yad Ramah on Bava Batra 156a:38,ואסיקנא והלכתא כגידול בר מנשי. כלומר 
Yad Ramah on Bava Batra 156a:39,ואסיקנא נמי הילכתא כמר זוטרא דאמר 
Yad Ramah on Bava Batra 156a:40,"והלכתא כאמימר. אע""ג דלא ידע בטיב "
Yad Ramah on Bava Batra 156a:41,והלכתא כרב יאודה אמר שמואל בכולהי. 
Yad Ramah on Bava Batra 156b:1,המחלק נכסיו על פיו רבי אליעזר 
Yad Ramah on Bava Batra 156b:4,(נמצא) [כיוצא] בו זכין לקטן ואין 
Yad Ramah on Bava Batra 156b:5,והא דתנן המחלק נכסיו על פיו 
Yad Ramah on Bava Batra 156b:6,והא דתנן בני רוכל תקברם אמם 
Yad Ramah on Bava Batra 156b:7,"א""ר לוי קונין משכיב מרע ואפי' "
Yad Ramah on Bava Batra 157a:1,והא דתנן וחכמים אומרים בשבת דבריו 
Yad Ramah on Bava Batra 157a:2,נפל הבית עליו ועל אביו עליו 
Yad Ramah on Bava Batra 157a:5,תנן התם המלוה את חבירו בשטר 
Yad Ramah on Bava Batra 157a:7,"א""ר חגא ת""ש נפל הבית עליו "
Yad Ramah on Bava Batra 157b:2,"א""ר יעקב מנהר פקוד משמא דרבינא "
Yad Ramah on Bava Batra 157b:4,"א""ר משרשיא משמיה דרבא ת""ש לשבח "
Yad Ramah on Bava Batra 157b:16,"ואסיקנא ואת""ל דאיקני קנה ומכר דאקני "
Yad Ramah on Bava Batra 157b:32,מיתיבי לשבח קרקעות כיצד הרי שמכר 
Yad Ramah on Bava Batra 158a:1,נפל הבית עליו ועל אשתו יורשי 
Yad Ramah on Bava Batra 158b:1,נפל הבית עליו ועל אמו אלו 
Yad Ramah on Bava Batra 159a:1,שלחו מתם בן שמכר בנכסי אביו 
Yad Ramah on Bava Batra 159a:3,וסברינן למימר אי קשיא הא קשיא 
Yad Ramah on Bava Batra 159a:5,וסברינן למימר אלא אי קשיא הא 
Yad Ramah on Bava Batra 159b:1,ולענין בן שמכר בנכסי אביו בחיי 
Yad Ramah on Bava Batra 159b:5,הרי אמרו נפל הבית עליו ועל 
Yad Ramah on Bava Batra 159b:6,והא דתנן נפל הבית עליו ועל 
Yad Ramah on Bava Batra 159b:7,בעו מיניה מרב ששת בן מהו 
Yad Ramah on Bava Batra 159b:9,ההוא דאמר ליה לחבריה נכסי דבי 
Yad Ramah on Bava Batra 159b:10,ורמי דרבא אדרבא ורמי דרב נחמן 
Yad Ramah on Bava Batra 160a:1,גט פשוט עדיו מתוכו מקושר עדיו 
Yad Ramah on Bava Batra 160a:11,גט פשוט עדיו שנים מקושר עדיו 
Yad Ramah on Bava Batra 160b:1,הרי אמרו גט פשוט עדיו מתוכו 
Yad Ramah on Bava Batra 160b:10,"והיכן העדים חותמין במקושר, רב הונא "
Yad Ramah on Bava Batra 160b:11,"א""ל רמי בר חמא לרב חסדא "
Yad Ramah on Bava Batra 160b:14,והשתא דאסיקנא דרב הונא דאמר בין 
Yad Ramah on Bava Batra 160b:15,ודיקינן לרב הונא דלא בעי כנגד 
Yad Ramah on Bava Batra 161a:12,ולרב ירמיה בר אבא דאמר(י) אחורי 
Yad Ramah on Bava Batra 161a:16,תוב אקשינן לרב ירמיה בר אבא 
Yad Ramah on Bava Batra 161b:8,"ואגב ארחיך ש""מ דרצועות המקושר מראשו "
Yad Ramah on Bava Batra 162a:1,"א""ר יצחק בר יוסף א""ר יוחנן "
Yad Ramah on Bava Batra 162b:1,איבעיא להו הרחיק את העדים מן 
Yad Ramah on Bava Batra 162b:7,תניא הרחיק את העדים מן הכתב 
Yad Ramah on Bava Batra 162b:12,"ואגב ארחיך ש""מ דאויר פוסל בסוכה "
Yad Ramah on Bava Batra 163a:1,איבעיא להו שני שיטין שאמרו הן 
Yad Ramah on Bava Batra 163a:4,אמר רב לא שאנו אלא בין 
Yad Ramah on Bava Batra 163b:5,"ואע""ג דליתיה לדרב שמעינן משיקלא וטריא "
Yad Ramah on Bava Batra 164a:1,גופא אמר רב שטר הבא הוא 
Yad Ramah on Bava Batra 164a:3,מיתיבי הוא על הנייר ועדיו על 
Yad Ramah on Bava Batra 164a:4,"וש""מ דשטר הבא הוא ועדיו על "
Yad Ramah on Bava Batra 164a:6,אי הכי דמהני למכתב קיומא כהאי 
Yad Ramah on Bava Batra 164b:1,ר' חנינא בן גמליאל אומר מקושר 
Yad Ramah on Bava Batra 164b:2,"וש""מ דמקושר אין זמנו כזמנו של "
Yad Ramah on Bava Batra 164b:3,ההוא מקושר דהוה כתיב ביה בשנת 
Yad Ramah on Bava Batra 164b:4,"ת""ר הריני נזיר [הין] סומכוס אומר "
Yad Ramah on Bava Batra 164b:5,תנו רבנן בית עגול* טרגון פונטיגון 
Yad Ramah on Bava Batra 164b:6,ההוא מקושר דאתא לקמיה דרבי ואמר 
Yad Ramah on Bava Batra 164b:9,אמר רב עמרם אמר רב שלש 
Yad Ramah on Bava Batra 165a:1,והא דתנן רבן שמעון בן גמליאל 
Yad Ramah on Bava Batra 165a:4,"אמר אביי רשב""ג ורבי שמעון ור""א "
Yad Ramah on Bava Batra 165b:1,והא דתנן פשוט שכתוב בו עד 
Yad Ramah on Bava Batra 165b:3,"א""ל רב אשי לאמימר אתון הכי "
Yad Ramah on Bava Batra 165b:4,מר בר חייא אמר הכי שלחו 
Yad Ramah on Bava Batra 165b:5,רבינא אמר הכי שלחו ליה שלשה 
Yad Ramah on Bava Batra 165b:6,כתוב בו זוזין מאה דאינון סלעים 
Yad Ramah on Bava Batra 165b:7,כסף זוזין דאינון ונמחקו אין פחות 
Yad Ramah on Bava Batra 165b:10,כתוב בו מלמעלה מנה ומלמטה מאתים 
Yad Ramah on Bava Batra 165b:11,"ת""ר כסף אין פחות מדינר כסף. "
Yad Ramah on Bava Batra 166a:1,"ת""ר דהב אין פחות מדינר דהב. "
Yad Ramah on Bava Batra 166b:3,"ת""ר ילמד התחתון מן העליון אות "
Yad Ramah on Bava Batra 166b:4,אמר רב פפא פשיטא לי ספל 
Yad Ramah on Bava Batra 166b:6,ההוא שטרא דהוה כתיב ביה שית 
Yad Ramah on Bava Batra 167a:3,אמר אביי האי מאן דמחוי חתמות 
Yad Ramah on Bava Batra 167a:4,אמר אביי מתלת ועד עשר לא 
Yad Ramah on Bava Batra 167a:5,ההוא שטרא דהוה כתיב ביה תולתא 
Yad Ramah on Bava Batra 167a:7,ההוא דהוה כתיב ביה מנת ראובן 
Yad Ramah on Bava Batra 167a:9,ההוא שטרא דהוו חתימי עליה רבא 
Yad Ramah on Bava Batra 167a:11,"כותבין גט לאיש ואע""פ שאין אשתו "
Yad Ramah on Bava Batra 167b:1,"כותבין שטר ללוה אע""פ שאין המלוה "
Yad Ramah on Bava Batra 167b:6,"כותבין שטר למוכר אע""פ שאין הלוקח "
Yad Ramah on Bava Batra 167b:18,אין כותבין שטרי אירוסין ונשואין אלא 
Yad Ramah on Bava Batra 167b:19,ואין כותבין שטרי אריסות וקבלנות אלא 
Yad Ramah on Bava Batra 167b:24,"והא דתנן כותבין גט לאיש אע""פ "
Yad Ramah on Bava Batra 167b:25,וליחוש לשני יוסף בן שמעון הדרין 
Yad Ramah on Bava Batra 167b:28,וליחוש לאיניש מעלמא דילמא אזיל למתא 
Yad Ramah on Bava Batra 167b:31,ההוא תברא דהוה חתים עליה רבא 
Yad Ramah on Bava Batra 168a:3,ההוא תברא דהוה חתים עליה רב 
Yad Ramah on Bava Batra 168a:4,אמר אביי הילכך כיון דצורבא מרבנן 
Yad Ramah on Bava Batra 168a:5,והא דתנן כותבין גט לאיש והבעל 
Yad Ramah on Bava Batra 168a:6,והא דתנן והלוקח נותן שכר פשיטא 
Yad Ramah on Bava Batra 168a:7,"והא דתנן כותבין שטר ללוה אע""פ "
Yad Ramah on Bava Batra 168a:8,הרי אמרו שטרי אירוסין ונישואין מדעת 
Yad Ramah on Bava Batra 168a:9,שטרי אריסות וקבלנות המקבל נותן שכר 
Yad Ramah on Bava Batra 168a:10,והא דתנן אין כותבין שטרי בירורין 
Yad Ramah on Bava Batra 168a:12,מי שפרע מקצת חובו והשליש את 
Yad Ramah on Bava Batra 168a:13,והא דתנן מי שפרע מקצת חובו 
Yad Ramah on Bava Batra 168b:1,מי שנמחק שטר חובו מעמיד עליו 
Yad Ramah on Bava Batra 168b:7,הרי אמרו מי שנמחק שטר חובו 
Yad Ramah on Bava Batra 168b:11,היכי דמי נקרע והיכי דמי נתקרע 
Yad Ramah on Bava Batra 168b:12,הנהו ערבאי דהוו קאנסי ארעתא דאינשי 
Yad Ramah on Bava Batra 169a:1,"ת""ר מי שבא ואמר אבד שטר "
Yad Ramah on Bava Batra 169a:4,אמר מר אבל בשטר מקח וממכר 
Yad Ramah on Bava Batra 169b:81,אמר מר כותבין חוץ מן האחריות 
Yad Ramah on Bava Batra 169b:82,ההיא אתתא דיהבה ליה זוזי לההוא 
Yad Ramah on Bava Batra 169b:83,"אמר מר וכן היה רשב""ג אומר "
Yad Ramah on Bava Batra 169b:86,"ואע""ג דליתה לדאביי שמע מינה לפום "
Yad Ramah on Bava Batra 169b:87,תנו רבנן הבא לידון בשטר ובחזקה 
Yad Ramah on Bava Batra 169b:88,איבעיא לן במאי קא מיפלגי כי 
Yad Ramah on Bava Batra 170a:2,ואמרינן אלא אמר אביי הכא במאי 
Yad Ramah on Bava Batra 170a:5,ומיהא נמי שמעינן דמאן דקאני ארעא 
Yad Ramah on Bava Batra 170a:6,איבעי תימא הכא בלברר קא מפלגי. 
Yad Ramah on Bava Batra 170b:1,כי הא דרב יצחק הוה מסיק 
Yad Ramah on Bava Batra 170b:3,מי שפרע מקצת חובו ר' יאודה 
Yad Ramah on Bava Batra 170b:4,והא דתנן מי שפרע מקצת חובו 
Yad Ramah on Bava Batra 171a:4,מאי בריתא דתניא הרי שהיה נושה 
Yad Ramah on Bava Batra 171a:5,"ת""ר שטר שזמנו כתוב בשבת או "
Yad Ramah on Bava Batra 171b:3,אמר רב הונא בריה דרב יהושע 
Yad Ramah on Bava Batra 171b:4,תנן התם שטרי חוב המוקדמין פסולין 
Yad Ramah on Bava Batra 172a:8,אמר להו רב לספריה וכן אמר 
Yad Ramah on Bava Batra 172a:11,ואמר רבה בר שילא להנהו דכתבי 
Yad Ramah on Bava Batra 172a:13,אמר רבא האי מאן דנקיט שטרא 
Yad Ramah on Bava Batra 172a:17,ואמר רבא האי מאן דנקיט תרי 
Yad Ramah on Bava Batra 172a:18,ואמר רב אשי האי מאן דנקיט 
Yad Ramah on Bava Batra 172a:19,שני אחים אחד עני ואחד עשיר 
Yad Ramah on Bava Batra 172a:21,שנים שהיו בעיר אחת שם אחד 
Yad Ramah on Bava Batra 172b:1,ההוא שטרא דנפק לבי דינא דרב 
Yad Ramah on Bava Batra 172b:5,"וש""מ דגט שאין בו זמן אלא "
Yad Ramah on Bava Batra 173a:1,דכולי עלמא מיהת לנפילה דחד לא 
Yad Ramah on Bava Batra 173a:4,"אמר אביי מנא אמינא לה, דאע""ג "
Yad Ramah on Bava Batra 173a:14,והא דתניא גבי שני יוסף בן 
Yad Ramah on Bava Batra 173a:16,הרי אמרו נמצא לאחד בין שטרותיו 
Yad Ramah on Bava Batra 173a:17,אביי אמר הכי קאמר נמצא לאחד 
Yad Ramah on Bava Batra 173a:18,האומר לבנו שטר בין שטרותי פרוע 
Yad Ramah on Bava Batra 173a:19,אמר רבא שטר לך בידי פרוע 
Yad Ramah on Bava Batra 173a:20,"א""ל רבינא לרבא אלא מעתה שדי "
Yad Ramah on Bava Batra 173b:1,המלוה את חבירו על ידי ערב 
Yad Ramah on Bava Batra 173b:2,"וכן היה רשב""ג אומר הערב לאשה "
Yad Ramah on Bava Batra 173b:3,"והא דתנן המלוה את חבירו ע""י "
Yad Ramah on Bava Batra 173b:4,"א""ר הונא מניין לערב דמשתעבד דכתיב "
Yad Ramah on Bava Batra 173b:5,אמר אמימר ערב דמשתעבד מחלוקת רבי 
Yad Ramah on Bava Batra 173b:6,"וש""מ דהלכה למעשה היא דאסמכתא לא "
Yad Ramah on Bava Batra 173b:7,והא דתנן אם אמר לו על 
Yad Ramah on Bava Batra 174a:2,"ערב הא דאמרן. ציידן, דתנן בפרק "
Yad Ramah on Bava Batra 174a:3,אמר רב הונא הלוהו ואני ערב 
Yad Ramah on Bava Batra 174a:12,ההוא דיאנא דאחתיה למלוה לנכסים דלוה 
Yad Ramah on Bava Batra 174b:1,ההוא ערבא דיתמי דפרעיה למלוה מקמי 
Yad Ramah on Bava Batra 174b:34,מיתיבי ערב שהיה שטר חוב יוצא 
Yad Ramah on Bava Batra 174b:36,ההוא ערבא דגוי דפרעיה לגוי מקמי 
Yad Ramah on Bava Batra 174b:41,ואגב ארחין שמעינן מהני תרי עובדי 
Yad Ramah on Bava Batra 174b:42,משה בר עצארי ערבא דכתובתה דכלתיה 
Yad Ramah on Bava Batra 174b:43,"וש""מ דהיכא דהוה ערב ערבא דכלתיה "
Yad Ramah on Bava Batra 174b:44,דאיתמר ערב דכתובה דברי הכל לא 
Yad Ramah on Bava Batra 174b:46,"א""ר הונא שכיב מרע שהקדיש כל "
Yad Ramah on Bava Batra 175a:17,אמר רבא שכיב מרע שאמר מנה 
Yad Ramah on Bava Batra 175a:18,ואסיקנא אלא אי אתמר הכי אתמר 
Yad Ramah on Bava Batra 175a:21,בעי רבא שכיב מרע שהודה מהו. 
Yad Ramah on Bava Batra 175b:1,המלוה את חבירו בשטר גובה מנכסים 
Yad Ramah on Bava Batra 175b:2,ערב היוצא לאחר חתום שטרות גובה 
Yad Ramah on Bava Batra 175b:5,אמר עולא דבר תורה אחד מלוה 
Yad Ramah on Bava Batra 175b:10,"רב ושמואל דאמרי תרויהו מלוה ע""פ "
Yad Ramah on Bava Batra 175b:11,מיתיבי החופר בור ברשות הרבים ונפל 
Yad Ramah on Bava Batra 176a:1,"אמר רב פפא הלכתא מלוה ע""פ "
Yad Ramah on Bava Batra 176a:4,הרי אמרו הוציא עליו כתב ידו 
Yad Ramah on Bava Batra 176a:6,מתיב רמי בר חמא שלשה גיטין 
Yad Ramah on Bava Batra 176a:8,הרי אמרו ערב היוצא לאחר חיתום 
Yad Ramah on Bava Batra 176a:16,מעשה בא לפני ר' ישמעאל בערב 
Yad Ramah on Bava Batra 176b:1,"א""ר יהודה אמר שמואל חנוק וקנו "