"Likkutei Torah, Beshalach 1:21",,
"Likkutei Torah, Beshalach 1:34",,
"Likkutei Torah, Pekudei 1:2","Zohar, Terumah 5:30-6:38",כד אתכפיא סט״א אסתלק יקרא דקוב״ה לעילא על כולא
"Likkutei Torah, Pekudei 1:48","Zohar, Vayikra 47:325-334",מענין סלה
"Likkutei Torah, Pekudei 1:48","Zohar, Bereshit 83:225-235",דהא לעילא לית תמן שאלה כו׳
"Likkutei Torah, Pekudei 2:3","Zohar, Pinchas 77:476-78:481",בענין ע׳ רבתי דשמע וד׳ רבתי דאחד וסימנא דא עד הוי׳ בכם
"Likkutei Torah, Pekudei 2:3","Zohar, Kedoshim 18:118-19:127",
"Likkutei Torah, Pekudei 2:8","Zohar, Emor 39:212-218",דמציאות אבא נמשך מפנימי׳ שבתוך השע רות די״ג ת״ד. משא״כ מציאות אימא נמשך מהשערות עצמן
"Likkutei Torah, Pekudei 2:14",,
"Likkutei Torah, Pekudei 2:32","Zohar, Pekudei 4:12-20",ועבד הלוי הוא
"Likkutei Torah, Pekudei 2:33","Zohar, Pinchas 77:476-78:481",דענין אתוון דאשתארו ש׳ מ׳ משמע א׳ ח׳ מאחד וסימן אשמ״ח הה״ד אנכי אשמח בה׳
"Likkutei Torah, Pekudei 2:32","Zohar, Pekudei 1:1-63:959",ויביאו את המשכן
"Likkutei Torah, Pekudei 2:32","Zohar, Pekudei 30:287-291",ויביאו את המשכן
"Likkutei Torah, Pekudei 2:33","Zohar, Bamidbar 1:1-8:77",
"Likkutei Torah, Vayikra 1:1","Zohar, Balak 45:470-480",ויקרא אל משה קלא דמלכא ולא ע״י שליחא אחרא
"Likkutei Torah, Vayikra 1:1","Zohar, Vayera 6:132-137",ויקרא אל משה ולא קאמר מאן הוה כו׳ אלא בכל הני מלאכא דברית הוה וכולא בקב״ה אתמר
"Likkutei Torah, Vayikra 1:3","Zohar, Noach 20:153-21:162",מאי מָלֵא ולא מִלָא אלא מלא ודאי דאתמליא מכולא
"Likkutei Torah, Vayikra 1:4",,
"Likkutei Torah, Vayikra 1:9",,
"Likkutei Torah, Vayikra 1:10","Zohar, Bereshit 89:298-310",אך יש א׳ מאתוון רברבן
"Likkutei Torah, Vayikra 1:12","Zohar, Emor 39:207-212",למלכא דזמין אושפיזין כו׳ תלתא אינון זמינין מקדש כו׳
"Likkutei Torah, Vayikra 1:14","Zohar, Pekudei 13:80-14:88",
"Likkutei Torah, Vayikra 1:17","Zohar, Vaera 1:8-16",
"Likkutei Torah, Vayikra 1:18","Zohar, Lech Lecha 24:260-25:266",לאחזאה דלא הוה פרודא בין עילא ותתא
"Likkutei Torah, Vayikra 1:19","Zohar, Vayera 33:494-35:506",ע״פ ומלאך פניו הושיעם
"Likkutei Torah, Vayikra 1:19","Zohar, Vayechi 72:752-73:761",ע״פ נפתלי אילה שלוחה
"Likkutei Torah, Vayikra 1:19","Zohar, Vayera 6:132-137",דויקרא אל משה הוא מלאך הברית
"Likkutei Torah, Vayikra 1:19","Zohar, Balak 6:33-41",כד איהי שליחא מלעילא וקבילת זהרא
"Likkutei Torah, Vayikra 1:25","Zohar, Noach 34:272-35:283",
"Likkutei Torah, Vayikra 1:25","Zohar, Lech Lecha 22:212-225",פי׳ פסוק זה על עסק התורה בצלו דא קב״ה כו׳ ופריו מתוקלחכי אלין מלין דאורייתא דכתיב בהו ומתוקים מדבש כו׳
"Likkutei Torah, Vayikra 1:5","Zohar, Vayikra 1:1-67:449",דתרי ענני הוו
"Likkutei Torah, Vayikra 1:5","Zohar, Vayikra 3:32-64:428",דתרי ענני הוו
"Likkutei Torah, Vayikra 3:1","Zohar, Pinchas 10:58-12:70",ועשב לעבודת האדם אלין אינון נשמותיהן דצדיקייא דההוא אדם שהוא ז״א דרכיב ושליט על בהמה דא שהיא בחינת מל׳ אכיל ואעיל לון בגויה
"Likkutei Torah, Vayikra 3:2","Zohar, Beha'alotcha 9:49-12:56",נשמתא דאמרן דא תפארת ישראל כו׳ ונשמתא לנשמתא דא איהו עתיקא קדישא וכולא חד
"Likkutei Torah, Vayikra 3:8","Zohar, Vayechi 60:597-607",כד נחית ואזיל
"Likkutei Torah, Vayikra 3:9","Zohar, Vayechi 60:607-62:618",
"Likkutei Torah, Vayikra 3:10",,
"Likkutei Torah, Vayikra 5:4","Zohar, Nasso 1:1-4",ויפח באפיו נשמת חיים
"Likkutei Torah, Vayikra 5:10",,
"Likkutei Torah, Vayikra 3:3","Zohar, Beha'alotcha 1:1-27:150",התורה היא בחינת אדם
"Likkutei Torah, Vayikra 3:3","Zohar, Beha'alotcha 13:72-16:94",התורה היא בחינת אדם
"Likkutei Torah, Vayikra 3:5","Zohar, Pinchas 1:1-129:895",מצמיח חציר לבהמה
"Likkutei Torah, Vayikra 3:5","Zohar, Pinchas 9:36-126:878",מצמיח חציר לבהמה
"Likkutei Torah, Vayikra 5:21",,
"Likkutei Torah, Tzav 1:4","Zohar, Miketz 14:228-15:238",בענין שני השבע או ההפך ח״ו
"Likkutei Torah, Tzav 1:4","Zohar, Achrei Mot 6:48-8:57",בענין המטר
"Likkutei Torah, Tzav 1:10","Zohar, Bereshit 95:371-383",פני ארי׳ דאכיל קרבנין
"Likkutei Torah, Tzav 1:11","Zohar, Tzav 21:152-154",
"Likkutei Torah, Tzav 1:19",,
"Likkutei Torah, Tzav 1:21","Zohar, Vayetzei 14:106-108",וחסידיך ירננו
"Likkutei Torah, Tzav 2:1",,
"Likkutei Torah, Tzav 2:2","Zohar, Terumah 78:761-79:771",
"Likkutei Torah, Tzav 2:6","Zohar, Bo 2:19-28",בא אל פרעה כו׳ לגבי תנינא חדא כו׳ ומשה דחיל מיניה כו׳
"Likkutei Torah, Tzav 2:7","Zohar, Shemot 16:172-17:181",מן המים משיתיהו
"Likkutei Torah, Tzav 5:14","Zohar, Shmini 2:13-3:22",כי שבעת ימים ימלא את ידכם בשבעת ימים מיבעי ליה [...] זכאין אינון כהנא [...] ומשיחין במשח רבות קודשא [...] והאי משח רבות הוא כללא דכל שבעה [...] ובג״כ שבעת ימים ימלא
"Likkutei Torah, Tzav 5:20",,
"Likkutei Torah, Tzav 5:21",,
"Likkutei Torah, Tzav 5:22",,
"Likkutei Torah, Tzav 5:27","Zohar, Tzav 29:187-30:193",מענין ימי המילואים
"Likkutei Torah, Tzav 6:9",,
"Likkutei Torah, Tzav 6:13",,
"Likkutei Torah, Tzav 7:6","Zohar, Vayetzei 23:193-200",
"Likkutei Torah, Tzav 7:14","Zohar, Vayetzei 23:200-225",דכמו שבהשכלת גשמיות אין התינוק יודע ומשכיל כלום עד שטועם לחם
"Likkutei Torah, Tzav 7:17",,
"Likkutei Torah, Tzav 7:20",,
"Likkutei Torah, Tzav 7:24","Zohar, Bereshit 1:1-2:7",בריש הורמנותא דמלכא
"Likkutei Torah, Tzav 7:34",,
"Likkutei Torah, Tzav 7:35",,
"Likkutei Torah, Tzav 7:39",,
"Likkutei Torah, Tzav 7:40",,
"Likkutei Torah, Tzav 8:11",,
"Likkutei Torah, Tzav 11:2",,
"Likkutei Torah, Tzav 12:3","Zohar, Vayechi 63:642-64:651",והוא כמו ביד יש ג׳ פרקין וכן ברגל
"Likkutei Torah, Tzav 7:30","Zohar, Vayetzei 1:1-43:389",מצה בקדמיתא ולבתר מצוה
"Likkutei Torah, Tzav 7:30","Zohar, Vayetzei 2:13-43:396",מצה בקדמיתא ולבתר מצוה
"Likkutei Torah, Tzav 7:30","Zohar, Vayetzei 5:30-32:315",מצה בקדמיתא ולבתר מצוה
"Likkutei Torah, Tzav 7:36","Zohar, Bereshit 1:1-102:448",דבחי׳ אחד ובחי׳ ועד שבק״ש זהו ענין ים ויבשה
"Likkutei Torah, Tzav 7:36","Zohar, Bereshit 35:347-94:827",דבחי׳ אחד ובחי׳ ועד שבק״ש זהו ענין ים ויבשה
"Likkutei Torah, Tzav 12:16",,
"Likkutei Torah, Shmini 1:1",,
"Likkutei Torah, Shmini 1:2","Zohar, Shmini 4:40-49",בכור שורו הדר לו
"Likkutei Torah, Shmini 2:2","Zohar, Vayetzei 32:310-34:328",אשר שם צפרים יקננו בטוליהון מקננן נשמתיהון דצדיקייא
"Likkutei Torah, Shmini 2:3",,
"Likkutei Torah, Shmini 2:4","Zohar, Vayetzei 32:319-322",
"Likkutei Torah, Shmini 2:4","Zohar, Vayikra 61:406-63:416",שיש נשמות נמשכו מזיווג זו״נ דאצילות ונק׳ הנפש ההיא נפש דאצי׳ ממש
"Likkutei Torah, Shmini 2:4","Zohar, Yitro 23:421-24:431",
"Likkutei Torah, Shmini 2:4","Zohar, Mishpatim 3:23-34",
"Likkutei Torah, Shmini 2:6","Zohar, Beshalach 10:114-125",תלת רוחין דכלילן בתלת
"Likkutei Torah, Shmini 2:11","Zohar, Terumah 94:908-96:918",
"Likkutei Torah, Shmini 2:12","Zohar, Beha'alotcha 14:77-15:87",תרום קרנו
"Likkutei Torah, Shmini 2:12","Zohar, Vayera 21:314-315",בקרן בן שמן
"Likkutei Torah, Shmini 2:13","Zohar, Bamidbar 5:46-6:56",בענין ובא לו לקרן
"Likkutei Torah, Tazria 2:4","Zohar, Bamidbar 1:17-2:26",
"Likkutei Torah, Tazria 2:4","Zohar, Bamidbar 5:46-6:56",
"Likkutei Torah, Tazria 2:4","Zohar, Vaera 2:26-3:34",
"Likkutei Torah, Tazria 2:4","Zohar, Vayeshev 13:143-15:153",העירותי מצפון
"Likkutei Torah, Tazria 2:4","Zohar, Korach 7:29-8:37",
"Likkutei Torah, Tazria 2:4","Zohar, Terumah 12:147-148",מצפון זהב
"Likkutei Torah, Tazria 2:4","Zohar, Terumah 47:506-515",שלחן בצפון
"Likkutei Torah, Tazria 3:6","Zohar, Tazria 11:40-13:50",
"Likkutei Torah, Tazria 3:9","Zohar, Tetzaveh 10:83-11:92",
"Likkutei Torah, Tazria 2:4","Zohar, Tzav 1:1-30:193",
"Likkutei Torah, Tazria 2:4","Zohar, Tzav 9:72-73",
"Likkutei Torah, Tazria 2:4","Zohar, Tzav 5:26-22:161",
"Likkutei Torah, Tazria 5:1","Zohar, Tazria 22:96-105",בחי׳ אדם למעלה הימנו
"Likkutei Torah, Tazria 6:1","Zohar, Terumah 96:918-98:925",והבריח התיכון
"Likkutei Torah, Tazria 6:2","Zohar, Vayigash 1:1",ע״פ כי אתה אבינו
"Likkutei Torah, Tazria 6:3",,
"Likkutei Torah, Tazria 6:5","Zohar, Vayakhel 25:342-353",השמים שמים ב׳ בחי׳ שמים היינו שמים עילאין ושמים תתאין
"Likkutei Torah, Tazria 6:7","Zohar, Vayakhel 24:325-332",
"Likkutei Torah, Tazria 6:13","Zohar, Terumah 54:593-55:595",קצה השמים דא עלמא עילאה והוא בחי׳ עלמא דאתכסיא
"Likkutei Torah, Tazria 6:15",,
"Likkutei Torah, Tazria 6:17",,
"Likkutei Torah, Tazria 6:4","Zohar, Bereshit 1:1-102:448",ענין ימלוך שהוא בחי׳ המשכה עליונה בפ״ע מלבד בחי׳ המשכה דברוך
"Likkutei Torah, Tazria 6:4","Zohar, Bereshit 35:347-94:827",ענין ימלוך שהוא בחי׳ המשכה עליונה בפ״ע מלבד בחי׳ המשכה דברוך
"Likkutei Torah, Tazria 6:30","Zohar, Bo 4:80-92",בשעתא דקוב״ה אתחזי על גנתא כו׳ עד ולא מתפרש מעדן
"Likkutei Torah, Tazria 6:32","Zohar, Balak 29:327-335",
"Likkutei Torah, Tazria 6:32","Zohar, Vayikra 25:191-27:200",ברכה זו הוא ע״י עסק התורה
"Likkutei Torah, Metzora 11",,
"Likkutei Torah, Achrei Mot 1:2",,
"Likkutei Torah, Metzora 5","Zohar, Korach 1:1-8:41",שמאלא אתכליל תדיר בימינא קרח בעי לאחלפא
"Likkutei Torah, Metzora 5","Zohar, Korach 8:42-14:60",שמאלא אתכליל תדיר בימינא קרח בעי לאחלפא
"Likkutei Torah, Achrei Mot 1:21",,
"Likkutei Torah, Achrei Mot 3:1",,
"Likkutei Torah, Achrei Mot 3:2",,
"Likkutei Torah, Achrei Mot 3:9","Zohar, Vayikra 31:236-32:246",
"Likkutei Torah, Achrei Mot 3:9","Zohar, Tetzaveh 13:101-111",יכפר ביום הזה וינקי ליה בקדמיתא וכל דא עליכם
"Likkutei Torah, Achrei Mot 3:9","Zohar, Terumah 85:821-86:832",מלפני הוא בחי׳ שלמעלה משם הויה אבל לפני היינו בחי׳ מלכות שהיא בחינת שקודם לשם הויה מלמטה למעלה
"Likkutei Torah, Achrei Mot 4:2","Zohar, Vayechi 16:109-17:120",
"Likkutei Torah, Achrei Mot 4:16","Zohar, Vayikra 65:435-66:445","מאן ישוב, ישוב ע״ק לאתגלייא"
"Likkutei Torah, Achrei Mot 4:16","Zohar, Emor 38:202-40:226",כי עמך הסליחה וכתיב כי עמך מקור חיים
"Likkutei Torah, Kedoshim 2:1","Zohar, Kedoshim 21:133-134",ואורייתא וקוב״ה כולא חד
"Likkutei Torah, Emor 1:28",,
"Likkutei Torah, Emor 1:31","Zohar, Nasso 18:180",שהנזיר עולה למקום גבוה ודומה לעליון
"Likkutei Torah, Emor 1:39",,
"Likkutei Torah, Emor 2:4","Zohar, Beshalach 28:398-408",כד עתיקא סתימא דכל סתימין בעי לזמנא ברכאן לעלמין אשרי כולא ואכליל כולא בהאי עמיקא עילאה
"Likkutei Torah, Emor 2:30","Zohar, Beha'alotcha 15:87-16:94",קרנו תרום
"Likkutei Torah, Emor 2:30","Zohar, Bamidbar 5:46-6:56",קרן זויות שהוא התחברות ב׳ הכתלים
"Likkutei Torah, Emor 2:40","Zohar, Beshalach 20:307-23:316",תלת עלמין אית ליה לקב״ה
"Likkutei Torah, Emor 3:1","Zohar, Emor 32:155-34:162",
"Likkutei Torah, Emor 3:1","Zohar, Terumah 54:585-593",מאי מספרים כו׳ דנהרין כו׳
"Likkutei Torah, Emor 3:17","Zohar, Balak 6:59-67",בחי׳ בהמה רבה
"Likkutei Torah, Emor 3:23","Zohar, Tetzaveh 5:48-6:55",וכיון
"Likkutei Torah, Emor 4:4","Zohar, Pinchas 10:58-12:70",אלף טורין דאכלה בהמה רבה
"Likkutei Torah, Emor 4:5",,
"Likkutei Torah, Emor 4:11","Zohar, Yitro 1:1-8",
"Likkutei Torah, Emor 4:12","Zohar, Balak 6:59-67",תנופה תנ״ו פ״ה תנו כבוד
"Likkutei Torah, Emor 4:12","Zohar, Vayechi 71:731-72:742",
"Likkutei Torah, Emor 4:15",,
"Likkutei Torah, Emor 4:20","Zohar, Tetzaveh 6:55-7:64",וקראתם דרור
"Likkutei Torah, Emor 4:21","Zohar, Tetzaveh 5:48-6:55",ת״ח כתיב וכפר בעדו ובעד ביתו כו׳ כגוונא דא האי דרגא שארי לאתקדשא
"Likkutei Torah, Emor 4:22","Zohar, Balak 6:59-67",חטה ברתא דמתחטא לקמי אבוה כו׳ אבל חמינן בשבטים כולהו דלית בהו ח״ט. ובה אית ח״ט וקרינן חט״ה
"Likkutei Torah, Emor 4:25",,
"Likkutei Torah, Emor 4:26",,
"Likkutei Torah, Emor 4:27",,
"Likkutei Torah, Emor 4:29","Zohar, Terumah 78:761-79:771",אדם קדמאה אתצייר ואתגליף בלא נוקבא
"Likkutei Torah, Emor 4:31","Zohar, Emor 43:270-278",ואדם מדכר ונוק׳ נפיק
"Likkutei Torah, Emor 4:32","Zohar, Bereshit 44:450-46:460",בההוא זמנא הוה ההוא נהרא דנגיד ונפיק אפיק רוחא מאילנא דחיי ואריק באילנא דשריא ביה מותא ואתמשכן רוחין בגווייהו דבני נשא יומין סגיאין. עד דסלקו בישין כו׳ כדין אסתלק רוחא עילאה מההוא אילנא בשעתא דפרחו נשמתין בבני נשא
"Likkutei Torah, Emor 4:33","Zohar, Beshalach 1:1-9",
"Likkutei Torah, Emor 4:35","Zohar, Vayechi 71:731-72:742",
"Likkutei Torah, Emor 4:36","Zohar, Emor 40:227",
"Likkutei Torah, Emor 5:5",,
"Likkutei Torah, Emor 5:7",,
"Likkutei Torah, Emor 5:8","Zohar, Balak 32:345-33:354",
"Likkutei Torah, Emor 6:7",,
"Likkutei Torah, Emor 6:9","Zohar, Balak 6:113-122",
"Likkutei Torah, Emor 6:9","Zohar, Beha'alotcha 22:132-25:142",בגין דהאי קרן
"Likkutei Torah, Emor 6:13","Zohar, Terumah 45:491-46:499",שולחנו של אדם מכפר עליו
"Likkutei Torah, Emor 6:24","Zohar, Terumah 96:918-98:925",
"Likkutei Torah, Emor 6:27","Zohar, Miketz 14:228-15:238",
"Likkutei Torah, Emor 4:32","Zohar, Terumah 1:1-98:925",
"Likkutei Torah, Emor 4:32","Zohar, Terumah 12:147-55:595",
"Likkutei Torah, Emor 6:27","Zohar, Bereshit 1:1-102:448",עאלת אות שי״ן כו׳ אמר לה יאות אנת וטב אנת וקשוט אנת אבל הואיל ואתוון דזיופא נטלין לך למהוי עמהון ואז נק׳ שקר
"Likkutei Torah, Emor 6:27","Zohar, Bereshit 35:347-94:827",עאלת אות שי״ן כו׳ אמר לה יאות אנת וטב אנת וקשוט אנת אבל הואיל ואתוון דזיופא נטלין לך למהוי עמהון ואז נק׳ שקר
"Likkutei Torah, Behar 1:5","Zohar, Nasso 15:145-156",שפת אמת תכון לעד כוננת לעד לא כתיב אלא תכון לעד
"Likkutei Torah, Behar 1:9",,
"Likkutei Torah, Behar 1:24","Zohar, Behar 1:1-3",הה״ד כי תבואו וגו׳ ושבתה הארץ נייחא ודאי
"Likkutei Torah, Behar 1:26",,
"Likkutei Torah, Behar 2:1","Zohar, Bereshit 83:225-235",שיש שבת תתאה ושבת עילאה בכל שבת
"Likkutei Torah, Behar 2:2","Zohar, Pinchas 105:734-738",התפלה נק׳ עולת תמיד ע״ש עליות העולמות שעולים למעלה מעלה בזמן התפלה
"Likkutei Torah, Behar 2:8",,
"Likkutei Torah, Behar 2:16",,
"Likkutei Torah, Behar 2:22","Zohar, Beshalach 19:296-20:307",היש בה עץ אם אין
"Likkutei Torah, Behar 2:13","Zohar, Bereshit 1:1-102:448",
"Likkutei Torah, Behar 2:13","Zohar, Bereshit 35:347-94:827",
"Likkutei Torah, Behar 3:1","Zohar, Bereshit 1:1-2:7","The text does not provide the actual quote from the Zohar, it only references it in passing when discussing the concept of reshimu"
"Likkutei Torah, Behar 3:3","Zohar, Bereshit 1:1-2:7",בקע ולא בקע
"Likkutei Torah, Behar 3:7",,
"Likkutei Torah, Behar 3:10","Zohar, Bereshit 83:225-235",שבתותי דא שבת עילאה ושבת תתאה כו׳ את לאסגאה תחום שבת כו׳
"Likkutei Torah, Behar 3:16",,
"Likkutei Torah, Behar 3:20",,
"Likkutei Torah, Bechukotai 1:14","Zohar, Bechukotai 1:4-2:12",ועשיתם אותם דהיינו ועשיתם אתם
"Likkutei Torah, Bechukotai 1:14","Zohar, Nasso 2:9-15",ועשיתם אותם דהיינו ועשיתם אתם
"Likkutei Torah, Bechukotai 1:14","Zohar, Terumah 66:669-678",ברוך אתה ה׳ אלקינו
"Likkutei Torah, Bechukotai 2:25","Zohar, Emor 35:167-171",מאי קמ״ל בזה וכי כל ישראל לא ידעו זה
"Likkutei Torah, Bechukotai 2:26","Zohar, Noach 14:110-15:121",
"Likkutei Torah, Bechukotai 2:28",,
"Likkutei Torah, Bechukotai 2:36",,
"Likkutei Torah, Bechukotai 2:44",,
"Likkutei Torah, Bechukotai 3:1",,
"Likkutei Torah, Bechukotai 3:3","Zohar, Beshalach 28:398-408",
"Likkutei Torah, Bechukotai 3:3","Zohar, Vayakhel 17:227-18:238",
"Likkutei Torah, Bechukotai 3:8","Zohar, Terumah 96:918-98:925",מתקלא
"Likkutei Torah, Bechukotai 4:4",,
"Likkutei Torah, Bamidbar 1:1","Zohar, Vayera 11:190-197",לכל חד לפום שיעורא דילי׳ כמו דמשער בלבו
"Likkutei Torah, Bamidbar 1:2",,
"Likkutei Torah, Bamidbar 1:4","Zohar, Mishpatim 3:43-54",ונועדתי
"Likkutei Torah, Bamidbar 1:4","Zohar, Vayigash 2:15-3:26",ונועדתי
"Likkutei Torah, Bamidbar 1:7","Zohar, Vayechi 45:470-473",פי׳ פסוק ולא יבואו כו׳ בע״א
"Likkutei Torah, Bamidbar 1:7","Zohar, Korach 4:15-5:22",
"Likkutei Torah, Bamidbar 4:2",,
"Likkutei Torah, Bamidbar 4:14",,
"Likkutei Torah, Bamidbar 5:2",,
"Likkutei Torah, Bamidbar 5:11","Zohar, Vayechi 38:398-409",
"Likkutei Torah, Bamidbar 5:30","Zohar, Bamidbar 1:1-7",אי באהל מועד אמאי במדבר סיני אלא חד לאורייתא וחד למשכנא
"Likkutei Torah, Bamidbar 6:1","Zohar, Miketz 4:39-50",
"Likkutei Torah, Bamidbar 6:6",,
"Likkutei Torah, Bamidbar 6:12","Zohar, Chayei Sara 19:183-190",אפלו בשעתא חדא ביומא חדא ברגעא חדא כו׳ קריבין לגבי קוב״ה מה דלא הוה הכי אפילו לצדיקים גמורים
"Likkutei Torah, Bamidbar 7:1",,
"Likkutei Torah, Bamidbar 7:2","Zohar, Vayera 2:27-3:33",כיון דאתגזר אתגלי כולא
"Likkutei Torah, Bamidbar 7:4","Zohar, Balak 6:113-122",מה שמו
"Likkutei Torah, Bamidbar 7:6","Zohar, Vayechi 62:618-630",ואוכל רק לשובע נפשו שהיא השכינה
"Likkutei Torah, Bamidbar 7:9","Zohar, Bereshit 83:225-235",
"Likkutei Torah, Bamidbar 7:9","Zohar, Vaetchanan 1:1-2:9",וישמע את הקול מדבר אליו כו׳ שלא ע״י כלי הדבור רק בפנימיות כו׳ הוא שרש הדבור בפנימיותו
"Likkutei Torah, Bamidbar 7:9","Zohar, Terumah 54:593-55:595",אין אמר ואין דברים כשאר אמירן דעלמא כו׳ אלא הם בחי׳ בלי נשמע קולם ואעפ״כ בכל הארץ יצא קום
"Likkutei Torah, Bamidbar 7:13","Zohar, Emor 38:197-202",
"Likkutei Torah, Bamidbar 7:13","Zohar, Terumah 86:840-851",
"Likkutei Torah, Bamidbar 8:2",,
"Likkutei Torah, Bamidbar 8:6","Zohar, Emor 43:271-274",והיה יום אחד הוא יודע
"Likkutei Torah, Bamidbar 8:9",,
"Likkutei Torah, Bamidbar 8:10","Zohar, Bereshit 37:364",יהי רקיע בתוך המים אית קרומא במציעות מעוי דבר נש
"Likkutei Torah, Bamidbar 9:1",,
"Likkutei Torah, Bamidbar 9:4","Zohar, Vayechi 76:792-77:800",
"Likkutei Torah, Bamidbar 9:5",,
"Likkutei Torah, Bamidbar 9:8","Zohar, Vayikra 66:445-67:449",
"Likkutei Torah, Bamidbar 10:2","Zohar, Vayechi 76:792-77:800",ובתי בראי אינון אקרון חצרות ה׳
"Likkutei Torah, Bamidbar 10:4","Zohar, Vayechi 21:159-171",
"Likkutei Torah, Bamidbar 10:4","Zohar, Chayei Sara 19:183-190",ישכון חצריך
"Likkutei Torah, Bamidbar 10:4","Zohar, Lech Lecha 35:442-452",ישכון חצריך
"Likkutei Torah, Bamidbar 10:4","Zohar, Noach 42:352-357",
"Likkutei Torah, Bamidbar 10:13","Zohar, Terumah 32:363-33:371",מאן ישקני ההוא דסתים כו׳ ובמה בההוא רתיכא עילאה
"Likkutei Torah, Bamidbar 10:15",,
"Likkutei Torah, Bamidbar 11:3",,
"Likkutei Torah, Bamidbar 11:10","Zohar, Mishpatim 1:1-2:4",כד אתיליד יהבין ליה נפשא מסטרא דבעירא דכיא זכה יתיר
"Likkutei Torah, Bamidbar 12:2",,
"Likkutei Torah, Bamidbar 12:5","Zohar, Mishpatim 3:193-202",
"Likkutei Torah, Bamidbar 13:7","Zohar, Mishpatim 22:520-528",
"Likkutei Torah, Bamidbar 13:7","Zohar, Shmini 5:59-6:70",
"Likkutei Torah, Bamidbar 13:8","Zohar, Balak 6:59-67",תנו פה תנו כבוד
"Likkutei Torah, Bamidbar 10:12","Zohar, Korach 1:1-8:41",הוא דא עתיקא
"Likkutei Torah, Bamidbar 10:12","Zohar, Korach 8:42-14:60",הוא דא עתיקא
"Likkutei Torah, Bamidbar 13:21","Zohar, Yitro 27:453-464",מה ע״ק טמירא מכל טמירין
"Likkutei Torah, Bamidbar 14:6",,
"Likkutei Torah, Bamidbar 14:14",,
"Likkutei Torah, Bamidbar 14:15","Zohar, Bereshit 95:371-383",קוב״ה סליק לעילא ונהר יחרב ויבש יחרב בבית ראשון ויבש בבית שני
"Likkutei Torah, Bamidbar 14:17",,
"Likkutei Torah, Bamidbar 15:11","Zohar, Chayei Sara 19:183-190",דאינון משכי עלייהו ברעותא דליבא יתיר ובחילא סגי
"Likkutei Torah, Bamidbar 15:12","Zohar, Balak 6:103-113","ועי""ז אח""כ לשמוע בקול דברו"
"Likkutei Torah, Bamidbar 15:12","Zohar, Vaetchanan 2:9-4:17",מלולא דדא מגו דא
"Likkutei Torah, Bamidbar 15:10","Zohar, Yitro 1:1-35:575",ובמה דפסקא טעמא שרי למגנב דעתיה דרביה באורייתא
"Likkutei Torah, Bamidbar 15:10","Zohar, Yitro 1:34-38",ובמה דפסקא טעמא שרי למגנב דעתיה דרביה באורייתא
"Likkutei Torah, Bamidbar 15:10","Zohar, Yitro 12:176-234",ובמה דפסקא טעמא שרי למגנב דעתיה דרביה באורייתא
"Likkutei Torah, Bamidbar 15:10","Zohar, Yitro 31:523-34:554",ובמה דפסקא טעמא שרי למגנב דעתיה דרביה באורייתא
"Likkutei Torah, Bamidbar 17:16","Zohar, Bamidbar 1:1-7",וישראל נק׳ חיילין דאורייתא
"Likkutei Torah, Bamidbar 18:14",,
"Likkutei Torah, Bamidbar 18:17",,
"Likkutei Torah, Bamidbar 19:20","Zohar, Vayakhel 33:421-34:433",והייתי לא כתיב אלא ואהיה
"Likkutei Torah, Bamidbar 19:22","Zohar, Terumah 35:406-37:415",
"Likkutei Torah, Bamidbar 20:3","Zohar, Yitro 1:18-28",טוב זה יצ״ט מאד זה יצה״ר
"Likkutei Torah, Bamidbar 20:4","Zohar, Beha'alotcha 15:87-16:94",ש״ע אלף אריוותא סוחרנא דהאי אריה כו׳ כד געי האי אריה מזדעזעין רקיעין כו׳
"Likkutei Torah, Bamidbar 20:19","Zohar, Emor 32:155-34:162",
"Likkutei Torah, Bamidbar 20:19","Zohar, Shemot 52:395-396",
"Likkutei Torah, Bamidbar 20:21",,
"Likkutei Torah, Bamidbar 20:24","Zohar, Mishpatim 1:1-2:4",
"Likkutei Torah, Bamidbar 21:4",,
"Likkutei Torah, Nasso 1:15","Zohar, Terumah 80:791-81:803",
"Likkutei Torah, Nasso 1:20",,
"Likkutei Torah, Nasso 1:31",,
"Likkutei Torah, Bamidbar 20:23","Zohar, Vayeilech 1:1-9:49",
"Likkutei Torah, Nasso 2:14",,
"Likkutei Torah, Nasso 2:16",,
"Likkutei Torah, Nasso 2:19",,
"Likkutei Torah, Nasso 2:22","Zohar, Terumah 84:813-85:821",ע״פ ועשית את הקרשים למשכן עצי שטים עומדים כו׳ שרפים עומדים ממעל לו
"Likkutei Torah, Nasso 2:26",,
"Likkutei Torah, Nasso 2:29",,
"Likkutei Torah, Nasso 2:30","Zohar, Vayikra 42:286-290",ע״פ מדותיו ודאי כד״א ע״פ אהרן ובניו תהיה
"Likkutei Torah, Nasso 4:1","Zohar, Vayikra 44:315-47:325",בשעתא דדינין מתערין ושליטין. שלטין על רחמי ורחמי אתכפיין ובשעתא דקוב״ה אתברך ממבועא דנחלא כדין גברי רחמי ואתכפיין דיני הה״ד ה׳ יחתו מריבו מריב ו׳
"Likkutei Torah, Nasso 4:3","Zohar, Balak 6:131-8:140",גבי מה כתיב בה א״ל לא תרצח
"Likkutei Torah, Nasso 4:3","Zohar, Achrei Mot 67:396-72:405",ענין הנועדים על הוי׳
"Likkutei Torah, Nasso 4:5",,
"Likkutei Torah, Nasso 4:8",,
"Likkutei Torah, Nasso 4:12",,
"Likkutei Torah, Nasso 4:13",,
"Likkutei Torah, Nasso 4:15","Zohar, Lech Lecha 27:309-28:318",ויתן עוז
"Likkutei Torah, Nasso 4:16","Zohar, Beshalach 27:358-28:368",בפי׳ ועתה יגדל נא כח אד׳
"Likkutei Torah, Nasso 5:3","Zohar, Vayigash 5:36-46",
"Likkutei Torah, Nasso 5:4","Zohar, Balak 6:59-67",נהמא על פום חרבא ייכול
"Likkutei Torah, Nasso 5:13","Zohar, Nasso 4:38-49",יאר ה׳ פניו
"Likkutei Torah, Nasso 5:13","Zohar, Vayechi 75:781-76:792",יברכך ה׳ וישמרך
"Likkutei Torah, Nasso 5:15","Zohar, Vayigash 5:36-46",
"Likkutei Torah, Nasso 5:15","Zohar, Miketz 15:238-249",
"Likkutei Torah, Nasso 5:19","Zohar, Shmini 4:31-40",ואני אברכם
"Likkutei Torah, Nasso 4:1","Zohar, Vaera 1:1-22:206",
"Likkutei Torah, Nasso 4:1","Zohar, Vaera 14:112-116",
"Likkutei Torah, Nasso 4:1","Zohar, Vaera 5:55-64",
"Likkutei Torah, Nasso 4:2","Zohar, Miketz 1:1-15:269",ולכל תכלית הוא חוקר
"Likkutei Torah, Nasso 4:3","Zohar, Korach 1:1-8:41",להפריד הגבורות בפ״ע ולא להיות בחי׳ לאכללא שמאלא בימינא
"Likkutei Torah, Nasso 4:3","Zohar, Korach 8:42-14:60",להפריד הגבורות בפ״ע ולא להיות בחי׳ לאכללא שמאלא בימינא
"Likkutei Torah, Nasso 6:4","Zohar, Vayigash 5:46-6:57",את
"Likkutei Torah, Nasso 6:4","Zohar, Vaetchanan 5:27-7:35",ותנינן ג׳ מוחי אינון כו׳ אשתכחו ד׳ מוחין כו׳ ומתפשטין בכולא
"Likkutei Torah, Nasso 6:4","Zohar, Nasso 6:93-99",איקרי אחד
"Likkutei Torah, Nasso 6:7","Zohar, Bereshit 6:60-7:70",
"Likkutei Torah, Nasso 6:7","Zohar, Pekudei 24:225-25:234",
"Likkutei Torah, Nasso 6:10",,
"Likkutei Torah, Nasso 6:24","Zohar, Terumah 76:742-77:751",דחב״ד שרשם מג׳ רישין דע״ק והדעת שרשו מראש העליון שהוא בחי׳ רדל״א
"Likkutei Torah, Nasso 7:4",,
"Likkutei Torah, Nasso 7:9","Zohar, Yitro 1:18-28",
"Likkutei Torah, Nasso 7:11","Zohar, Bamidbar 1:17-2:26",ודמות פניהם פני אדם
"Likkutei Torah, Nasso 7:11","Zohar, Tazria 22:96-105",ודמות פניהם פני אדם
"Likkutei Torah, Nasso 7:14","Zohar, Vayakhel 39:462-40:470",מענין קטרת
"Likkutei Torah, Nasso 7:16","Zohar, Beha'alotcha 15:87-16:94",קרנו תרום בכבוד
"Likkutei Torah, Nasso 7:16","Zohar, Miketz 15:238-249",שבעה ושבעה מוצקות לנרות ששבעת הנרות הן שבעה מדות והמוצקות הן המשכות ממדרגות עליונות להמדות
"Likkutei Torah, Nasso 7:16","Zohar, Tazria 20:87-22:96",שבעה הבלים
"Likkutei Torah, Nasso 8:2","Zohar, Emor 4:14-15",שמן המשחה
"Likkutei Torah, Nasso 8:6",,
"Likkutei Torah, Beha'alotcha 1:9","Zohar, Emor 40:252-42:260",אהרן אותיות נראה
"Likkutei Torah, Beha'alotcha 2:9",,
"Likkutei Torah, Beha'alotcha 2:10","Zohar, Vayechi 63:642-64:651",י״ב שבטין
"Likkutei Torah, Beha'alotcha 2:10","Zohar, Pekudei 52:775-785",ולקשרא שביעאה בשביעאה
"Likkutei Torah, Beha'alotcha 2:10","Zohar, Emor 38:197-202",בזמנא דנהרא מאבא עילאה
"Likkutei Torah, Beha'alotcha 2:10","Zohar, Chayei Sara 10:60-18:142",משקה הרים מעליותיו איזו היא עלייה זהו עדן
"Likkutei Torah, Beha'alotcha 2:11","Zohar, Beha'alotcha 7:39-9:49",
"Likkutei Torah, Beha'alotcha 3:6","Zohar, Bereshit 7:70-8:83",וכמ״כ סדר המשכתם ממקורם ושרשם שם הוא ג״כ ההשתלשלות והמזיגה באופן אחר ממש
"Likkutei Torah, Beha'alotcha 3:8",,
"Likkutei Torah, Beha'alotcha 3:10","Zohar, Balak 8:148-9:155",אתה
"Likkutei Torah, Beha'alotcha 3:23","Zohar, Lech Lecha 25:266-26:272",איהו שמן ואיהו טל
"Likkutei Torah, Beha'alotcha 3:23","Zohar, Nasso 15:145-156",דכולא דשקיט ואשתכיך
"Likkutei Torah, Beha'alotcha 3:26","Zohar, Nasso 23:197-199",חכמות בחוץ תרונה כד נגיד ממוחא סתימאה דא״א
"Likkutei Torah, Beha'alotcha 3:26","Zohar, Tzav 25:178-29:187",דשמן שריא בגו חכמה עילאה דכולא
"Likkutei Torah, Beha'alotcha 4:8",,
"Likkutei Torah, Beha'alotcha 3:27","Zohar, Toldot 1:1-19:208",
"Likkutei Torah, Beha'alotcha 3:27","Zohar, Toldot 5:33-8:72",
"Likkutei Torah, Beha'alotcha 7:6","Zohar, Bereshit 78:196-79:206",ויבן ה׳ אלקים את הצלע דהא או״א אתקינו לה כו׳ ויביאה אל האדם מכאן ואילך
"Likkutei Torah, Beha'alotcha 7:9",,
"Likkutei Torah, Sh'lach 1:3",,
"Likkutei Torah, Sh'lach 2:6",,
"Likkutei Torah, Sh'lach 2:12",,
"Likkutei Torah, Sh'lach 2:26",,
"Likkutei Torah, Sh'lach 3:1",,
"Likkutei Torah, Sh'lach 3:10",,
"Likkutei Torah, Sh'lach 4:4",,
"Likkutei Torah, Sh'lach 4:9","Zohar, Balak 1:6-2:15",בענין אד׳ מי יעמוד
"Likkutei Torah, Sh'lach 5:18",,
"Likkutei Torah, Sh'lach 6:4","Zohar, Emor 37:186-39:207",בקשו פני
"Likkutei Torah, Sh'lach 7:1","Zohar, Beshalach 18:262-19:274",שיש שני מיני עצים עץ החיים ועץ הדעת והוא דייק איזה מנהון רב
"Likkutei Torah, Sh'lach 7:2",,
"Likkutei Torah, Sh'lach 7:9","Zohar, Achrei Mot 3:21-4:30",
"Likkutei Torah, Sh'lach 7:10",,
"Likkutei Torah, Sh'lach 8:2","Zohar, Kedoshim 8:63-64",בענין דוד שפירא
"Likkutei Torah, Sh'lach 9:15","Zohar, Bo 5:101-111",
"Likkutei Torah, Sh'lach 9:15","Zohar, Achrei Mot 2:12-3:21",בזאת יבא אהרן אל הקדש
"Likkutei Torah, Sh'lach 7:3","Zohar, Noach 1:1-44:388",ועמך כולם צדיקים
"Likkutei Torah, Sh'lach 7:3","Zohar, Noach 42:346-357",ועמך כולם צדיקים
"Likkutei Torah, Sh'lach 7:3","Zohar, Noach 1:13-10:68",ועמך כולם צדיקים
"Likkutei Torah, Sh'lach 10:3",,
"Likkutei Torah, Sh'lach 11:4","Zohar, Terumah 76:742-77:751",כי בחי׳ רמ״ח מצות הנמשכות למטה הן נמשכות ע״י ב׳ בחי׳ ימין ושמאל שמאלו תחת לראשי וימינו תחבקני
"Likkutei Torah, Sh'lach 12:6",,
"Likkutei Torah, Sh'lach 12:8","Zohar, Terumah 76:742-77:751",הקשה דא״כ אין כאן רמ״ח אברים כי הרי באדם הרמ״ח אברים הם עם ידיו
"Likkutei Torah, Sh'lach 12:11","Zohar, Beshalach 32:441-452",מצוה במל׳ ותורה בז״א
"Likkutei Torah, Sh'lach 12:12",,
"Likkutei Torah, Sh'lach 12:13","Zohar, Tazria 1:1-2",א״ר יוסי כו׳ ל ת לה בפומא אלא ילידו דילה אי להוי דכר
"Likkutei Torah, Sh'lach 13:16","Zohar, Vayechi 64:651-65:661",מענין מלח ברית אלקיך
"Likkutei Torah, Sh'lach 14:6","Zohar, Tetzaveh 14:127-16:138",כיתרון האור מן החשך
"Likkutei Torah, Sh'lach 14:16","Zohar, Beshalach 19:296-20:307",היש בה עץ אם אין
"Likkutei Torah, Sh'lach 16:5",,
"Likkutei Torah, Sh'lach 16:14",,
"Likkutei Torah, Sh'lach 17:1","Zohar, Emor 43:271-274",רישא וגולגלתא ומוחי
"Likkutei Torah, Sh'lach 17:2","Zohar, Terumah 76:742-77:751",שכנגד ג׳ רישין דע״ק הוא באצילות בחינת חב״ד
"Likkutei Torah, Sh'lach 17:4","Zohar, Mishpatim 3:193-202",
"Likkutei Torah, Sh'lach 17:4","Zohar, Terumah 73:725-74:734",
"Likkutei Torah, Sh'lach 17:11",,
"Likkutei Torah, Sh'lach 17:13","Zohar, Pekudei 5:39-46",מענין חכמה ודעת
"Likkutei Torah, Sh'lach 17:14","Zohar, Vayetzei 31:305-32:310",והוא ענין אחד עם תפילין שלנו
"Likkutei Torah, Sh'lach 17:16","Zohar, Vayishlach 13:157-16:169",כמה דקב״ה לזמנין אתקרי הוי׳ ולזמנין אתקרי אלקים. ה״נ לזמנין אקרי ישראל
"Likkutei Torah, Sh'lach 18:3",,
"Likkutei Torah, Sh'lach 18:8","Zohar, Balak 2:15-4:24",בריחא דלבושייכו
"Likkutei Torah, Sh'lach 16:20","Zohar, Terumah 1:1-98:925",כד מקבלא מבין ב׳ דרועין
"Likkutei Torah, Sh'lach 16:20","Zohar, Terumah 12:147-55:595",כד מקבלא מבין ב׳ דרועין
"Likkutei Torah, Sh'lach 17:1","Zohar, Emor 1:1-51:340",רישא וגולגלתא ומוחי
"Likkutei Torah, Sh'lach 17:1","Zohar, Emor 4:14-43:282",רישא וגולגלתא ומוחי
"Likkutei Torah, Sh'lach 17:17","Zohar, Bamidbar 1:1-8:77",
"Likkutei Torah, Korach 1:20","Zohar, Tazria 22:105-23:115",בענין ואיש כי ימרט ראשו
"Likkutei Torah, Korach 1:32","Zohar, Bereshit 83:235-86:248",
"Likkutei Torah, Korach 1:32","Zohar, Korach 4:15-5:22",ורוב כסויא דמאני מקדשא תכלת איהו בגין דתכלת הא אוקמוה
"Likkutei Torah, Korach 1:49","Zohar, Emor 39:218-222",ואני אפתח לכם תרעין עילאין
"Likkutei Torah, Korach 1:51","Zohar, Vayigash 5:36-46",בענין חוט של חסד
"Likkutei Torah, Korach 2:1",,
"Likkutei Torah, Korach 1:30","Zohar, Chayei Sara 1:1-27:270",והים עומד עליהם מלמעלה
"Likkutei Torah, Korach 1:30","Zohar, Chayei Sara 8:37-19:200",והים עומד עליהם מלמעלה
"Likkutei Torah, Korach 1:30","Zohar, Chayei Sara 2:9-15:99",והים עומד עליהם מלמעלה
"Likkutei Torah, Korach 3:4","Zohar, Terumah 54:585-593",יביע כד״א מבע אתעבד אוחי לאתנהרא דא מן דא
"Likkutei Torah, Chukat 1:9","Zohar, Chukat 2:4-15",פרה דקבילת מן שמאלא
"Likkutei Torah, Chukat 1:9","Zohar, Achrei Mot 67:396-72:405",מענין יניקת החיצונים מקו השמאל
"Likkutei Torah, Chukat 1:15","Zohar, Vayishlach 24:240-26:250",תולעת יעקב
"Likkutei Torah, Chukat 1:15","Zohar, Mishpatim 22:520-528",דעת גניז בפומא
"Likkutei Torah, Chukat 1:18","Zohar, Vayakhel 39:462-40:470",
"Likkutei Torah, Chukat 2:1","Zohar, Vayikra 24:160-170",איך עשרת הדברות מכוונים נגד עשרה מאמרות
"Likkutei Torah, Chukat 2:1","Zohar, Bereshit 12:142-13:153",ויאמר אלקים. הוה אמר אבא באמירה
"Likkutei Torah, Chukat 2:11","Zohar, Yitro 1:8-18",דב׳ ווין הנ״ל זהו בחי׳ משה ויוסף
"Likkutei Torah, Chukat 2:11","Zohar, Metzora 3:9-4:18",דארז ואזוב הוא ת״ת ויסוד
"Likkutei Torah, Chukat 2:11","Zohar, Tazria 22:96-105",
"Likkutei Torah, Chukat 2:14","Zohar, Pekudei 9:64-12:70",
"Likkutei Torah, Chukat 2:22",,
"Likkutei Torah, Chukat 2:29","Zohar, Beshalach 23:316-326",בעתיקא תליא מילתא
"Likkutei Torah, Chukat 2:30","Zohar, Beshalach 19:296-20:307",
"Likkutei Torah, Chukat 2:32","Zohar, Vayechi 60:586-597",כי כל ביתה לבוש שנים
"Likkutei Torah, Chukat 2:35","Zohar, Bereshit 1:1-2:7",בריש הורמנתא דמלכא גליף גליפו בטהירו עילאה
"Likkutei Torah, Chukat 3:8","Zohar, Pekudei 36:315-37:325",
"Likkutei Torah, Chukat 3:9","Zohar, Tazria 23:115-24:123",
"Likkutei Torah, Chukat 3:9","Zohar, Terumah 96:918-98:925",
"Likkutei Torah, Chukat 3:10","Zohar, Pekudei 36:315-37:325",
"Likkutei Torah, Chukat 3:10","Zohar, Chukat 4:26",
"Likkutei Torah, Chukat 3:11","Zohar, Chayei Sara 23:232-243",אתערותא דרחימו
"Likkutei Torah, Chukat 3:11","Zohar, Metzora 3:9-4:18",וא״ו דאזוב הוא זעירא
"Likkutei Torah, Chukat 3:11","Zohar, Pinchas 9:36-40",יו״ד דפינחס שקנא קנאת הברית בחי׳ יסוד הוא זעירא
"Likkutei Torah, Chukat 3:11","Zohar, Yitro 1:8-18",וא״ו דאזוב הוא זעירא
"Likkutei Torah, Chukat 4:3","Zohar, Nasso 23:197-199",
"Likkutei Torah, Chukat 4:3","Zohar, Chukat 12:88-90",
"Likkutei Torah, Chukat 4:3","Zohar, Balak 24:295-26:304",
"Likkutei Torah, Chukat 4:3","Zohar, Metzora 3:9-4:18",
"Likkutei Torah, Chukat 4:4","Zohar, Vayikra 29:209-30:216",
"Likkutei Torah, Chukat 5:2",,
"Likkutei Torah, Chukat 6:1","Zohar, Terumah 96:918-98:925",בריח התיכון המבריח מן הקצה אל הקצה
"Likkutei Torah, Chukat 3:10","Zohar, Mishpatim 1:1-30:581",אל אחר אסתרס ולא עביד פירין
"Likkutei Torah, Chukat 3:10","Zohar, Mishpatim 3:14-370",אל אחר אסתרס ולא עביד פירין
"Likkutei Torah, Chukat 3:10","Zohar, Mishpatim 22:520-540",אל אחר אסתרס ולא עביד פירין
"Likkutei Torah, Chukat 3:10","Zohar, Mishpatim 4:371-19:499",אל אחר אסתרס ולא עביד פירין
"Likkutei Torah, Chukat 4:3","Zohar, Chukat 1:1-12:90",כיון דאתעבידת אפר בעי למשדי בה עץ ואזוב
"Likkutei Torah, Chukat 4:3","Zohar, Chukat 4:26",כיון דאתעבידת אפר בעי למשדי בה עץ ואזוב
"Likkutei Torah, Chukat 7:2","Zohar, Bereshit 82:215-83:225",מאן דלא מהפך מרירו למתקא לית ליה חולקא בהאי עלמא כלום
"Likkutei Torah, Chukat 7:3","Zohar, Bereshit 99:419-101:428",כחוטא דקיק
"Likkutei Torah, Chukat 7:3","Zohar, Yitro 1:18-28",
"Likkutei Torah, Chukat 7:6","Zohar, Miketz 14:228-15:238",
"Likkutei Torah, Chukat 8:5","Zohar, Vayechi 21:159-171",אז תתענג על ה׳ על דייקא
"Likkutei Torah, Chukat 8:17",,
"Likkutei Torah, Chukat 9:2",,
"Likkutei Torah, Chukat 9:3","Zohar, Balak 45:488-46:497",דחו״ב נק׳ מעייני הישועה
"Likkutei Torah, Chukat 9:3","Zohar, Ha'Azinu 5:20-22",דמעין גנים הוא בחי׳ ונהר יוצא מעדן להשקות את הגן
"Likkutei Torah, Chukat 9:4",,
"Likkutei Torah, Chukat 9:5",,
"Likkutei Torah, Chukat 10:25","Zohar, Terumah 96:918-98:925",
"Likkutei Torah, Chukat 10:25","Zohar, Bereshit 46:460-48:470",
"Likkutei Torah, Chukat 10:25","Zohar, Beshalach 1:9-20",
"Likkutei Torah, Chukat 10:25","Zohar, Vayechi 60:586-597",
"Likkutei Torah, Chukat 10:25","Zohar, Pinchas 113:771-116:790",יומין תתאין זמנין דאינון שנ״ה כו׳ משכו יומין עילאין לגבי יומין תתאין
"Likkutei Torah, Chukat 10:39","Zohar, Vayechi 69:724-71:731",רשפי אש דכנס״י
"Likkutei Torah, Chukat 10:41","Zohar, Noach 29:215-30:228",והר סיני עשן כולו מפני אשר ירד עליו ה׳ באש ת״ח אש נפיק מלגיו ואיהו דק ואחיד במלה אחרא לבר דלאו איהו דק הכי
"Likkutei Torah, Chukat 10:47","Zohar, Bereshit 95:371-383",
"Likkutei Torah, Chukat 10:48","Zohar, Vayakhel 25:363-373",
"Likkutei Torah, Chukat 10:48","Zohar, Vayakhel 25:373-26:382",הכל נתן ארונה
"Likkutei Torah, Chukat 10:48","Zohar, Vayakhel 11:156-12:165",חד שלהובא נפיק
"Likkutei Torah, Chukat 10:48","Zohar, Beshalach 16:241-17:251",ואת הנחלים ארנון שהוא בחי׳ תרין ריעין דלא מתפרשין לעלמין
"Likkutei Torah, Chukat 10:48","Zohar, Noach 27:206-29:215",מאן תיבה דא ארון הברית
"Likkutei Torah, Chukat 11:2","Zohar, Pekudei 13:80-14:88",ת״ח אית מדידו טמיר וגניז. ואית חושבן דקיימא אגניזו טמיר וגניז
"Likkutei Torah, Chukat 11:6",,
"Likkutei Torah, Chukat 11:8","Zohar, Korach 5:22-7:29",דבכל ליליא וליליא עד לא ישכב ועד לא נאים. בעי בר נש למעבד חושבנא מעובדוי דעבד כל ההוא יומא ויתוב מינייהו ויבעי עלייהו רחמי
"Likkutei Torah, Chukat 11:11","Zohar, Balak 19:262-20:271",
"Likkutei Torah, Chukat 11:11","Zohar, Noach 38:308-40:322",נתקין באתר דא עיר
"Likkutei Torah, Balak 1:6",,
"Likkutei Torah, Balak 1:10",,
"Likkutei Torah, Balak 1:28","Zohar, Mishpatim 3:202-212",בפי׳ מי מנה כו׳ ומספר כו׳
"Likkutei Torah, Balak 1:28","Zohar, Balak 44:449-45:458",מענין רובע ישראל
"Likkutei Torah, Balak 2:28",,
"Likkutei Torah, Balak 2:32",,
"Likkutei Torah, Balak 2:34","Zohar, Beha'alotcha 9:49-12:56",ונשמתא לנשמתא
"Likkutei Torah, Balak 3:1","Zohar, Balak 44:449-45:458",
"Likkutei Torah, Balak 3:1","Zohar, Kedoshim 18:108-118",
"Likkutei Torah, Balak 3:11",,
"Likkutei Torah, Balak 3:15",,
"Likkutei Torah, Balak 3:22",,
"Likkutei Torah, Balak 3:28","Zohar, Balak 45:458-470",
"Likkutei Torah, Balak 3:31",,
"Likkutei Torah, Balak 3:32",,
"Likkutei Torah, Balak 3:37","Zohar, Vayishlach 13:157-16:169",לא יקרא שמך עוד יעקב כ״א ישראל כו׳ כי שרית עם אלקים
"Likkutei Torah, Balak 3:41","Zohar, Vayechi 60:597-607",כד מלכא יתיב על כורסייא איקרי מלך עילאה וכד נחית לעבדוי מלך זוטא איקרי
"Likkutei Torah, Balak 3:41","Zohar, Terumah 86:840-851",ואנפהא נהירין בנהירא עילאה
"Likkutei Torah, Balak 3:42",,
"Likkutei Torah, Balak 4:8",,
"Likkutei Torah, Balak 4:14","Zohar, Balak 13:185-15:194",שיש ב׳ בחי׳ עבד. הא׳ בפסוד״ז הב׳ בשמו״ע ובינתיים הוא ק״ש
"Likkutei Torah, Balak 5:7",,
"Likkutei Torah, Balak 3:43","Zohar, Emor 1:1-51:340",לפרר גבורות עליונות דיצחק
"Likkutei Torah, Balak 3:43","Zohar, Emor 4:14-43:282",לפרר גבורות עליונות דיצחק
"Likkutei Torah, Pinchas 1:4","Zohar, Vayechi 32:303-314",וטעם ההפרש וההבדל שבין עוה״ז לעוה״ב הוא כי בעוה״ב אין לך דבר שאין לו מקום שכל מדרגה היא מובדלת מחברתה מלאכים ונשמות דקדושה הם מובדלים בפ״ע ואין להרע שייכות עם הטוב כלל ולכן במקום שנמשך רע לא נמשך טוב כלל
"Likkutei Torah, Pinchas 1:10",,
"Likkutei Torah, Pinchas 2:8",,
"Likkutei Torah, Pinchas 2:10",,
"Likkutei Torah, Pinchas 2:11","Zohar, Terumah 96:918-98:925",
"Likkutei Torah, Pinchas 2:16",,
"Likkutei Torah, Pinchas 3:1","Zohar, Noach 14:110-15:121",
"Likkutei Torah, Pinchas 3:9","Zohar, Bereshit 101:428-102:440",הגידים והעורקים הם צנורות שהם מעבר לאור פנימי הנק׳ רצון האור הוא רצון והמעבר שהוא הכלי נקרא צנור אותיות רצון
"Likkutei Torah, Pinchas 3:10","Zohar, Achrei Mot 62:370-64:378",עצם מעצמי ובשר מבשרי
"Likkutei Torah, Pinchas 3:10","Zohar, Bereshit 20:228-21:238",עצם מעצמי ובשר מבשרי זהו שכינתא עילאה ושכינתא תתאה
"Likkutei Torah, Pinchas 3:10","Zohar, Vayikra 60:396-61:406",עצם מעצמי ובשר מבשרי
"Likkutei Torah, Pinchas 3:13",,
"Likkutei Torah, Pinchas 3:14","Zohar, Behar 1:3-4:13",עשייה היא לעילא
"Likkutei Torah, Pinchas 3:19",,
"Likkutei Torah, Pinchas 3:20","Zohar, Balak 6:41-51",משה מלגיו ויעקב מלבר
"Likkutei Torah, Pinchas 3:24",,
"Likkutei Torah, Pinchas 4:1","Zohar, Bereshit 7:70-8:83",דשא
"Likkutei Torah, Pinchas 4:5","Zohar, Vaera 5:62-64",נאלמתי דומיה
"Likkutei Torah, Pinchas 4:6",,
"Likkutei Torah, Pinchas 4:11",,
"Likkutei Torah, Pinchas 4:22","Zohar, Terumah 76:742-77:751",
"Likkutei Torah, Matot 2:2","Zohar, Vayikra 24:160-170",
"Likkutei Torah, Matot 2:9","Zohar, Vayechi 64:651-65:661",מענין מלח
"Likkutei Torah, Matot 2:10",,
"Likkutei Torah, Matot 2:15","Zohar, Yitro 26:441-27:453",
"Likkutei Torah, Matot 3:1","Zohar, Beshalach 28:408-418",ושם אשה גדולה
"Likkutei Torah, Matot 3:6","Zohar, Bereshit 8:95-9:106",
"Likkutei Torah, Matot 3:6","Zohar, Achrei Mot 49:296-50:305",ג׳ דרגין אינון מתקשרין דא בדא קוב״ה אורייתא וישראל
"Likkutei Torah, Matot 3:6","Zohar, Emor 4:15",לך אדני הצדקה ולנו בשת הפנים
"Likkutei Torah, Matot 3:6","Zohar, Vayetzei 42:382-43:388",והיה העטופים ללבן כו׳ אתכספן ומתעטפי
"Likkutei Torah, Matot 4:1",,
"Likkutei Torah, Matot 4:2",,
"Likkutei Torah, Matot 5:1",,
"Likkutei Torah, Matot 5:3","Zohar, Achrei Mot 3:21-4:30",חק וזמן נתן להם שלא ישנו את תפקידם
"Likkutei Torah, Matot 5:3","Zohar, Balak 8:148-9:155",ה׳ אלקי אתה ארוממך
"Likkutei Torah, Matot 5:3","Zohar, Bereshit 82:215-83:225",רצה״ע
"Likkutei Torah, Matot 5:3","Zohar, Pinchas 45:255-46:266",ואתה נותן להם את אכלם
"Likkutei Torah, Matot 6:1","Zohar, Yitro 1:1-8",עתה ידעתי
"Likkutei Torah, Matot 6:3","Zohar, Vayikra 66:445-67:449",
"Likkutei Torah, Matot 6:6","Zohar, Balak 19:252-262",שפי׳ שחור׳ אני שהוא בחי׳ היוד דלית ביה חיוורי
"Likkutei Torah, Matot 6:6","Zohar, Achrei Mot 59:362-61:369",אלא במזלא תליא חבורא דלהון
"Likkutei Torah, Matot 6:6","Zohar, Vayikra 22:136-23:146",
"Likkutei Torah, Matot 6:7","Zohar, Korach 1:1-8:41",שמאלא אתכליל בימינא
"Likkutei Torah, Matot 6:7","Zohar, Korach 8:42-14:60",שמאלא אתכליל בימינא
"Likkutei Torah, Matot 7:1","Zohar, Terumah 96:918-98:925",עד לא הוו מתקלא לא הוו משגיחין אפין באפין
"Likkutei Torah, Matot 7:3","Zohar, Yitro 1:1-8",דלא אתיהבת אורייתא עד לבתר דאתי יתרו ואודי
"Likkutei Torah, Matot 7:4",,
"Likkutei Torah, Matot 7:11","Zohar, Yitro 1:8-18",חמוי דיוסף
"Likkutei Torah, Masei 2:23","Zohar, Balak 2:15-4:24",בריחא דלבושייכו
"Likkutei Torah, Masei 3:9","Zohar, Balak 29:327-335",ומגבעות אשורנו כיון דהוה במעהא דאימיה אשורנו אושיט פסיעה לבר
"Likkutei Torah, Masei 3:14","Zohar, Bereshit 69:131-70:139",שאימא מקבלת מעתיק ע״י יסוד דאבא והיינו שהחכמה נק׳ עדן
"Likkutei Torah, Masei 3:16",,
"Likkutei Torah, Masei 3:20","Zohar, Shmini 1:1-4",
"Likkutei Torah, Masei 3:24",,
"Likkutei Torah, Masei 3:26","Zohar, Balak 2:15-4:24",בריחא דלבושייכו
"Likkutei Torah, Masei 3:26","Zohar, Noach 14:110-15:121",תפיס ולא תפיס
"Likkutei Torah, Masei 3:26","Zohar, Tzav 1:1-4",לא ידעין בר ריחא כמאן דאריח ריחא ואתבסם
"Likkutei Torah, Masei 3:26","Zohar, Beshalach 32:452-462",ירדן
"Likkutei Torah, Masei 4:3","Zohar, Yitro 13:235-14:246",שם צוה ה׳ את הברכה ומשם היו מקבלים כל הארצות
"Likkutei Torah, Masei 4:3","Zohar, Kedoshim 1:1-6",הב הב שמבקשים הכל בשביל עצמם לגרמיה ואינן משפיעים לזולתם
"Likkutei Torah, Masei 4:3","Zohar, Terumah 49:551-51:558",שם צוה ה׳ את הברכה ומשם היו מקבלים כל הארצות
"Likkutei Torah, Masei 4:9","Zohar, Chayei Sara 8:47-9:49",מאה ברכאן מאתר עילאה סתימא דכל סתימין
"Likkutei Torah, Masei 3:21","Zohar, Beshalach 1:1-34:486",תלת רוחין דכלילן בתלת
"Likkutei Torah, Masei 3:21","Zohar, Beshalach 11:134-140",תלת רוחין דכלילן בתלת
"Likkutei Torah, Masei 3:21","Zohar, Beshalach 25:332-338",תלת רוחין דכלילן בתלת
"Likkutei Torah, Masei 5:3","Zohar, Terumah 49:551-51:558",
"Likkutei Torah, Masei 5:6","Zohar, Achrei Mot 62:370-64:378",
"Likkutei Torah, Masei 5:6","Zohar, Terumah 10:97-106",שמא דמ״ב אתוון רזא דיליה אבהן דקא מתעטרן בעלמא עילאה כו׳ עד דעתעטרא באין סוף
"Likkutei Torah, Masei 5:8",,
"Likkutei Torah, Masei 5:10",,
"Likkutei Torah, Masei 5:12","Zohar, Emor 39:212-218",קדש מלה בגרמיה
"Likkutei Torah, Masei 5:14",,
"Likkutei Torah, Masei 5:16","Zohar, Beshalach 1:1-9",דכל אמת תליא בעתיקא
"Likkutei Torah, Masei 5:17",,
"Likkutei Torah, Masei 5:22","Zohar, Vaetchanan 2:9-4:17",פנים בפנים דבר
"Likkutei Torah, Masei 5:23",,
"Likkutei Torah, Masei 5:24","Zohar, Tzav 25:178-29:187",
"Likkutei Torah, Masei 7:1","Zohar, Bamidbar 1:17-2:26",תריסר שבטין תריסר תחומין כו׳ דהא אילנא עילאה קדישא בהו אחתם בחותמוי
"Likkutei Torah, Masei 7:4",,
"Likkutei Torah, Masei 7:5","Zohar, Vayishlach 20:202-21:212",תריסר דאתכסיין
"Likkutei Torah, Masei 7:9","Zohar, Beshalach 32:441-452",שהתכלת שבציצית שמדם חלזון הוא מים כנרת
"Likkutei Torah, Masei 7:12","Zohar, Beshalach 32:452-462",
"Likkutei Torah, Masei 5:13","Zohar, Vayikra 1:1-67:449",ואי תימא שאר אתוון לאו אינון אמת
"Likkutei Torah, Masei 5:13","Zohar, Vayikra 3:32-64:428",ואי תימא שאר אתוון לאו אינון אמת
"Likkutei Torah, Masei 8:9","Zohar, Bereshit 3:16-4:27",ויהי אור. אור דכבר הוה
"Likkutei Torah, Masei 8:9","Zohar, Beshalach 20:307-23:316",במאמר תלת עלמין
"Likkutei Torah, Masei 8:10","Zohar, Lech Lecha 22:225-24:237",קורא הדורות מראש
"Likkutei Torah, Masei 8:13",,
"Likkutei Torah, Masei 8:23",,
"Likkutei Torah, Masei 9:2",,
"Likkutei Torah, Masei 9:3",,
"Likkutei Torah, Masei 10:3",,
"Likkutei Torah, Vaetchanan 1:5",,
"Likkutei Torah, Vaetchanan 1:16","Zohar, Beshalach 32:473-33:484",בפי׳ יום ההוא כו׳ דאחיד סיפא בשירותא
"Likkutei Torah, Vaetchanan 3:2","Zohar, Vaetchanan 1:1-2:9",סיומא מלכא משיחא הוא
"Likkutei Torah, Vaetchanan 3:2","Zohar, Noach 14:110-15:121",
"Likkutei Torah, Vaetchanan 3:3","Zohar, Terumah 96:918-98:925",בארצות החיים
"Likkutei Torah, Vaetchanan 3:3","Zohar, Behar 1:1-3",שנמשך השפע ממקום גבוה שלמעלה מאתעדל״ת אשר אין מגיע לשם העלאת מ״ן ממעשה המצות
"Likkutei Torah, Vaetchanan 5:4","Zohar, Tzav 19:134",
"Likkutei Torah, Vaetchanan 5:5","Zohar, Terumah 96:918-98:925",יושב אהלים
"Likkutei Torah, Vaetchanan 5:12","Zohar, Balak 17:240-19:252",אמונה בשעתא דאתחבר בה אמת כו׳ כדין אקרי אמונה
"Likkutei Torah, Vaetchanan 5:16","Zohar, Bereshit 88:288-89:298",העמוסים מני בטן
"Likkutei Torah, Vaetchanan 5:16","Zohar, Mishpatim 22:520-528",אלא דעת
"Likkutei Torah, Vaetchanan 5:16","Zohar, Tazria 1:1-2",עטרת תפארת
"Likkutei Torah, Vaetchanan 5:21","Zohar, Vayikra 55:378-58:386",
"Likkutei Torah, Vaetchanan 5:26",,
"Likkutei Torah, Vaetchanan 6:7","Zohar, Beha'alotcha 9:49-12:56",סתים וגליא שהם ג״כ בחי׳ גוף ונשמה
"Likkutei Torah, Vaetchanan 6:8",,
"Likkutei Torah, Vaetchanan 6:13",,
"Likkutei Torah, Vaetchanan 6:31","Zohar, Balak 17:240-19:252",והיה צדק אזור מתניו והאמונה אזור חלציו
"Likkutei Torah, Vaetchanan 7:1",,
"Likkutei Torah, Vaetchanan 6:25","Zohar, Korach 1:1-8:41",
"Likkutei Torah, Vaetchanan 6:25","Zohar, Korach 8:42-14:60",
"Likkutei Torah, Vaetchanan 6:28","Zohar, Korach 1:1-8:41",ועבד הלוי הוא. הוא דא עתיקא
"Likkutei Torah, Vaetchanan 6:28","Zohar, Korach 8:42-14:60",ועבד הלוי הוא. הוא דא עתיקא
"Likkutei Torah, Vaetchanan 7:12","Zohar, Tazria 20:87-22:96",
"Likkutei Torah, Vaetchanan 8:15","Zohar, Terumah 9:73-10:81",בעין ליל שמורים
"Likkutei Torah, Vaetchanan 8:18",,
"Likkutei Torah, Vaetchanan 12:1",,
"Likkutei Torah, Vaetchanan 12:6",,
"Likkutei Torah, Vaetchanan 12:9",,
"Likkutei Torah, Eikev 1:4",,
"Likkutei Torah, Eikev 1:5","Zohar, Yitro 17:286-19:297",כי על כל מוצא פי
"Likkutei Torah, Eikev 2:2","Zohar, Emor 40:244-252",
"Likkutei Torah, Eikev 2:3","Zohar, Vayikra 42:286-290",על שאלת איכה תרעה דידי מלה טמירא הוא
"Likkutei Torah, Eikev 2:7","Zohar, Vayechi 58:566-59:575",בענין יהודה
"Likkutei Torah, Eikev 2:7","Zohar, Mishpatim 3:355-364",יהודה אתה ל׳ נוכח
"Likkutei Torah, Eikev 2:9","Zohar, Vayigash 5:36-46",וברכת את. לברכא ליה כו׳ מ״ט בגין דמזונא כו׳ דהא במזלא תליא
"Likkutei Torah, Eikev 2:9","Zohar, Terumah 86:832-840",
"Likkutei Torah, Eikev 2:9","Zohar, Tazria 1:1-2",גמלתהו טוב שהוא ענין בירור הטוב דרפ״ח ניצוצים אימתי בזמן דאינון ימי השמים נהרין עלה
"Likkutei Torah, Eikev 2:13",,
"Likkutei Torah, Eikev 2:17","Zohar, Vayetzei 32:310-34:328",
"Likkutei Torah, Eikev 2:17","Zohar, Vayishlach 3:46-55",
"Likkutei Torah, Eikev 2:17","Zohar, Miketz 6:92-104",ויוסף הוא השליט על הארץ ונהיר לה וזן לה הוא המשביר לכל עם הארץ דהא ההוא נהר דנגיד ונפיק מיניה אתזנו כולהו
"Likkutei Torah, Eikev 2:18",,
"Likkutei Torah, Eikev 2:19",,
"Likkutei Torah, Eikev 2:21","Zohar, Vayechi 72:742-751",מאשר שמנה לחמו
"Likkutei Torah, Eikev 2:24","Zohar, Terumah 16:202-20:211",נשמת כל חי דפרחא מההוא חי העולמים
"Likkutei Torah, Eikev 2:24","Zohar, Terumah 45:491-46:499",ושבעת היינו המשכת הרצון
"Likkutei Torah, Eikev 2:28","Zohar, Nasso 17:173-19:188",והיה באחרית הימים כו׳ ואפיק הר בית ה׳ דא טוב בלא רע
"Likkutei Torah, Eikev 2:28","Zohar, Beshalach 23:316-326",היש בה עץ אם אין
"Likkutei Torah, Eikev 2:29","Zohar, Bereshit 73:169-75:178",מאן דהוה לחם עוני אתהדר למהוי לחם פנג כו׳
"Likkutei Torah, Eikev 2:29","Zohar, Vayechi 72:742-751",מאשר שמנה לחמו דא לחם שבת כו׳ מאי לחם משנה אלא תרי לחם לחם מן השמים ולחם מן הארץ כו׳ ובשבת אתכליל לחם תתאה בלחם עילאה
"Likkutei Torah, Eikev 3:2",,
"Likkutei Torah, Eikev 3:5",,
"Likkutei Torah, Eikev 3:7",,
"Likkutei Torah, Eikev 3:11","Zohar, Balak 6:33-41",וכיון דשארי על דוכתיה על תרין כרובין הויה שמיה
"Likkutei Torah, Eikev 2:17","Zohar, Toldot 1:1-19:208",
"Likkutei Torah, Eikev 2:17","Zohar, Toldot 5:33-8:72",
"Likkutei Torah, Eikev 2:25","Zohar, Tazria 1:1-35:187",גמלתהו טוב ולא רע כל ימי חייה זמינת טב כו׳ ולא רע בגין דכתיב ועץ הדעת טוב ורע. טוב אימתי בזמנא דאינון ימי השמים נהרין עלה כו׳ דאינון ימי חייה בגין דעץ החיים שדר לה חיים
"Likkutei Torah, Eikev 2:25","Zohar, Tazria 9:31-36",גמלתהו טוב ולא רע כל ימי חייה זמינת טב כו׳ ולא רע בגין דכתיב ועץ הדעת טוב ורע. טוב אימתי בזמנא דאינון ימי השמים נהרין עלה כו׳ דאינון ימי חייה בגין דעץ החיים שדר לה חיים
"Likkutei Torah, Eikev 4:2","Zohar, Balak 6:67-78",בע״א קצת
"Likkutei Torah, Eikev 4:4","Zohar, Nasso 4:38-49",
"Likkutei Torah, Eikev 4:6",,
"Likkutei Torah, Eikev 4:10",,
"Likkutei Torah, Re'eh 1:2",,
"Likkutei Torah, Re'eh 1:3","Zohar, Beshalach 28:398-408",בפי׳ ממעמקים עומקא דכולא עומקא דבירא
"Likkutei Torah, Re'eh 1:3","Zohar, Vayechi 41:419-42:427",אית משכיל לעילא
"Likkutei Torah, Re'eh 2:3","Zohar, Vayera 21:315-317",
"Likkutei Torah, Re'eh 2:14","Zohar, Vayechi 33:336-347",גבי בפסח על התבואה בעצרת על פירות האילן
"Likkutei Torah, Re'eh 2:14","Zohar, Terumah 76:742-77:751",ע״פ כי נר מצוה
"Likkutei Torah, Re'eh 2:15",,
"Likkutei Torah, Re'eh 2:18","Zohar, Beshalach 10:95-105",ובו תדבקון
"Likkutei Torah, Re'eh 3:2","Zohar, Vayikra 1:1-67:449",
"Likkutei Torah, Re'eh 3:2","Zohar, Vayikra 3:32-64:428",
"Likkutei Torah, Re'eh 3:7",,
"Likkutei Torah, Re'eh 3:8",,
"Likkutei Torah, Re'eh 3:9","Zohar, Vayera 31:474-33:485",
"Likkutei Torah, Re'eh 3:10","Zohar, Bo 5:120-129",ובאתר דאשתכחי דכר ונוק׳ לית שבחא אלא לדכורא
"Likkutei Torah, Re'eh 4:4",,
"Likkutei Torah, Re'eh 4:7","Zohar, Beha'alotcha 9:49-12:56",נשמתא דאמרן דא תפארת ישראל דאיהי אורייתא ממש
"Likkutei Torah, Re'eh 4:8","Zohar, Chayei Sara 19:183-190",ישכון חצריך
"Likkutei Torah, Re'eh 4:17",,
"Likkutei Torah, Re'eh 5:1",,
"Likkutei Torah, Re'eh 3:13","Zohar, Beha'alotcha 1:1-27:150",
"Likkutei Torah, Re'eh 3:13","Zohar, Beha'alotcha 13:72-16:94",
"Likkutei Torah, Re'eh 6:4",,
"Likkutei Torah, Re'eh 6:11",,
"Likkutei Torah, Re'eh 6:21","Zohar, Terumah 94:908-96:918",שהתגלות זו דאתה החלות הוא בעשי״ת
"Likkutei Torah, Re'eh 6:22","Zohar, Vayikra 32:246-35:257",צדיק הוא בעל צדקה בחינת שמש צדקה
"Likkutei Torah, Re'eh 6:33",,
"Likkutei Torah, Re'eh 7:4","Zohar, Bereshit 83:225-235",בענין מי ברא אלה. עתיקא דקיימא לשאלה ברא אלה ומאן איהו מי כו׳ ועל דקיימא לשאלה כו׳ אקרי מי דהא לעילא לית תמן שאלה
"Likkutei Torah, Re'eh 6:21","Zohar, Beha'alotcha 1:1-27:150",
"Likkutei Torah, Re'eh 6:21","Zohar, Beha'alotcha 13:72-16:94",
"Likkutei Torah, Re'eh 7:6",,
"Likkutei Torah, Re'eh 7:11",,
"Likkutei Torah, Re'eh 7:15","Zohar, Vayikra 32:246-35:257",מאן ישוב
"Likkutei Torah, Re'eh 8:9","Zohar, Terumah 96:918-98:925",בן י״ה כי ישי היינו י׳ עם ש״י עולמות שבבינה
"Likkutei Torah, Re'eh 8:9","Zohar, Chukat 2:4-15",מענין הוקם על
"Likkutei Torah, Re'eh 10:1",,
"Likkutei Torah, Re'eh 10:2","Zohar, Kedoshim 18:108-118",שר אל
"Likkutei Torah, Re'eh 10:6",,
"Likkutei Torah, Re'eh 10:7",,
"Likkutei Torah, Re'eh 10:8",,
"Likkutei Torah, Re'eh 10:11","Zohar, Bereshit 95:371-383",כבר
"Likkutei Torah, Re'eh 11:10","Zohar, Bereshit 6:60-7:70",ע״פ מצמיח חציר לבהמה אלף טורין
"Likkutei Torah, Re'eh 12:8","Zohar, Beha'alotcha 9:49-12:56",
"Likkutei Torah, Re'eh 12:8","Zohar, Bereshit 6:60-7:70",עשב דא אלין אופנים וחיות
"Likkutei Torah, Re'eh 12:8","Zohar, Lech Lecha 26:272-29:319",פי׳ אני לדודי בקדמיתא ולבתר ועלי תשוקתו
"Likkutei Torah, Re'eh 12:9","Zohar, Yitro 17:286-19:297",מאי מוצא פי ה׳ דא קול השופר כו׳ בהאי קול שופר תליא כולא
"Likkutei Torah, Ki Teitzei 1:1",,
"Likkutei Torah, Ki Teitzei 1:9",,
"Likkutei Torah, Ki Teitzei 2:1",,
"Likkutei Torah, Ki Teitzei 2:15","Zohar, Bamidbar 3:27-38",אשת יפת תואר
"Likkutei Torah, Ki Teitzei 2:18","Zohar, Vayikra 65:435-66:445",נפלה לא תוסיף קום
"Likkutei Torah, Ki Teitzei 3:3",,
"Likkutei Torah, Ki Teitzei 4:1",,
"Likkutei Torah, Ki Teitzei 5:9","Zohar, Bechukotai 2:12-4:19",צדק מלאה ימינך
"Likkutei Torah, Ki Teitzei 7:2","Zohar, Shmini 6:70-7:79",נפלה לא תוסיף קום בתולת ישראל
"Likkutei Torah, Ki Teitzei 7:7","Zohar, Pinchas 45:255-46:266",פותח את ידיך
"Likkutei Torah, Ki Teitzei 7:7","Zohar, Bereshit 94:359-95:371",בן איש חי
"Likkutei Torah, Ki Teitzei 7:10",,
"Likkutei Torah, Ki Tavo 1:3","Zohar, Bereshit 77:188-78:196",
"Likkutei Torah, Ki Tavo 1:4","Zohar, Bo 14:202-15:214",היום דא ראש השנה
"Likkutei Torah, Ki Tavo 1:7","Zohar, Pinchas 6:18-7:26",שתהא יראתו ופחדו עלינו
"Likkutei Torah, Ki Tavo 1:12","Zohar, Mishpatim 22:520-528",שנקרא הדעת בשם תפארת
"Likkutei Torah, Ki Tavo 3:15",,
"Likkutei Torah, Nitzavim 1:2","Zohar, Yitro 19:297-311",להיות כולם מתעלים למעלה במקור חוצבם
"Likkutei Torah, Nitzavim 1:12","Zohar, Terumah 10:97-106",
"Likkutei Torah, Nitzavim 1:13","Zohar, Vayikra 47:334-49:342",מרחוק ה׳ נראה לי
"Likkutei Torah, Nitzavim 1:14","Zohar, Bereshit 37:364",
"Likkutei Torah, Nitzavim 1:15","Zohar, Shemot 31:266-33:276",ישורון
"Likkutei Torah, Nitzavim 1:16","Zohar, Vayikra 32:246-35:257",
"Likkutei Torah, Nitzavim 1:16","Zohar, Terumah 96:918-98:925",ושקל בפלס
"Likkutei Torah, Nitzavim 2:4","Zohar, Bechukotai 2:12-4:19",וזכרתם את כל מצות הוי׳ ועשיתם אתם
"Likkutei Torah, Nitzavim 2:5","Zohar, Beshalach 32:452-462",תמים תהיה עם ה׳ אלהיך
"Likkutei Torah, Nitzavim 2:7",,
"Likkutei Torah, Nitzavim 2:9",,
"Likkutei Torah, Nitzavim 2:11",,
"Likkutei Torah, Nitzavim 3:8","Zohar, Beshalach 28:398-408",ברוך אומר ועושה הוא הפרט שהוא צירוף חדש לכל יום
"Likkutei Torah, Ki Tavo 4:6","Zohar, Bechukotai 1:1-16:61",למשל ככלה שהיא בשוקא דבורסקי ומחמת עוצם אהבתו אליה דמי ליה כשוקא דרוכלין בריחין טבין
"Likkutei Torah, Nitzavim 3:24","Zohar, Pinchas 124:867-126:878",מענין ועשיתם עולה
"Likkutei Torah, Nitzavim 3:24","Zohar, Vayera 26:382-387",ע״פ ויעש ה׳ לשרה כו׳ עשייה איהו לעילא
"Likkutei Torah, Nitzavim 4:32",,
"Likkutei Torah, Nitzavim 5:12","Zohar, Achrei Mot 47:288-49:296",קוב״ה סתים וגליא
"Likkutei Torah, Nitzavim 5:19",,
"Likkutei Torah, Nitzavim 5:21","Zohar, Emor 43:271-274",רישא וגולגלתא
"Likkutei Torah, Nitzavim 5:24","Zohar, Terumah 54:593-55:595",ישיש מסטרא דאור קדמאה דלא אשתכח ביה דינא כלל
"Likkutei Torah, Nitzavim 5:25","Zohar, Bereshit 83:225-235",
"Likkutei Torah, Nitzavim 5:25","Zohar, Vayechi 72:752-73:761",
"Likkutei Torah, Nitzavim 5:25","Zohar, Balak 19:262-20:271",
"Likkutei Torah, Nitzavim 5:25","Zohar, Pekudei 21:184-194",ונשמע קולו
"Likkutei Torah, Nitzavim 5:25","Zohar, Yitro 28:485-495",מהו בגדי ישע... ישע אסתכלותא הוא
"Likkutei Torah, Nitzavim 5:30",,
"Likkutei Torah, Nitzavim 6:1","Zohar, Terumah 76:742-77:751",
"Likkutei Torah, Nitzavim 6:4","Zohar, Emor 39:212-218",קדש מלה בגרמיה הוא
"Likkutei Torah, Nitzavim 6:4","Zohar, Mishpatim 18:485-19:494",
"Likkutei Torah, Nitzavim 6:9",,
"Likkutei Torah, Nitzavim 6:11","Zohar, Terumah 76:742-77:751",וכגנה זרועיה
"Likkutei Torah, Nitzavim 6:12","Zohar, Terumah 94:908-96:918",בהאי זמנא אד׳ הוי׳ אתה החלות
"Likkutei Torah, Nitzavim 6:18",,
"Likkutei Torah, Nitzavim 6:21",,
"Likkutei Torah, Nitzavim 6:22","Zohar, Emor 4:15",
"Likkutei Torah, Nitzavim 7:6","Zohar, Tazria 22:105-23:115",
"Likkutei Torah, Nitzavim 7:6","Zohar, Noach 14:110-15:121",שיש מעלות ומדרגות גבוה מעל גבוה שנק׳ מחשבה עילאה
"Likkutei Torah, Nitzavim 7:7",,
"Likkutei Torah, Nitzavim 7:17","Zohar, Terumah 94:908-96:918",בהאי זמנא (דהיינו ביוה״כ ור״ה ע״ש) אד׳ הוי׳ אתה החלות להראות את עבדך את גדלך
"Likkutei Torah, Nitzavim 7:22","Zohar, Emor 39:212-218",ושבת הוא קדש עצמו
"Likkutei Torah, Nitzavim 7:24","Zohar, Mishpatim 22:536-540",
"Likkutei Torah, Nitzavim 7:26","Zohar, Balak 1:6-2:15",
"Likkutei Torah, Nitzavim 7:26","Zohar, Balak 6:33-41",במל׳ דאצילות שבאצילות נק׳ מלאך לגבי או״א ובירידתה בבי״ע נקרא הוי׳
"Likkutei Torah, Nitzavim 7:26","Zohar, Yitro 19:324-20:333",שהוא מלשון וקטפת מלילות והיינו שמרכך וממתיק הגבורות
"Likkutei Torah, Nitzavim 7:29","Zohar, Yitro 20:333-343",ויתן לך האלקים מטל השמים
"Likkutei Torah, Rosh Hashanah 1:2",,
"Likkutei Torah, Rosh Hashanah 1:5",,
"Likkutei Torah, Nitzavim 7:4","Zohar, Tazria 1:1-35:187",
"Likkutei Torah, Nitzavim 7:4","Zohar, Tazria 9:31-36",
"Likkutei Torah, Rosh Hashanah 3:14","Zohar, Beshalach 28:398-408",דהא כל שיתא יומין מתברכין מיומא שביעאה
"Likkutei Torah, Rosh Hashanah 3:20","Zohar, Shemot 43:332-46:342",
"Likkutei Torah, Rosh Hashanah 4:1","Zohar, Emor 36:175-37:182",רישא וגלגלתא
"Likkutei Torah, Rosh Hashanah 4:1","Zohar, Vayigash 8:85-10:99",
"Likkutei Torah, Rosh Hashanah 4:1","Zohar, Vaetchanan 21:142-23:151",
"Likkutei Torah, Rosh Hashanah 4:1","Zohar, Vayikra 42:290-43:298",
"Likkutei Torah, Rosh Hashanah 4:4","Zohar, Vayakhel 39:462-40:470",ספר זכרון תרין דרגין דאינון חד ורזא דא שם הוי׳ שם חד הוי׳ חד
"Likkutei Torah, Rosh Hashanah 4:4","Zohar, Vayechi 72:742-751",דעלמא עילאה עלמא דדכורא איהו
"Likkutei Torah, Rosh Hashanah 4:4","Zohar, Vayera 33:494-35:506",
"Likkutei Torah, Rosh Hashanah 4:4","Zohar, Yitro 1:50-3:59",
"Likkutei Torah, Rosh Hashanah 4:7","Zohar, Terumah 96:918-98:925",
"Likkutei Torah, Rosh Hashanah 4:8","Zohar, Vaetchanan 21:142-23:151",מאי ביום ההוא כו׳ כד״א והיה יום אחד הוא יודע לה׳
"Likkutei Torah, Rosh Hashanah 4:8","Zohar, Beshalach 26:348-27:358",מענין ביום ההוא
"Likkutei Torah, Rosh Hashanah 4:9","Zohar, Bereshit 78:196-79:206",גבי ואשרה אתקרי
"Likkutei Torah, Rosh Hashanah 4:9","Zohar, Vayechi 73:761-75:771",ע״פ מאשר שמנה לחמו ומאי איהו עלמא דאתי
"Likkutei Torah, Rosh Hashanah 4:9","Zohar, Vayikra 55:378-58:386",
"Likkutei Torah, Rosh Hashanah 4:9","Zohar, Noach 42:352-357",
"Likkutei Torah, Rosh Hashanah 4:7","Zohar, Tzav 1:1-30:193",שבחי׳ קול השופר נק׳ רוח
"Likkutei Torah, Rosh Hashanah 4:7","Zohar, Tzav 9:72-73",שבחי׳ קול השופר נק׳ רוח
"Likkutei Torah, Rosh Hashanah 4:7","Zohar, Tzav 5:26-22:161",שבחי׳ קול השופר נק׳ רוח
"Likkutei Torah, Rosh Hashanah 4:11","Zohar, Beshalach 3:39-4:52",שופר גדול
"Likkutei Torah, Rosh Hashanah 4:11","Zohar, Vayeshev 6:81-7:92",ירושלים הבנויה כעיר שחוברה לה יחדיו
"Likkutei Torah, Rosh Hashanah 4:11","Zohar, Shemot 43:332-46:342",המשכת ה׳ עילאה בה׳ תתאה
"Likkutei Torah, Rosh Hashanah 4:11","Zohar, Tetzaveh 6:55-7:64",עלמא דחירו
"Likkutei Torah, Rosh Hashanah 5:2",,
"Likkutei Torah, Rosh Hashanah 5:9","Zohar, Bechukotai 2:12-4:19",
"Likkutei Torah, Rosh Hashanah 5:20","Zohar, Beshalach 32:473-33:484",אעא דלא סליק בי׳ נהורא מבטשין לי׳ גופא דלא סליק בי׳ נהורא דנשמתא מבטשין לי׳
"Likkutei Torah, Rosh Hashanah 5:23","Zohar, Emor 12:38-40",
"Likkutei Torah, Rosh Hashanah 5:24","Zohar, Vayetzei 21:173-23:193",שאר ישוב שאר יעקב אלין ברכאן אחרנין דאשתארו
"Likkutei Torah, Rosh Hashanah 6:3","Zohar, Vayishlach 13:157-16:169",דבחי׳ ישראל ובחי׳ יעקב זהו כענין בחי׳ הוי׳ ובחי׳ אלקים
"Likkutei Torah, Rosh Hashanah 6:5","Zohar, Achrei Mot 47:288-49:296",קב״ה סתים וגליא היינו סכ״ע וממכ״ע
"Likkutei Torah, Rosh Hashanah 6:5","Zohar, Miketz 6:92-104",עון עקבי יסובני
"Likkutei Torah, Rosh Hashanah 6:5","Zohar, Terumah 54:585-593",כולא חד ואינה נפרדת ממנו ית׳
"Likkutei Torah, Rosh Hashanah 6:10","Zohar, Vayikra 65:435-66:445",
"Likkutei Torah, Rosh Hashanah 6:12","Zohar, Beshalach 28:398-408",ממעמקים עמקא דכולא שמשפיע בבחי׳ עומקא דבירא כו׳ אמר ר׳ חזקיה כד כו׳ אשרי כולא ואכליל כולא בהאי עמיקא עילאה
"Likkutei Torah, Rosh Hashanah 6:14",,
"Likkutei Torah, Rosh Hashanah 7:1","Zohar, Vayechi 42:427-43:439",ואיהי נקודה אמצעיתא כו׳
"Likkutei Torah, Rosh Hashanah 7:1","Zohar, Vayakhel 13:175-14:185",
"Likkutei Torah, Rosh Hashanah 7:1","Zohar, Beshalach 27:358-28:368",ולבא שארי באמצעיתא כו׳ לאתר דאקרי קדה״ק כו׳ ותמן הוא לבא שריא כו׳
"Likkutei Torah, Rosh Hashanah 7:1","Zohar, Tetzaveh 10:83-11:92",
"Likkutei Torah, Rosh Hashanah 7:5","Zohar, Vayishlach 6:95-7:105",רק שיש לו רגלים מפני שישראל עצמן הם מאמינים כו׳ וכמ״ש במ״א ולכן נקרא בשם נפילה לבד
"Likkutei Torah, Shabbat Shuvah 1:10",,
"Likkutei Torah, Shabbat Shuvah 3:13",,
"Likkutei Torah, Yom Kippur 1:3",,
"Likkutei Torah, Yom Kippur 1:4",,
"Likkutei Torah, Yom Kippur 2:2",,
"Likkutei Torah, Yom Kippur 2:4","Zohar, Tazria 1:2-3:11",כולם בחכמה עשית בבינה
"Likkutei Torah, Yom Kippur 2:7","Zohar, Mishpatim 18:485-19:494",
"Likkutei Torah, Yom Kippur 2:8","Zohar, Pinchas 124:867-126:878",דכתיב כי קדש היא לכם
"Likkutei Torah, Yom Kippur 2:14","Zohar, Mishpatim 18:485-19:494",שהחכמה שהיא בחי׳ קדש העליון נפקא מאתר דאקרי קדש הקדשים וזהו ענין והחכמה מאין תמצא
"Likkutei Torah, Yom Kippur 2:16",,
"Likkutei Torah, Yom Kippur 2:22","Zohar, Achrei Mot 67:396-72:405",
"Likkutei Torah, Yom Kippur 2:30","Zohar, Shmini 4:49-5:59",דלוים הם מבינה וכהנים מחכמה
"Likkutei Torah, Yom Kippur 2:39","Zohar, Bereshit 16:182-17:193",בענין זרקא דאזדריקת לאתר ידיעא
"Likkutei Torah, Yom Kippur 2:39","Zohar, Pinchas 124:867-126:878",דכתיב כי קדש הוא לכם
"Likkutei Torah, Yom Kippur 2:40","Zohar, Beshalach 19:296-20:307",בענין אין
"Likkutei Torah, Yom Kippur 2:43","Zohar, Mishpatim 19:494-499",
"Likkutei Torah, Yom Kippur 2:43","Zohar, Yitro 1:1-8",אית מלך לעילא דאיהו רזא דקה״ק ותחותיה אית כהן כו׳ דאקרי גדול
"Likkutei Torah, Yom Kippur 2:55","Zohar, Bereshit 69:131-70:139",לאתחברא שביעאה בשביעאה
"Likkutei Torah, Yom Kippur 2:55","Zohar, Pekudei 52:775-785",
"Likkutei Torah, Yom Kippur 2:55","Zohar, Emor 1:1-2:6",כשמן הטוב כו׳ יורד על הזקן
"Likkutei Torah, Ha'Azinu 1:1","Zohar, Ha'Azinu 5:20-22",ונוזלים מן לבנון
"Likkutei Torah, Ha'Azinu 1:1","Zohar, Tazria 20:87-22:96",ומוצא היינו בצאתו מההעלם אל הגילוי
"Likkutei Torah, Ha'Azinu 1:4","Zohar, Vayakhel 24:297-308",
"Likkutei Torah, Ha'Azinu 1:4","Zohar, Terumah 28:280-29:288",ועד דהאי נשמה עילאה לא סלקא גו נביעו דעתיקא דעתיקין סתימא דכל סתימין
"Likkutei Torah, Ha'Azinu 1:4","Zohar, Pinchas 85:572-87:582",עין לא ראתה אלקים זולתך
"Likkutei Torah, Ha'Azinu 1:4","Zohar, Terumah 96:918-98:925",
"Likkutei Torah, Ha'Azinu 1:4","Zohar, Beshalach 20:307-23:316",תלת עלמין כו׳ עלמא קדמאה כו׳ כגוונא דא כו׳ עד עין לא ראתה אלקים זולתך
"Likkutei Torah, Ha'Azinu 1:5",,
"Likkutei Torah, Ha'Azinu 1:8",,
"Likkutei Torah, Ha'Azinu 1:18",,
"Likkutei Torah, Ha'Azinu 1:20","Zohar, Vayikra 64:424-65:435",שזהו ענין הרעיפו מים ממעל ממעל ודאי מעתיקא קדישא קא אתייא ולא מההוא אתר דאקרי שמים
"Likkutei Torah, Ha'Azinu 1:20","Zohar, Ha'Azinu 17:251-260",השמים שמים עילאין אינון דאשתמודען דאקרון שמא דקוב״ה כו׳ ותשמע הארץ ארץ עילאה
"Likkutei Torah, Ha'Azinu 1:21","Zohar, Vaetchanan 8:46-55",ע״פ שמע ישראל דק״ש כתיב האזינו השמים אוף הכא שמע ישראל וכולא חד מלה הוא
"Likkutei Torah, Ha'Azinu 1:25",,
"Likkutei Torah, Ha'Azinu 1:26","Zohar, Vayakhel 23:288-24:297",תזל כטל
"Likkutei Torah, Ha'Azinu 3:7","Zohar, Tazria 20:87-22:96",
"Likkutei Torah, Ha'Azinu 3:15",,
"Likkutei Torah, Ha'Azinu 3:28","Zohar, Vaetchanan 8:46-55",דהאזינו השמים זהו כענין שמע ישראל
"Likkutei Torah, Ha'Azinu 3:35","Zohar, Emor 42:260-269",דכתיב יומם יצוה ה׳ חסדו
"Likkutei Torah, Ha'Azinu 3:36","Zohar, Vayakhel 25:373-26:382",
"Likkutei Torah, Ha'Azinu 3:36","Zohar, Terumah 41:462-42:470",
"Likkutei Torah, Ha'Azinu 3:39","Zohar, Vaetchanan 25:158-27:165",מענין יעשה תעשה מבע״ל
"Likkutei Torah, Ha'Azinu 3:39","Zohar, Bereshit 7:70-8:83",שהדשא אינו כעשב שנאמר בו עשב מזריע זרע משא״כ בדשא
"Likkutei Torah, Ha'Azinu 3:39","Zohar, Terumah 94:908-96:918",ויאמר אלקים תדשא הארץ דשא עשב מזריע זרע היינו דכתיב ועניתם את נפשותיכם בתשעה לחדש בערב. בהאי זמנא אדני הוי׳ אתה החלות
"Likkutei Torah, Ha'Azinu 3:39","Zohar, Pinchas 10:58-12:70",
"Likkutei Torah, Ha'Azinu 3:39","Zohar, Terumah 86:832-840",
"Likkutei Torah, Ha'Azinu 4:9","Zohar, Yitro 15:265-277",דשמים היינו תפארת דאצילות
"Likkutei Torah, Ha'Azinu 4:10",,
"Likkutei Torah, Sukkot 1:3",,
"Likkutei Torah, Sukkot 1:6","Zohar, Beshalach 18:262-19:274",השיב אחור ימינו
"Likkutei Torah, Sukkot 1:6","Zohar, Balak 23:288-24:295",השיב אחור ימינו
"Likkutei Torah, Sukkot 1:6","Zohar, Vayetzei 37:337-38:347",השיב אחור ימינו
"Likkutei Torah, Sukkot 1:6","Zohar, Vayikra 47:334-49:342",קב״ה בגלותא סליק לעילא
"Likkutei Torah, Sukkot 1:6","Zohar, Nasso 16:164-17:173",קץ הימין
"Likkutei Torah, Sukkot 1:10","Zohar, Terumah 54:593-55:595",לכן הוא בלחש ובחשאי
"Likkutei Torah, Sukkot 1:12",,
"Likkutei Torah, Sukkot 1:13","Zohar, Vaetchanan 20:134-21:142",אותי עזבו מקור מים חיים
"Likkutei Torah, Sukkot 1:13","Zohar, Vayikra 24:170-25:179",
"Likkutei Torah, Sukkot 1:13","Zohar, Vayishlach 4:75-86",מה בין עפר לאבק כו׳ עפר דכל איבין נפקין מיני׳
"Likkutei Torah, Sukkot 1:14","Zohar, Tzav 29:187-30:193",
"Likkutei Torah, Sukkot 2:1",,
"Likkutei Torah, Sukkot 2:2",,
"Likkutei Torah, Ha'Azinu 3:39","Zohar, Noach 1:1-44:388",גבי ועביד איבין ורבי זרעין
"Likkutei Torah, Ha'Azinu 3:39","Zohar, Noach 42:346-357",גבי ועביד איבין ורבי זרעין
"Likkutei Torah, Ha'Azinu 3:39","Zohar, Noach 1:13-10:68",גבי ועביד איבין ורבי זרעין
"Likkutei Torah, Sukkot 1:15","Zohar, Balak 1:1-47:507",ממעיני הישועה אלין או״א
"Likkutei Torah, Sukkot 2:4","Zohar, Balak 6:67-78",ויבא לו יין דארמי מיא בההוא יין
"Likkutei Torah, Sukkot 2:5",,
"Likkutei Torah, Sukkot 2:6",,
"Likkutei Torah, Sukkot 2:8","Zohar, Vayetzei 14:106-108",וחסידיך ירננו
"Likkutei Torah, Sukkot 3:15","Zohar, Beshalach 19:274-286",
"Likkutei Torah, Sukkot 3:15","Zohar, Beshalach 27:358-28:368",ת״ח כו׳ בדרך נועם כו׳
"Likkutei Torah, Sukkot 3:17",,
"Likkutei Torah, Sukkot 4:3",,
"Likkutei Torah, Sukkot 4:5","Zohar, Bereshit 64:70-65:81",הכא הכרעה
"Likkutei Torah, Sukkot 4:5","Zohar, Bereshit 66:88-99",הכא השתחואה
"Likkutei Torah, Sukkot 4:7","Zohar, Emor 43:271-274",כי האדם עץ השדה
"Likkutei Torah, Sukkot 4:8","Zohar, Emor 43:271-274",
"Likkutei Torah, Sukkot 4:8","Zohar, Pinchas 124:867-126:878",שמחה היא מלשון התגלות החדוה וגילה הוא ענין שמחה אשר בקרבו
"Likkutei Torah, Sukkot 4:9",,
"Likkutei Torah, Shemini Atzeret 1:15",,
"Likkutei Torah, Shemini Atzeret 2:1",,
"Likkutei Torah, Shemini Atzeret 2:8","Zohar, Beshalach 18:262-19:274",גבי כי תבאו לראות פני כו׳. מאי לראות. אלא כל אינון אנפין דמלכא טמירין בעמקא באתר חשוכא דכתיב ישת חשך סתרו
"Likkutei Torah, Shemini Atzeret 2:8","Zohar, Vayechi 21:159-171",דהיינו למעלה מבחינת שם הוי׳ שאינו אלא זיו
"Likkutei Torah, Shemini Atzeret 2:10","Zohar, Shemot 17:181-18:192",ותתצב אחותו מרחוק
"Likkutei Torah, Shemini Atzeret 2:13",,
"Likkutei Torah, Shemini Atzeret 2:14","Zohar, Terumah 66:678-68:685",בענין אם דהוא בחי׳ שמאלא אתכליל בימינא
"Likkutei Torah, Shemini Atzeret 4:1","Zohar, Terumah 96:918-98:925",והחיות רצוא ושוב
"Likkutei Torah, Shemini Atzeret 4:1","Zohar, Emor 4:14-15",בלא פגימו
"Likkutei Torah, Shemini Atzeret 4:3",,
"Likkutei Torah, Shemini Atzeret 4:7",,
"Likkutei Torah, Shemini Atzeret 4:9","Zohar, Vayikra 65:435-66:445",כארזים עלי מים
"Likkutei Torah, Shemini Atzeret 4:9","Zohar, Chukat 4:26",המשלח מעינים בנחלים כו׳ ישקו כל חיתו שדי
"Likkutei Torah, Shemini Atzeret 4:11","Zohar, Vayechi 72:752-73:761",נפתלי אילה שלוחה כו׳ וההוא קול אשתלח מאתר עמיקא דלעילא
"Likkutei Torah, Shemini Atzeret 5:3","Zohar, Mishpatim 3:161-172",עקרה לא ילדה
"Likkutei Torah, Shemini Atzeret 5:4","Zohar, Korach 7:29-8:37",
"Likkutei Torah, Shemini Atzeret 5:4","Zohar, Emor 40:252-42:260",גבי ועל דא כתיב כל האזרח
"Likkutei Torah, Shemini Atzeret 5:7","Zohar, Vayetzei 23:225-231",בגין דאיהי עלמא דאתכסיא ולא אתגליא כלל
"Likkutei Torah, Shemini Atzeret 5:7","Zohar, Shmini 7:79-9:87",ואם הבנים היא בחי׳ בינה
"Likkutei Torah, Shemini Atzeret 5:22",,
"Likkutei Torah, Shemini Atzeret 5:25","Zohar, Bereshit 40:407-42:418",אבל סמך דא עזר. ודא עזר דלעילא דאתהדר לעילא אנפין באנפין כו׳ סמוכים לעד לעולם כו׳
"Likkutei Torah, Shemini Atzeret 5:25","Zohar, Vayikra 12:89-13:97",ואימתי יתקרי אחד כו׳
"Likkutei Torah, Shemini Atzeret 5:27","Zohar, Yitro 19:324-20:333",דפי׳ מאין היינו מבחי׳ ע״י
"Likkutei Torah, Shemini Atzeret 7:7",,
"Likkutei Torah, Shemini Atzeret 7:9","Zohar, Pekudei 13:80-14:88",עיני ה׳ אל צדיקים
"Likkutei Torah, Shemini Atzeret 7:10","Zohar, Bechukotai 7:26-9:36",על פסוק זה
"Likkutei Torah, Shemini Atzeret 7:15","Zohar, Vayechi 73:761-75:771",ע״פ בנות צעדה עלי שור. ההוא עין דכתיב לעילא
"Likkutei Torah, Shemini Atzeret 7:15","Zohar, Pekudei 48:561-571",תריסר גלגלין כו׳ ואינון אקרון שרפים כו׳ אלין אינון קיימין לאשגחא תדיר כו׳ ואקרון חלונות והיינו דכתיב משגיח מן החלונות
"Likkutei Torah, Shemini Atzeret 7:18",,
"Likkutei Torah, Shemini Atzeret 7:19","Zohar, Vayikra 51:352-52:361",
"Likkutei Torah, Shemini Atzeret 7:19","Zohar, Terumah 25:251-26:261",
"Likkutei Torah, Shemini Atzeret 7:19","Zohar, Vayechi 27:210-226",דשושנת העמקים זהו שושנה עילאה
"Likkutei Torah, Shemini Atzeret 7:19","Zohar, Pinchas 69:412-421",
"Likkutei Torah, V'Zot HaBerachah 1:1","Zohar, Chayei Sara 8:47-9:49",
"Likkutei Torah, V'Zot HaBerachah 1:2","Zohar, Kedoshim 18:108-118",שם אל שהעוא נהירו דחכמתא
"Likkutei Torah, V'Zot HaBerachah 1:5",,
"Likkutei Torah, V'Zot HaBerachah 1:7",,
"Likkutei Torah, Shemini Atzeret 7:16","Zohar, Bereshit 1:1-102:448",שכינתא תתאה העומדת על י״ב בקר והים עומד עליהם מלמעלה הרי הם י״ג והם י״ג עלין דילה
"Likkutei Torah, Shemini Atzeret 7:16","Zohar, Bereshit 35:347-94:827",שכינתא תתאה העומדת על י״ב בקר והים עומד עליהם מלמעלה הרי הם י״ג והם י״ג עלין דילה
"Likkutei Torah, V'Zot HaBerachah 2:13","Zohar, Emor 39:212-218",גבי שבת ירותא דקדש הוא ירית ולאו זמינו כו׳ לברא דעאל לביתיה דאו״א
"Likkutei Torah, V'Zot HaBerachah 2:16",,
"Likkutei Torah, V'Zot HaBerachah 3:19","Zohar, Bereshit 82:215-83:225",בפי׳ הרמ״ז שם וסוד החופה
"Likkutei Torah, V'Zot HaBerachah 3:22",,
"Likkutei Torah, V'Zot HaBerachah 3:30",,
"Likkutei Torah, V'Zot HaBerachah 2:14","Zohar, Emor 1:1-51:340",והאי יומא יעקב הוא רישא לחדותא
"Likkutei Torah, V'Zot HaBerachah 2:14","Zohar, Emor 4:14-43:282",והאי יומא יעקב הוא רישא לחדותא
"Likkutei Torah, V'Zot HaBerachah 6:4",,
"Likkutei Torah, V'Zot HaBerachah 6:15",,
"Likkutei Torah, Shir HaShirim 1:1","Zohar, Achrei Mot 67:396-72:405",כי כלתו היא שצייתא
"Likkutei Torah, Shir HaShirim 1:6","Zohar, Vayeilech 2:9-3:17",הוא המשכת אור א״ס הסוכ״ע מבחינת שמו הגדול טעמי התורה ורננה דאורייתא בחינת ענג העליון להתלבש בתורה
"Likkutei Torah, Shir HaShirim 1:8","Zohar, Pinchas 12:70-80",ולחם לבב אנוש יסעד ההוא לחם דאזילו שחקים
"Likkutei Torah, Shir HaShirim 1:2","Zohar, Achrei Mot 1:1-75:413",שצייתא דעלמא היא כליון כל הרצונות
"Likkutei Torah, Shir HaShirim 1:2","Zohar, Achrei Mot 22:134-36:214",שצייתא דעלמא היא כליון כל הרצונות
"Likkutei Torah, Shir HaShirim 1:3","Zohar, Bereshit 1:1-102:448",מה שושנה כו׳ אוף כנ״י כו׳
"Likkutei Torah, Shir HaShirim 1:3","Zohar, Bereshit 35:347-94:827",מה שושנה כו׳ אוף כנ״י כו׳
"Likkutei Torah, Shir HaShirim 2:4",,
"Likkutei Torah, Shir HaShirim 3:1","Zohar, Bo 5:120-129",כד קבילת דכר
"Likkutei Torah, Shir HaShirim 3:6","Zohar, Yitro 23:421-24:431",ע״פ טוב שם משמן טוב
"Likkutei Torah, Shir HaShirim 3:6","Zohar, Tzav 25:178-29:187",פי׳ שמך היינו מל׳ שבה הורק ונמשך השמן דח״ע
"Likkutei Torah, Shir HaShirim 3:6","Zohar, Terumah 31:343-353",ירותא דאבא ירתא ברתא
"Likkutei Torah, Shir HaShirim 3:6","Zohar, Emor 1:1-2:6",
"Likkutei Torah, Shir HaShirim 3:6","Zohar, Terumah 2:12-4:23",
"Likkutei Torah, Shir HaShirim 3:8",,
"Likkutei Torah, Shir HaShirim 3:9","Zohar, Tzav 25:178-29:187",
"Likkutei Torah, Shir HaShirim 3:10","Zohar, Beha'alotcha 2:5-3:13",דההוא מלה דההוא ספור לאו לאחזאה על גרמיה בלבד קא אתי אלא לאחזאה על ההוא כללא קאתי
"Likkutei Torah, Shir HaShirim 3:10","Zohar, Beha'alotcha 9:49-12:56",שפשטיות המובן מן הסיפור מעשיות שבתורה נקרא לבושא דאורייתא
"Likkutei Torah, Shir HaShirim 3:10","Zohar, Achrei Mot 47:288-49:296",תלת דרגין כו׳ וכל חד דרגא על דרגא סתים וגליא
"Likkutei Torah, Shir HaShirim 5:4",,
"Likkutei Torah, Shir HaShirim 5:14","Zohar, Vayikra 54:369-55:378",
"Likkutei Torah, Shir HaShirim 5:20","Zohar, Terumah 7:54-9:62",ולזמנין לחוור קראן ליה אוכם דכתיב כי אשה כושית לקח הלא כבני כושיים אתם לי
"Likkutei Torah, Shir HaShirim 5:21",,
"Likkutei Torah, Shir HaShirim 6:6",,
"Likkutei Torah, Shir HaShirim 8:11","Zohar, Yitro 1:1-8",אית מלך לתתא כו׳
"Likkutei Torah, Shir HaShirim 8:16","Zohar, Bereshit 22:255-24:264",אעשה לו עזר דא משנה
"Likkutei Torah, Shir HaShirim 8:19","Zohar, Bereshit 78:196-79:206",
"Likkutei Torah, Shir HaShirim 8:23",,
"Likkutei Torah, Shir HaShirim 8:11","Zohar, Bereshit 1:1-102:448",כשושנה כו׳ כן רעיתי כו׳
"Likkutei Torah, Shir HaShirim 8:11","Zohar, Bereshit 35:347-94:827",כשושנה כו׳ כן רעיתי כו׳
"Likkutei Torah, Shir HaShirim 8:24","Zohar, Shemot 1:1-52:396",איתא שהתהוות כל העולמות הוא ע״י מחשבה אחת ולכן הכל נחשב כטפה בים אוקיינוס
"Likkutei Torah, Shir HaShirim 8:24","Zohar, Shemot 7:40-47",איתא שהתהוות כל העולמות הוא ע״י מחשבה אחת ולכן הכל נחשב כטפה בים אוקיינוס
"Likkutei Torah, Shir HaShirim 8:40","Zohar, Bereshit 83:235-86:248",ועל נהורא חוורא שרייא לעילא נהורא סתימאה דאקיף ליה
"Likkutei Torah, Shir HaShirim 8:47","Zohar, Terumah 73:725-74:734",
"Likkutei Torah, Shir HaShirim 8:52",,
"Likkutei Torah, Shir HaShirim 9:7","Zohar, Vayigash 11:118-12:131",
"Likkutei Torah, Shir HaShirim 10:1","Zohar, Beha'alotcha 2:5-3:13",והוא כחתן יוצא מחופתו
"Likkutei Torah, Shir HaShirim 10:3",,
"Likkutei Torah, Shir HaShirim 10:13",,
"Likkutei Torah, Shir HaShirim 10:14","Zohar, Vayakhel 26:382-28:391",ע״פ וארח צדיקים מה בין ארח לדרך כו׳ דרך איהו פתח לכולא כו׳
"Likkutei Torah, Shir HaShirim 11:1","Zohar, Terumah 74:734-76:742",שמה שנמשך למעלה מסדר ההשתלשלות נק׳ בשם סגולה
"Likkutei Torah, Shir HaShirim 8:47","Zohar, Emor 1:1-51:340",
"Likkutei Torah, Shir HaShirim 8:47","Zohar, Emor 4:14-43:282",
"Likkutei Torah, Shir HaShirim 8:51","Zohar, Kedoshim 1:1-21:134",רב המנונא סבא כד הוה חמא ס״ת הוה קם מקמי׳ ואמר מפני שיבה תקום
"Likkutei Torah, Shir HaShirim 8:51","Zohar, Kedoshim 4:34-17:103",רב המנונא סבא כד הוה חמא ס״ת הוה קם מקמי׳ ואמר מפני שיבה תקום
"Likkutei Torah, Shir HaShirim 11:5","Zohar, Terumah 96:918-98:925",
"Likkutei Torah, Shir HaShirim 11:7",,
"Likkutei Torah, Shir HaShirim 14:2","Zohar, Terumah 76:742-77:751",כד סליק ברעותא למברי עלמא
"Likkutei Torah, Shir HaShirim 14:7",,
